Material,Carbon,Water,Waste,EIS,Risk_Level,image,predicted_class,final_output,explanation
Nylon,6.4,3000,0.8,0.3545098039215686,Medium,1207_im_2.png,Cotton,Material: Nylon | Risk: Medium | Reason: Moderate impact due to high waste production,Moderate impact due to high waste production
Nylon,6.4,3000,0.8,0.3545098039215686,Medium,461_im_2.png,Cotton,Material: Nylon | Risk: Medium | Reason: Moderate impact due to high waste production,Moderate impact due to high waste production
Nylon,6.4,3000,0.8,0.3545098039215686,Medium,1908_im_2.png,Cotton,Material: Nylon | Risk: Medium | Reason: Moderate impact due to high waste production,Moderate impact due to high waste production
Nylon,6.4,3000,0.8,0.3545098039215686,Medium,1805_im_2.png,Cotton,Material: Nylon | Risk: Medium | Reason: Moderate impact due to high waste production,Moderate impact due to high waste production
Nylon,6.4,3000,0.8,0.3545098039215686,Medium,1449_im_2.png,Cotton,Material: Nylon | Risk: Medium | Reason: Moderate impact due to high waste production,Moderate impact due to high waste production
Nylon,6.4,3000,0.8,0.3545098039215686,Medium,1214_im_2.png,Cotton,Material: Nylon | Risk: Medium | Reason: Moderate impact due to high waste production,Moderate impact due to high waste production
Nylon,6.4,3000,0.8,0.3545098039215686,Medium,1905_im_2.png,Cotton,Material: Nylon | Risk: Medium | Reason: Moderate impact due to high waste production,Moderate impact due to high waste production
Nylon,6.4,3000,0.8,0.3545098039215686,Medium,1203_im_2.png,Cotton,Material: Nylon | Risk: Medium | Reason: Moderate impact due to high waste production,Moderate impact due to high waste production
Nylon,6.4,3000,0.8,0.3545098039215686,Medium,538_im_2.png,Cotton,Material: Nylon | Risk: Medium | Reason: Moderate impact due to high waste production,Moderate impact due to high waste production
Nylon,6.4,3000,0.8,0.3545098039215686,Medium,140_im_2.png,Cotton,Material: Nylon | Risk: Medium | Reason: Moderate impact due to high waste production,Moderate impact due to high waste production
Nylon,6.4,3000,0.8,0.3545098039215686,Medium,1215_im_2.png,Cotton,Material: Nylon | Risk: Medium | Reason: Moderate impact due to high waste production,Moderate impact due to high waste production
Nylon,6.4,3000,0.8,0.3545098039215686,Medium,1441_im_2.png,Cotton,Material: Nylon | Risk: Medium | Reason: Moderate impact due to high waste production,Moderate impact due to high waste production
Nylon,6.4,3000,0.8,0.3545098039215686,Medium,1773_im_2.png,Cotton,Material: Nylon | Risk: Medium | Reason: Moderate impact due to high waste production,Moderate impact due to high waste production
Nylon,6.4,3000,0.8,0.3545098039215686,Medium,1445_im_2.png,Cotton,Material: Nylon | Risk: Medium | Reason: Moderate impact due to high waste production,Moderate impact due to high waste production
Nylon,6.4,3000,0.8,0.3545098039215686,Medium,1910_im_2.png,Cotton,Material: Nylon | Risk: Medium | Reason: Moderate impact due to high waste production,Moderate impact due to high waste production
Nylon,6.4,3000,0.8,0.3545098039215686,Medium,1779_im_2.png,Cotton,Material: Nylon | Risk: Medium | Reason: Moderate impact due to high waste production,Moderate impact due to high waste production
Nylon,6.4,3000,0.8,0.3545098039215686,Medium,1901_im_2.png,Cotton,Material: Nylon | Risk: Medium | Reason: Moderate impact due to high waste production,Moderate impact due to high waste production
Nylon,6.4,3000,0.8,0.3545098039215686,Medium,1778_im_2.png,Cotton,Material: Nylon | Risk: Medium | Reason: Moderate impact due to high waste production,Moderate impact due to high waste production
Nylon,6.4,3000,0.8,0.3545098039215686,Medium,1448_im_2.png,Cotton,Material: Nylon | Risk: Medium | Reason: Moderate impact due to high waste production,Moderate impact due to high waste production
Nylon,6.4,3000,0.8,0.3545098039215686,Medium,460_im_2.png,Cotton,Material: Nylon | Risk: Medium | Reason: Moderate impact due to high waste production,Moderate impact due to high waste production
Nylon,6.4,3000,0.8,0.3545098039215686,Medium,1919_im_2.png,Cotton,Material: Nylon | Risk: Medium | Reason: Moderate impact due to high waste production,Moderate impact due to high waste production
Nylon,6.4,3000,0.8,0.3545098039215686,Medium,1446_im_2.png,Cotton,Material: Nylon | Risk: Medium | Reason: Moderate impact due to high waste production,Moderate impact due to high waste production
Nylon,6.4,3000,0.8,0.3545098039215686,Medium,141_im_2.png,Cotton,Material: Nylon | Risk: Medium | Reason: Moderate impact due to high waste production,Moderate impact due to high waste production
Nylon,6.4,3000,0.8,0.3545098039215686,Medium,1909_im_2.png,Cotton,Material: Nylon | Risk: Medium | Reason: Moderate impact due to high waste production,Moderate impact due to high waste production
Nylon,6.4,3000,0.8,0.3545098039215686,Medium,1911_im_2.png,Cotton,Material: Nylon | Risk: Medium | Reason: Moderate impact due to high waste production,Moderate impact due to high waste production
Nylon,6.4,3000,0.8,0.3545098039215686,Medium,1447_im_2.png,Cotton,Material: Nylon | Risk: Medium | Reason: Moderate impact due to high waste production,Moderate impact due to high waste production
Nylon,6.4,3000,0.8,0.3545098039215686,Medium,1397_im_2.png,Cotton,Material: Nylon | Risk: Medium | Reason: Moderate impact due to high waste production,Moderate impact due to high waste production
Nylon,6.4,3000,0.8,0.3545098039215686,Medium,1206_im_2.png,Cotton,Material: Nylon | Risk: Medium | Reason: Moderate impact due to high waste production,Moderate impact due to high waste production
Nylon,6.4,3000,0.8,0.3545098039215686,Medium,1204_im_2.png,Cotton,Material: Nylon | Risk: Medium | Reason: Moderate impact due to high waste production,Moderate impact due to high waste production
Nylon,6.4,3000,0.8,0.3545098039215686,Medium,1780_im_2.png,Cotton,Material: Nylon | Risk: Medium | Reason: Moderate impact due to high waste production,Moderate impact due to high waste production
Nylon,6.4,3000,0.8,0.3545098039215686,Medium,1396_im_2.png,Cotton,Material: Nylon | Risk: Medium | Reason: Moderate impact due to high waste production,Moderate impact due to high waste production
Nylon,6.4,3000,0.8,0.3545098039215686,Medium,1904_im_2.png,Blended,Material: Nylon | Risk: Medium | Reason: Moderate impact due to high waste production,Moderate impact due to high waste production
Nylon,6.4,3000,0.8,0.3545098039215686,Medium,1442_im_2.png,Cotton,Material: Nylon | Risk: Medium | Reason: Moderate impact due to high waste production,Moderate impact due to high waste production
Nylon,6.4,3000,0.8,0.3545098039215686,Medium,1803_im_2.png,Cotton,Material: Nylon | Risk: Medium | Reason: Moderate impact due to high waste production,Moderate impact due to high waste production
Nylon,6.4,3000,0.8,0.3545098039215686,Medium,1920_im_2.png,Cotton,Material: Nylon | Risk: Medium | Reason: Moderate impact due to high waste production,Moderate impact due to high waste production
Nylon,6.4,3000,0.8,0.3545098039215686,Medium,1896_im_2.png,Cotton,Material: Nylon | Risk: Medium | Reason: Moderate impact due to high waste production,Moderate impact due to high waste production
Nylon,6.4,3000,0.8,0.3545098039215686,Medium,1804_im_2.png,Cotton,Material: Nylon | Risk: Medium | Reason: Moderate impact due to high waste production,Moderate impact due to high waste production
Nylon,6.4,3000,0.8,0.3545098039215686,Medium,1897_im_2.png,Cotton,Material: Nylon | Risk: Medium | Reason: Moderate impact due to high waste production,Moderate impact due to high waste production
Nylon,6.4,3000,0.8,0.3545098039215686,Medium,1898_im_2.png,Cotton,Material: Nylon | Risk: Medium | Reason: Moderate impact due to high waste production,Moderate impact due to high waste production
Nylon,6.4,3000,0.8,0.3545098039215686,Medium,1771_im_2.png,Cotton,Material: Nylon | Risk: Medium | Reason: Moderate impact due to high waste production,Moderate impact due to high waste production
Nylon,6.4,3000,0.8,0.3545098039215686,Medium,1900_im_2.png,Cotton,Material: Nylon | Risk: Medium | Reason: Moderate impact due to high waste production,Moderate impact due to high waste production
Nylon,6.4,3000,0.8,0.3545098039215686,Medium,1902_im_2.png,Cotton,Material: Nylon | Risk: Medium | Reason: Moderate impact due to high waste production,Moderate impact due to high waste production
Nylon,6.4,3000,0.8,0.3545098039215686,Medium,1907_im_2.png,Cotton,Material: Nylon | Risk: Medium | Reason: Moderate impact due to high waste production,Moderate impact due to high waste production
Nylon,6.4,3000,0.8,0.3545098039215686,Medium,1903_im_2.png,Cotton,Material: Nylon | Risk: Medium | Reason: Moderate impact due to high waste production,Moderate impact due to high waste production
Nylon,6.4,3000,0.8,0.3545098039215686,Medium,1770_im_2.png,Cotton,Material: Nylon | Risk: Medium | Reason: Moderate impact due to high waste production,Moderate impact due to high waste production
Nylon,6.4,3000,0.8,0.3545098039215686,Medium,1205_im_2.png,Cotton,Material: Nylon | Risk: Medium | Reason: Moderate impact due to high waste production,Moderate impact due to high waste production
Nylon,6.4,3000,0.8,0.3545098039215686,Medium,1814_im_2.png,Cotton,Material: Nylon | Risk: Medium | Reason: Moderate impact due to high waste production,Moderate impact due to high waste production
Nylon,6.4,3000,0.8,0.3545098039215686,Medium,1815_im_2.png,Cotton,Material: Nylon | Risk: Medium | Reason: Moderate impact due to high waste production,Moderate impact due to high waste production
Nylon,6.4,3000,0.8,0.3545098039215686,Medium,439_im_2.png,Cotton,Material: Nylon | Risk: Medium | Reason: Moderate impact due to high waste production,Moderate impact due to high waste production
Nylon,6.4,3000,0.8,0.3545098039215686,Medium,483_im_2.png,Cotton,Material: Nylon | Risk: Medium | Reason: Moderate impact due to high waste production,Moderate impact due to high waste production
Nylon,6.4,3000,0.8,0.3545098039215686,Medium,1450_im_2.png,Cotton,Material: Nylon | Risk: Medium | Reason: Moderate impact due to high waste production,Moderate impact due to high waste production
Nylon,6.4,3000,0.8,0.3545098039215686,Medium,1906_im_2.png,Cotton,Material: Nylon | Risk: Medium | Reason: Moderate impact due to high waste production,Moderate impact due to high waste production
Nylon,6.4,3000,0.8,0.3545098039215686,Medium,1443_im_2.png,Cotton,Material: Nylon | Risk: Medium | Reason: Moderate impact due to high waste production,Moderate impact due to high waste production
Nylon,6.4,3000,0.8,0.3545098039215686,Medium,1444_im_2.png,Cotton,Material: Nylon | Risk: Medium | Reason: Moderate impact due to high waste production,Moderate impact due to high waste production
Nylon,6.4,3000,0.8,0.3545098039215686,Medium,482_im_2.png,Cotton,Material: Nylon | Risk: Medium | Reason: Moderate impact due to high waste production,Moderate impact due to high waste production
Nylon,6.4,3000,0.8,0.3545098039215686,Medium,1899_im_2.png,Cotton,Material: Nylon | Risk: Medium | Reason: Moderate impact due to high waste production,Moderate impact due to high waste production
Nylon,6.4,3000,0.8,0.3545098039215686,Medium,1772_im_2.png,Cotton,Material: Nylon | Risk: Medium | Reason: Moderate impact due to high waste production,Moderate impact due to high waste production
Polyester,5.5,2700,0.7,0.3096078431372549,Low,1611_im_2.png,Cotton,Material: Polyester | Risk: Low | Reason: Overall low environmental impact,Overall low environmental impact
Polyester,5.5,2700,0.7,0.3096078431372549,Low,713_im_2.png,Cotton,Material: Polyester | Risk: Low | Reason: Overall low environmental impact,Overall low environmental impact
Polyester,5.5,2700,0.7,0.3096078431372549,Low,1610_im_2.png,Cotton,Material: Polyester | Risk: Low | Reason: Overall low environmental impact,Overall low environmental impact
Polyester,5.5,2700,0.7,0.3096078431372549,Low,1592_im_2.png,Cotton,Material: Polyester | Risk: Low | Reason: Overall low environmental impact,Overall low environmental impact
Polyester,5.5,2700,0.7,0.3096078431372549,Low,1868_im_2.png,Cotton,Material: Polyester | Risk: Low | Reason: Overall low environmental impact,Overall low environmental impact
Polyester,5.5,2700,0.7,0.3096078431372549,Low,700_im_2.png,Blended,Material: Polyester | Risk: Low | Reason: Overall low environmental impact,Overall low environmental impact
Polyester,5.5,2700,0.7,0.3096078431372549,Low,525_im_2.png,Cotton,Material: Polyester | Risk: Low | Reason: Overall low environmental impact,Overall low environmental impact
Polyester,5.5,2700,0.7,0.3096078431372549,Low,1705_im_2.png,Cotton,Material: Polyester | Risk: Low | Reason: Overall low environmental impact,Overall low environmental impact
Polyester,5.5,2700,0.7,0.3096078431372549,Low,1620_im_2.png,Blended,Material: Polyester | Risk: Low | Reason: Overall low environmental impact,Overall low environmental impact
Polyester,5.5,2700,0.7,0.3096078431372549,Low,1710_im_2.png,Cotton,Material: Polyester | Risk: Low | Reason: Overall low environmental impact,Overall low environmental impact
Polyester,5.5,2700,0.7,0.3096078431372549,Low,1856_im_2.png,Cotton,Material: Polyester | Risk: Low | Reason: Overall low environmental impact,Overall low environmental impact
Polyester,5.5,2700,0.7,0.3096078431372549,Low,1708_im_2.png,Cotton,Material: Polyester | Risk: Low | Reason: Overall low environmental impact,Overall low environmental impact
Polyester,5.5,2700,0.7,0.3096078431372549,Low,447_im_2.png,Cotton,Material: Polyester | Risk: Low | Reason: Overall low environmental impact,Overall low environmental impact
Polyester,5.5,2700,0.7,0.3096078431372549,Low,998_im_2.png,Cotton,Material: Polyester | Risk: Low | Reason: Overall low environmental impact,Overall low environmental impact
Polyester,5.5,2700,0.7,0.3096078431372549,Low,1689_im_2.png,Cotton,Material: Polyester | Risk: Low | Reason: Overall low environmental impact,Overall low environmental impact
Polyester,5.5,2700,0.7,0.3096078431372549,Low,1916_im_2.png,Cotton,Material: Polyester | Risk: Low | Reason: Overall low environmental impact,Overall low environmental impact
Polyester,5.5,2700,0.7,0.3096078431372549,Low,705_im_2.png,Cotton,Material: Polyester | Risk: Low | Reason: Overall low environmental impact,Overall low environmental impact
Polyester,5.5,2700,0.7,0.3096078431372549,Low,62_im_2.png,Cotton,Material: Polyester | Risk: Low | Reason: Overall low environmental impact,Overall low environmental impact
Polyester,5.5,2700,0.7,0.3096078431372549,Low,1709_im_2.png,Cotton,Material: Polyester | Risk: Low | Reason: Overall low environmental impact,Overall low environmental impact
Polyester,5.5,2700,0.7,0.3096078431372549,Low,1264_im_2.png,Cotton,Material: Polyester | Risk: Low | Reason: Overall low environmental impact,Overall low environmental impact
Polyester,5.5,2700,0.7,0.3096078431372549,Low,68_im_2.png,Cotton,Material: Polyester | Risk: Low | Reason: Overall low environmental impact,Overall low environmental impact
Polyester,5.5,2700,0.7,0.3096078431372549,Low,53_im_2.png,Blended,Material: Polyester | Risk: Low | Reason: Overall low environmental impact,Overall low environmental impact
Polyester,5.5,2700,0.7,0.3096078431372549,Low,36_im_2.png,Cotton,Material: Polyester | Risk: Low | Reason: Overall low environmental impact,Overall low environmental impact
Polyester,5.5,2700,0.7,0.3096078431372549,Low,1696_im_2.png,Cotton,Material: Polyester | Risk: Low | Reason: Overall low environmental impact,Overall low environmental impact
Polyester,5.5,2700,0.7,0.3096078431372549,Low,762_im_2.png,Cotton,Material: Polyester | Risk: Low | Reason: Overall low environmental impact,Overall low environmental impact
Polyester,5.5,2700,0.7,0.3096078431372549,Low,712_im_2.png,Cotton,Material: Polyester | Risk: Low | Reason: Overall low environmental impact,Overall low environmental impact
Polyester,5.5,2700,0.7,0.3096078431372549,Low,626_im_2.png,Cotton,Material: Polyester | Risk: Low | Reason: Overall low environmental impact,Overall low environmental impact
Polyester,5.5,2700,0.7,0.3096078431372549,Low,378_im_2.png,Cotton,Material: Polyester | Risk: Low | Reason: Overall low environmental impact,Overall low environmental impact
Polyester,5.5,2700,0.7,0.3096078431372549,Low,870_im_2.png,Cotton,Material: Polyester | Risk: Low | Reason: Overall low environmental impact,Overall low environmental impact
Polyester,5.5,2700,0.7,0.3096078431372549,Low,1617_im_2.png,Cotton,Material: Polyester | Risk: Low | Reason: Overall low environmental impact,Overall low environmental impact
Polyester,5.5,2700,0.7,0.3096078431372549,Low,1588_im_2.png,Cotton,Material: Polyester | Risk: Low | Reason: Overall low environmental impact,Overall low environmental impact
Polyester,5.5,2700,0.7,0.3096078431372549,Low,1650_im_2.png,Cotton,Material: Polyester | Risk: Low | Reason: Overall low environmental impact,Overall low environmental impact
Polyester,5.5,2700,0.7,0.3096078431372549,Low,1619_im_2.png,Blended,Material: Polyester | Risk: Low | Reason: Overall low environmental impact,Overall low environmental impact
Polyester,5.5,2700,0.7,0.3096078431372549,Low,1706_im_2.png,Cotton,Material: Polyester | Risk: Low | Reason: Overall low environmental impact,Overall low environmental impact
Polyester,5.5,2700,0.7,0.3096078431372549,Low,871_im_2.png,Cotton,Material: Polyester | Risk: Low | Reason: Overall low environmental impact,Overall low environmental impact
Polyester,5.5,2700,0.7,0.3096078431372549,Low,1651_im_2.png,Cotton,Material: Polyester | Risk: Low | Reason: Overall low environmental impact,Overall low environmental impact
Polyester,5.5,2700,0.7,0.3096078431372549,Low,908_im_2.png,Blended,Material: Polyester | Risk: Low | Reason: Overall low environmental impact,Overall low environmental impact
Polyester,5.5,2700,0.7,0.3096078431372549,Low,681_im_2.png,Cotton,Material: Polyester | Risk: Low | Reason: Overall low environmental impact,Overall low environmental impact
Polyester,5.5,2700,0.7,0.3096078431372549,Low,758_im_2.png,Cotton,Material: Polyester | Risk: Low | Reason: Overall low environmental impact,Overall low environmental impact
Polyester,5.5,2700,0.7,0.3096078431372549,Low,703_im_2.png,Cotton,Material: Polyester | Risk: Low | Reason: Overall low environmental impact,Overall low environmental impact
Polyester,5.5,2700,0.7,0.3096078431372549,Low,1700_im_2.png,Cotton,Material: Polyester | Risk: Low | Reason: Overall low environmental impact,Overall low environmental impact
Polyester,5.5,2700,0.7,0.3096078431372549,Low,911_im_2.png,Cotton,Material: Polyester | Risk: Low | Reason: Overall low environmental impact,Overall low environmental impact
Polyester,5.5,2700,0.7,0.3096078431372549,Low,711_im_2.png,Cotton,Material: Polyester | Risk: Low | Reason: Overall low environmental impact,Overall low environmental impact
Polyester,5.5,2700,0.7,0.3096078431372549,Low,821_im_2.png,Cotton,Material: Polyester | Risk: Low | Reason: Overall low environmental impact,Overall low environmental impact
Polyester,5.5,2700,0.7,0.3096078431372549,Low,620_im_2.png,Blended,Material: Polyester | Risk: Low | Reason: Overall low environmental impact,Overall low environmental impact
Polyester,5.5,2700,0.7,0.3096078431372549,Low,621_im_2.png,Cotton,Material: Polyester | Risk: Low | Reason: Overall low environmental impact,Overall low environmental impact
Polyester,5.5,2700,0.7,0.3096078431372549,Low,581_im_2.png,Cotton,Material: Polyester | Risk: Low | Reason: Overall low environmental impact,Overall low environmental impact
Polyester,5.5,2700,0.7,0.3096078431372549,Low,1945_im_2.png,Cotton,Material: Polyester | Risk: Low | Reason: Overall low environmental impact,Overall low environmental impact
Polyester,5.5,2700,0.7,0.3096078431372549,Low,517_im_2.png,Cotton,Material: Polyester | Risk: Low | Reason: Overall low environmental impact,Overall low environmental impact
Polyester,5.5,2700,0.7,0.3096078431372549,Low,1001_im_2.png,Cotton,Material: Polyester | Risk: Low | Reason: Overall low environmental impact,Overall low environmental impact
Polyester,5.5,2700,0.7,0.3096078431372549,Low,1855_im_2.png,Cotton,Material: Polyester | Risk: Low | Reason: Overall low environmental impact,Overall low environmental impact
Polyester,5.5,2700,0.7,0.3096078431372549,Low,1914_im_2.png,Cotton,Material: Polyester | Risk: Low | Reason: Overall low environmental impact,Overall low environmental impact
Polyester,5.5,2700,0.7,0.3096078431372549,Low,1857_im_2.png,Cotton,Material: Polyester | Risk: Low | Reason: Overall low environmental impact,Overall low environmental impact
Polyester,5.5,2700,0.7,0.3096078431372549,Low,402_im_2.png,Cotton,Material: Polyester | Risk: Low | Reason: Overall low environmental impact,Overall low environmental impact
Polyester,5.5,2700,0.7,0.3096078431372549,Low,907_im_2.png,Cotton,Material: Polyester | Risk: Low | Reason: Overall low environmental impact,Overall low environmental impact
Polyester,5.5,2700,0.7,0.3096078431372549,Low,449_im_2.png,Cotton,Material: Polyester | Risk: Low | Reason: Overall low environmental impact,Overall low environmental impact
Polyester,5.5,2700,0.7,0.3096078431372549,Low,766_im_2.png,Cotton,Material: Polyester | Risk: Low | Reason: Overall low environmental impact,Overall low environmental impact
Polyester,5.5,2700,0.7,0.3096078431372549,Low,1866_im_2.png,Cotton,Material: Polyester | Risk: Low | Reason: Overall low environmental impact,Overall low environmental impact
Polyester,5.5,2700,0.7,0.3096078431372549,Low,1576_im_2.png,Cotton,Material: Polyester | Risk: Low | Reason: Overall low environmental impact,Overall low environmental impact
Polyester,5.5,2700,0.7,0.3096078431372549,Low,258_im_2.png,Cotton,Material: Polyester | Risk: Low | Reason: Overall low environmental impact,Overall low environmental impact
Polyester,5.5,2700,0.7,0.3096078431372549,Low,710_im_2.png,Cotton,Material: Polyester | Risk: Low | Reason: Overall low environmental impact,Overall low environmental impact
Polyester,5.5,2700,0.7,0.3096078431372549,Low,872_im_2.png,Cotton,Material: Polyester | Risk: Low | Reason: Overall low environmental impact,Overall low environmental impact
Polyester,5.5,2700,0.7,0.3096078431372549,Low,1947_im_2.png,Blended,Material: Polyester | Risk: Low | Reason: Overall low environmental impact,Overall low environmental impact
Polyester,5.5,2700,0.7,0.3096078431372549,Low,665_im_2.png,Cotton,Material: Polyester | Risk: Low | Reason: Overall low environmental impact,Overall low environmental impact
Polyester,5.5,2700,0.7,0.3096078431372549,Low,1685_im_2.png,Cotton,Material: Polyester | Risk: Low | Reason: Overall low environmental impact,Overall low environmental impact
Polyester,5.5,2700,0.7,0.3096078431372549,Low,1704_im_2.png,Cotton,Material: Polyester | Risk: Low | Reason: Overall low environmental impact,Overall low environmental impact
Polyester,5.5,2700,0.7,0.3096078431372549,Low,619_im_2.png,Blended,Material: Polyester | Risk: Low | Reason: Overall low environmental impact,Overall low environmental impact
Polyester,5.5,2700,0.7,0.3096078431372549,Low,518_im_2.png,Cotton,Material: Polyester | Risk: Low | Reason: Overall low environmental impact,Overall low environmental impact
Polyester,5.5,2700,0.7,0.3096078431372549,Low,1858_im_2.png,Cotton,Material: Polyester | Risk: Low | Reason: Overall low environmental impact,Overall low environmental impact
Polyester,5.5,2700,0.7,0.3096078431372549,Low,1583_im_2.png,Cotton,Material: Polyester | Risk: Low | Reason: Overall low environmental impact,Overall low environmental impact
Polyester,5.5,2700,0.7,0.3096078431372549,Low,1699_im_2.png,Cotton,Material: Polyester | Risk: Low | Reason: Overall low environmental impact,Overall low environmental impact
Polyester,5.5,2700,0.7,0.3096078431372549,Low,582_im_2.png,Blended,Material: Polyester | Risk: Low | Reason: Overall low environmental impact,Overall low environmental impact
Polyester,5.5,2700,0.7,0.3096078431372549,Low,1646_im_2.png,Cotton,Material: Polyester | Risk: Low | Reason: Overall low environmental impact,Overall low environmental impact
Polyester,5.5,2700,0.7,0.3096078431372549,Low,679_im_2.png,Cotton,Material: Polyester | Risk: Low | Reason: Overall low environmental impact,Overall low environmental impact
Polyester,5.5,2700,0.7,0.3096078431372549,Low,67_im_2.png,Cotton,Material: Polyester | Risk: Low | Reason: Overall low environmental impact,Overall low environmental impact
Polyester,5.5,2700,0.7,0.3096078431372549,Low,1702_im_2.png,Cotton,Material: Polyester | Risk: Low | Reason: Overall low environmental impact,Overall low environmental impact
Polyester,5.5,2700,0.7,0.3096078431372549,Low,110_im_2.png,Cotton,Material: Polyester | Risk: Low | Reason: Overall low environmental impact,Overall low environmental impact
Polyester,5.5,2700,0.7,0.3096078431372549,Low,256_im_2.png,Cotton,Material: Polyester | Risk: Low | Reason: Overall low environmental impact,Overall low environmental impact
Polyester,5.5,2700,0.7,0.3096078431372549,Low,88_im_2.png,Cotton,Material: Polyester | Risk: Low | Reason: Overall low environmental impact,Overall low environmental impact
Polyester,5.5,2700,0.7,0.3096078431372549,Low,906_im_2.png,Cotton,Material: Polyester | Risk: Low | Reason: Overall low environmental impact,Overall low environmental impact
Polyester,5.5,2700,0.7,0.3096078431372549,Low,513_im_2.png,Cotton,Material: Polyester | Risk: Low | Reason: Overall low environmental impact,Overall low environmental impact
Polyester,5.5,2700,0.7,0.3096078431372549,Low,1608_im_2.png,Cotton,Material: Polyester | Risk: Low | Reason: Overall low environmental impact,Overall low environmental impact
Polyester,5.5,2700,0.7,0.3096078431372549,Low,1597_im_2.png,Cotton,Material: Polyester | Risk: Low | Reason: Overall low environmental impact,Overall low environmental impact
Polyester,5.5,2700,0.7,0.3096078431372549,Low,820_im_2.png,Cotton,Material: Polyester | Risk: Low | Reason: Overall low environmental impact,Overall low environmental impact
Polyester,5.5,2700,0.7,0.3096078431372549,Low,583_im_2.png,Denim,Material: Polyester | Risk: Low | Reason: Overall low environmental impact,Overall low environmental impact
Polyester,5.5,2700,0.7,0.3096078431372549,Low,764_im_2.png,Cotton,Material: Polyester | Risk: Low | Reason: Overall low environmental impact,Overall low environmental impact
Polyester,5.5,2700,0.7,0.3096078431372549,Low,501_im_2.png,Blended,Material: Polyester | Risk: Low | Reason: Overall low environmental impact,Overall low environmental impact
Polyester,5.5,2700,0.7,0.3096078431372549,Low,709_im_2.png,Cotton,Material: Polyester | Risk: Low | Reason: Overall low environmental impact,Overall low environmental impact
Polyester,5.5,2700,0.7,0.3096078431372549,Low,1577_im_2.png,Cotton,Material: Polyester | Risk: Low | Reason: Overall low environmental impact,Overall low environmental impact
Polyester,5.5,2700,0.7,0.3096078431372549,Low,514_im_2.png,Cotton,Material: Polyester | Risk: Low | Reason: Overall low environmental impact,Overall low environmental impact
Polyester,5.5,2700,0.7,0.3096078431372549,Low,104_im_2.png,Cotton,Material: Polyester | Risk: Low | Reason: Overall low environmental impact,Overall low environmental impact
Polyester,5.5,2700,0.7,0.3096078431372549,Low,1002_im_2.png,Cotton,Material: Polyester | Risk: Low | Reason: Overall low environmental impact,Overall low environmental impact
Polyester,5.5,2700,0.7,0.3096078431372549,Low,37_im_2.png,Denim,Material: Polyester | Risk: Low | Reason: Overall low environmental impact,Overall low environmental impact
Polyester,5.5,2700,0.7,0.3096078431372549,Low,628_im_2.png,Denim,Material: Polyester | Risk: Low | Reason: Overall low environmental impact,Overall low environmental impact
Polyester,5.5,2700,0.7,0.3096078431372549,Low,771_im_2.png,Cotton,Material: Polyester | Risk: Low | Reason: Overall low environmental impact,Overall low environmental impact
Polyester,5.5,2700,0.7,0.3096078431372549,Low,502_im_2.png,Cotton,Material: Polyester | Risk: Low | Reason: Overall low environmental impact,Overall low environmental impact
Polyester,5.5,2700,0.7,0.3096078431372549,Low,627_im_2.png,Denim,Material: Polyester | Risk: Low | Reason: Overall low environmental impact,Overall low environmental impact
Polyester,5.5,2700,0.7,0.3096078431372549,Low,763_im_2.png,Cotton,Material: Polyester | Risk: Low | Reason: Overall low environmental impact,Overall low environmental impact
Polyester,5.5,2700,0.7,0.3096078431372549,Low,1687_im_2.png,Cotton,Material: Polyester | Risk: Low | Reason: Overall low environmental impact,Overall low environmental impact
Polyester,5.5,2700,0.7,0.3096078431372549,Low,1948_im_2.png,Cotton,Material: Polyester | Risk: Low | Reason: Overall low environmental impact,Overall low environmental impact
Polyester,5.5,2700,0.7,0.3096078431372549,Low,1683_im_2.png,Blended,Material: Polyester | Risk: Low | Reason: Overall low environmental impact,Overall low environmental impact
Polyester,5.5,2700,0.7,0.3096078431372549,Low,1596_im_2.png,Cotton,Material: Polyester | Risk: Low | Reason: Overall low environmental impact,Overall low environmental impact
Polyester,5.5,2700,0.7,0.3096078431372549,Low,1589_im_2.png,Blended,Material: Polyester | Risk: Low | Reason: Overall low environmental impact,Overall low environmental impact
Polyester,5.5,2700,0.7,0.3096078431372549,Low,653_im_2.png,Cotton,Material: Polyester | Risk: Low | Reason: Overall low environmental impact,Overall low environmental impact
Polyester,5.5,2700,0.7,0.3096078431372549,Low,284_im_2.png,Cotton,Material: Polyester | Risk: Low | Reason: Overall low environmental impact,Overall low environmental impact
Polyester,5.5,2700,0.7,0.3096078431372549,Low,624_im_2.png,Cotton,Material: Polyester | Risk: Low | Reason: Overall low environmental impact,Overall low environmental impact
Polyester,5.5,2700,0.7,0.3096078431372549,Low,654_im_2.png,Blended,Material: Polyester | Risk: Low | Reason: Overall low environmental impact,Overall low environmental impact
Polyester,5.5,2700,0.7,0.3096078431372549,Low,655_im_2.png,Blended,Material: Polyester | Risk: Low | Reason: Overall low environmental impact,Overall low environmental impact
Polyester,5.5,2700,0.7,0.3096078431372549,Low,1692_im_2.png,Cotton,Material: Polyester | Risk: Low | Reason: Overall low environmental impact,Overall low environmental impact
Polyester,5.5,2700,0.7,0.3096078431372549,Low,542_im_2.png,Cotton,Material: Polyester | Risk: Low | Reason: Overall low environmental impact,Overall low environmental impact
Polyester,5.5,2700,0.7,0.3096078431372549,Low,618_im_2.png,Denim,Material: Polyester | Risk: Low | Reason: Overall low environmental impact,Overall low environmental impact
Polyester,5.5,2700,0.7,0.3096078431372549,Low,1693_im_2.png,Cotton,Material: Polyester | Risk: Low | Reason: Overall low environmental impact,Overall low environmental impact
Polyester,5.5,2700,0.7,0.3096078431372549,Low,323_im_2.png,Cotton,Material: Polyester | Risk: Low | Reason: Overall low environmental impact,Overall low environmental impact
Polyester,5.5,2700,0.7,0.3096078431372549,Low,999_im_2.png,Cotton,Material: Polyester | Risk: Low | Reason: Overall low environmental impact,Overall low environmental impact
Polyester,5.5,2700,0.7,0.3096078431372549,Low,1691_im_2.png,Cotton,Material: Polyester | Risk: Low | Reason: Overall low environmental impact,Overall low environmental impact
Polyester,5.5,2700,0.7,0.3096078431372549,Low,89_im_2.png,Cotton,Material: Polyester | Risk: Low | Reason: Overall low environmental impact,Overall low environmental impact
Polyester,5.5,2700,0.7,0.3096078431372549,Low,770_im_2.png,Cotton,Material: Polyester | Risk: Low | Reason: Overall low environmental impact,Overall low environmental impact
Polyester,5.5,2700,0.7,0.3096078431372549,Low,1593_im_2.png,Cotton,Material: Polyester | Risk: Low | Reason: Overall low environmental impact,Overall low environmental impact
Polyester,5.5,2700,0.7,0.3096078431372549,Low,1616_im_2.png,Cotton,Material: Polyester | Risk: Low | Reason: Overall low environmental impact,Overall low environmental impact
Polyester,5.5,2700,0.7,0.3096078431372549,Low,1614_im_2.png,Cotton,Material: Polyester | Risk: Low | Reason: Overall low environmental impact,Overall low environmental impact
Polyester,5.5,2700,0.7,0.3096078431372549,Low,257_im_2.png,Cotton,Material: Polyester | Risk: Low | Reason: Overall low environmental impact,Overall low environmental impact
Polyester,5.5,2700,0.7,0.3096078431372549,Low,1453_im_2.png,Cotton,Material: Polyester | Risk: Low | Reason: Overall low environmental impact,Overall low environmental impact
Polyester,5.5,2700,0.7,0.3096078431372549,Low,669_im_2.png,Cotton,Material: Polyester | Risk: Low | Reason: Overall low environmental impact,Overall low environmental impact
Polyester,5.5,2700,0.7,0.3096078431372549,Low,1594_im_2.png,Cotton,Material: Polyester | Risk: Low | Reason: Overall low environmental impact,Overall low environmental impact
Polyester,5.5,2700,0.7,0.3096078431372549,Low,910_im_2.png,Blended,Material: Polyester | Risk: Low | Reason: Overall low environmental impact,Overall low environmental impact
Polyester,5.5,2700,0.7,0.3096078431372549,Low,1595_im_2.png,Cotton,Material: Polyester | Risk: Low | Reason: Overall low environmental impact,Overall low environmental impact
Polyester,5.5,2700,0.7,0.3096078431372549,Low,767_im_2.png,Cotton,Material: Polyester | Risk: Low | Reason: Overall low environmental impact,Overall low environmental impact
Polyester,5.5,2700,0.7,0.3096078431372549,Low,617_im_2.png,Cotton,Material: Polyester | Risk: Low | Reason: Overall low environmental impact,Overall low environmental impact
Polyester,5.5,2700,0.7,0.3096078431372549,Low,753_im_2.png,Cotton,Material: Polyester | Risk: Low | Reason: Overall low environmental impact,Overall low environmental impact
Polyester,5.5,2700,0.7,0.3096078431372549,Low,448_im_2.png,Cotton,Material: Polyester | Risk: Low | Reason: Overall low environmental impact,Overall low environmental impact
Polyester,5.5,2700,0.7,0.3096078431372549,Low,1605_im_2.png,Cotton,Material: Polyester | Risk: Low | Reason: Overall low environmental impact,Overall low environmental impact
Polyester,5.5,2700,0.7,0.3096078431372549,Low,512_im_2.png,Cotton,Material: Polyester | Risk: Low | Reason: Overall low environmental impact,Overall low environmental impact
Polyester,5.5,2700,0.7,0.3096078431372549,Low,519_im_2.png,Cotton,Material: Polyester | Risk: Low | Reason: Overall low environmental impact,Overall low environmental impact
Polyester,5.5,2700,0.7,0.3096078431372549,Low,1684_im_2.png,Cotton,Material: Polyester | Risk: Low | Reason: Overall low environmental impact,Overall low environmental impact
Polyester,5.5,2700,0.7,0.3096078431372549,Low,543_im_2.png,Cotton,Material: Polyester | Risk: Low | Reason: Overall low environmental impact,Overall low environmental impact
Polyester,5.5,2700,0.7,0.3096078431372549,Low,1606_im_2.png,Cotton,Material: Polyester | Risk: Low | Reason: Overall low environmental impact,Overall low environmental impact
Polyester,5.5,2700,0.7,0.3096078431372549,Low,760_im_2.png,Cotton,Material: Polyester | Risk: Low | Reason: Overall low environmental impact,Overall low environmental impact
Polyester,5.5,2700,0.7,0.3096078431372549,Low,666_im_2.png,Cotton,Material: Polyester | Risk: Low | Reason: Overall low environmental impact,Overall low environmental impact
Polyester,5.5,2700,0.7,0.3096078431372549,Low,1682_im_2.png,Cotton,Material: Polyester | Risk: Low | Reason: Overall low environmental impact,Overall low environmental impact
Polyester,5.5,2700,0.7,0.3096078431372549,Low,757_im_2.png,Cotton,Material: Polyester | Risk: Low | Reason: Overall low environmental impact,Overall low environmental impact
Polyester,5.5,2700,0.7,0.3096078431372549,Low,103_im_2.png,Cotton,Material: Polyester | Risk: Low | Reason: Overall low environmental impact,Overall low environmental impact
Polyester,5.5,2700,0.7,0.3096078431372549,Low,707_im_2.png,Cotton,Material: Polyester | Risk: Low | Reason: Overall low environmental impact,Overall low environmental impact
Polyester,5.5,2700,0.7,0.3096078431372549,Low,704_im_2.png,Cotton,Material: Polyester | Risk: Low | Reason: Overall low environmental impact,Overall low environmental impact
Polyester,5.5,2700,0.7,0.3096078431372549,Low,1618_im_2.png,Cotton,Material: Polyester | Risk: Low | Reason: Overall low environmental impact,Overall low environmental impact
Polyester,5.5,2700,0.7,0.3096078431372549,Low,1695_im_2.png,Cotton,Material: Polyester | Risk: Low | Reason: Overall low environmental impact,Overall low environmental impact
Polyester,5.5,2700,0.7,0.3096078431372549,Low,1946_im_2.png,Cotton,Material: Polyester | Risk: Low | Reason: Overall low environmental impact,Overall low environmental impact
Polyester,5.5,2700,0.7,0.3096078431372549,Low,625_im_2.png,Denim,Material: Polyester | Risk: Low | Reason: Overall low environmental impact,Overall low environmental impact
Polyester,5.5,2700,0.7,0.3096078431372549,Low,869_im_2.png,Blended,Material: Polyester | Risk: Low | Reason: Overall low environmental impact,Overall low environmental impact
Polyester,5.5,2700,0.7,0.3096078431372549,Low,1912_im_2.png,Cotton,Material: Polyester | Risk: Low | Reason: Overall low environmental impact,Overall low environmental impact
Polyester,5.5,2700,0.7,0.3096078431372549,Low,285_im_2.png,Cotton,Material: Polyester | Risk: Low | Reason: Overall low environmental impact,Overall low environmental impact
Polyester,5.5,2700,0.7,0.3096078431372549,Low,756_im_2.png,Cotton,Material: Polyester | Risk: Low | Reason: Overall low environmental impact,Overall low environmental impact
Polyester,5.5,2700,0.7,0.3096078431372549,Low,109_im_2.png,Cotton,Material: Polyester | Risk: Low | Reason: Overall low environmental impact,Overall low environmental impact
Polyester,5.5,2700,0.7,0.3096078431372549,Low,511_im_2.png,Cotton,Material: Polyester | Risk: Low | Reason: Overall low environmental impact,Overall low environmental impact
Polyester,5.5,2700,0.7,0.3096078431372549,Low,1915_im_2.png,Cotton,Material: Polyester | Risk: Low | Reason: Overall low environmental impact,Overall low environmental impact
Polyester,5.5,2700,0.7,0.3096078431372549,Low,903_im_2.png,Cotton,Material: Polyester | Risk: Low | Reason: Overall low environmental impact,Overall low environmental impact
Polyester,5.5,2700,0.7,0.3096078431372549,Low,1652_im_2.png,Cotton,Material: Polyester | Risk: Low | Reason: Overall low environmental impact,Overall low environmental impact
Polyester,5.5,2700,0.7,0.3096078431372549,Low,759_im_2.png,Cotton,Material: Polyester | Risk: Low | Reason: Overall low environmental impact,Overall low environmental impact
Polyester,5.5,2700,0.7,0.3096078431372549,Low,1581_im_2.png,Cotton,Material: Polyester | Risk: Low | Reason: Overall low environmental impact,Overall low environmental impact
Polyester,5.5,2700,0.7,0.3096078431372549,Low,1003_im_2.png,Cotton,Material: Polyester | Risk: Low | Reason: Overall low environmental impact,Overall low environmental impact
Polyester,5.5,2700,0.7,0.3096078431372549,Low,401_im_2.png,Cotton,Material: Polyester | Risk: Low | Reason: Overall low environmental impact,Overall low environmental impact
Polyester,5.5,2700,0.7,0.3096078431372549,Low,1867_im_2.png,Cotton,Material: Polyester | Risk: Low | Reason: Overall low environmental impact,Overall low environmental impact
Polyester,5.5,2700,0.7,0.3096078431372549,Low,1607_im_2.png,Cotton,Material: Polyester | Risk: Low | Reason: Overall low environmental impact,Overall low environmental impact
Polyester,5.5,2700,0.7,0.3096078431372549,Low,708_im_2.png,Cotton,Material: Polyester | Risk: Low | Reason: Overall low environmental impact,Overall low environmental impact
Polyester,5.5,2700,0.7,0.3096078431372549,Low,629_im_2.png,Blended,Material: Polyester | Risk: Low | Reason: Overall low environmental impact,Overall low environmental impact
Polyester,5.5,2700,0.7,0.3096078431372549,Low,680_im_2.png,Cotton,Material: Polyester | Risk: Low | Reason: Overall low environmental impact,Overall low environmental impact
Polyester,5.5,2700,0.7,0.3096078431372549,Low,1649_im_2.png,Cotton,Material: Polyester | Risk: Low | Reason: Overall low environmental impact,Overall low environmental impact
Polyester,5.5,2700,0.7,0.3096078431372549,Low,772_im_2.png,Cotton,Material: Polyester | Risk: Low | Reason: Overall low environmental impact,Overall low environmental impact
Polyester,5.5,2700,0.7,0.3096078431372549,Low,1645_im_2.png,Cotton,Material: Polyester | Risk: Low | Reason: Overall low environmental impact,Overall low environmental impact
Polyester,5.5,2700,0.7,0.3096078431372549,Low,1690_im_2.png,Cotton,Material: Polyester | Risk: Low | Reason: Overall low environmental impact,Overall low environmental impact
Polyester,5.5,2700,0.7,0.3096078431372549,Low,1615_im_2.png,Cotton,Material: Polyester | Risk: Low | Reason: Overall low environmental impact,Overall low environmental impact
Polyester,5.5,2700,0.7,0.3096078431372549,Low,1586_im_2.png,Cotton,Material: Polyester | Risk: Low | Reason: Overall low environmental impact,Overall low environmental impact
Polyester,5.5,2700,0.7,0.3096078431372549,Low,1612_im_2.png,Cotton,Material: Polyester | Risk: Low | Reason: Overall low environmental impact,Overall low environmental impact
Polyester,5.5,2700,0.7,0.3096078431372549,Low,715_im_2.png,Cotton,Material: Polyester | Risk: Low | Reason: Overall low environmental impact,Overall low environmental impact
Polyester,5.5,2700,0.7,0.3096078431372549,Low,905_im_2.png,Cotton,Material: Polyester | Risk: Low | Reason: Overall low environmental impact,Overall low environmental impact
Polyester,5.5,2700,0.7,0.3096078431372549,Low,1263_im_2.png,Cotton,Material: Polyester | Risk: Low | Reason: Overall low environmental impact,Overall low environmental impact
Polyester,5.5,2700,0.7,0.3096078431372549,Low,1711_im_2.png,Cotton,Material: Polyester | Risk: Low | Reason: Overall low environmental impact,Overall low environmental impact
Polyester,5.5,2700,0.7,0.3096078431372549,Low,64_im_2.png,Cotton,Material: Polyester | Risk: Low | Reason: Overall low environmental impact,Overall low environmental impact
Polyester,5.5,2700,0.7,0.3096078431372549,Low,1952_im_2.png,Cotton,Material: Polyester | Risk: Low | Reason: Overall low environmental impact,Overall low environmental impact
Polyester,5.5,2700,0.7,0.3096078431372549,Low,1000_im_2.png,Cotton,Material: Polyester | Risk: Low | Reason: Overall low environmental impact,Overall low environmental impact
Polyester,5.5,2700,0.7,0.3096078431372549,Low,458_im_2.png,Cotton,Material: Polyester | Risk: Low | Reason: Overall low environmental impact,Overall low environmental impact
Polyester,5.5,2700,0.7,0.3096078431372549,Low,1609_im_2.png,Cotton,Material: Polyester | Risk: Low | Reason: Overall low environmental impact,Overall low environmental impact
Polyester,5.5,2700,0.7,0.3096078431372549,Low,1712_im_2.png,Cotton,Material: Polyester | Risk: Low | Reason: Overall low environmental impact,Overall low environmental impact
Polyester,5.5,2700,0.7,0.3096078431372549,Low,1587_im_2.png,Cotton,Material: Polyester | Risk: Low | Reason: Overall low environmental impact,Overall low environmental impact
Polyester,5.5,2700,0.7,0.3096078431372549,Low,1613_im_2.png,Cotton,Material: Polyester | Risk: Low | Reason: Overall low environmental impact,Overall low environmental impact
Polyester,5.5,2700,0.7,0.3096078431372549,Low,1869_im_2.png,Cotton,Material: Polyester | Risk: Low | Reason: Overall low environmental impact,Overall low environmental impact
Polyester,5.5,2700,0.7,0.3096078431372549,Low,1454_im_2.png,Cotton,Material: Polyester | Risk: Low | Reason: Overall low environmental impact,Overall low environmental impact
Polyester,5.5,2700,0.7,0.3096078431372549,Low,702_im_2.png,Blended,Material: Polyester | Risk: Low | Reason: Overall low environmental impact,Overall low environmental impact
Polyester,5.5,2700,0.7,0.3096078431372549,Low,450_im_2.png,Cotton,Material: Polyester | Risk: Low | Reason: Overall low environmental impact,Overall low environmental impact
Polyester,5.5,2700,0.7,0.3096078431372549,Low,765_im_2.png,Cotton,Material: Polyester | Risk: Low | Reason: Overall low environmental impact,Overall low environmental impact
Polyester,5.5,2700,0.7,0.3096078431372549,Low,1688_im_2.png,Cotton,Material: Polyester | Risk: Low | Reason: Overall low environmental impact,Overall low environmental impact
Polyester,5.5,2700,0.7,0.3096078431372549,Low,1681_im_2.png,Cotton,Material: Polyester | Risk: Low | Reason: Overall low environmental impact,Overall low environmental impact
Polyester,5.5,2700,0.7,0.3096078431372549,Low,524_im_2.png,Cotton,Material: Polyester | Risk: Low | Reason: Overall low environmental impact,Overall low environmental impact
Polyester,5.5,2700,0.7,0.3096078431372549,Low,1653_im_2.png,Cotton,Material: Polyester | Risk: Low | Reason: Overall low environmental impact,Overall low environmental impact
Polyester,5.5,2700,0.7,0.3096078431372549,Low,682_im_2.png,Cotton,Material: Polyester | Risk: Low | Reason: Overall low environmental impact,Overall low environmental impact
Polyester,5.5,2700,0.7,0.3096078431372549,Low,1582_im_2.png,Cotton,Material: Polyester | Risk: Low | Reason: Overall low environmental impact,Overall low environmental impact
Polyester,5.5,2700,0.7,0.3096078431372549,Low,1917_im_2.png,Cotton,Material: Polyester | Risk: Low | Reason: Overall low environmental impact,Overall low environmental impact
Polyester,5.5,2700,0.7,0.3096078431372549,Low,904_im_2.png,Cotton,Material: Polyester | Risk: Low | Reason: Overall low environmental impact,Overall low environmental impact
Polyester,5.5,2700,0.7,0.3096078431372549,Low,755_im_2.png,Cotton,Material: Polyester | Risk: Low | Reason: Overall low environmental impact,Overall low environmental impact
Polyester,5.5,2700,0.7,0.3096078431372549,Low,761_im_2.png,Cotton,Material: Polyester | Risk: Low | Reason: Overall low environmental impact,Overall low environmental impact
Polyester,5.5,2700,0.7,0.3096078431372549,Low,769_im_2.png,Cotton,Material: Polyester | Risk: Low | Reason: Overall low environmental impact,Overall low environmental impact
Polyester,5.5,2700,0.7,0.3096078431372549,Low,1703_im_2.png,Cotton,Material: Polyester | Risk: Low | Reason: Overall low environmental impact,Overall low environmental impact
Polyester,5.5,2700,0.7,0.3096078431372549,Low,622_im_2.png,Cotton,Material: Polyester | Risk: Low | Reason: Overall low environmental impact,Overall low environmental impact
Polyester,5.5,2700,0.7,0.3096078431372549,Low,768_im_2.png,Cotton,Material: Polyester | Risk: Low | Reason: Overall low environmental impact,Overall low environmental impact
Polyester,5.5,2700,0.7,0.3096078431372549,Low,1580_im_2.png,Cotton,Material: Polyester | Risk: Low | Reason: Overall low environmental impact,Overall low environmental impact
Polyester,5.5,2700,0.7,0.3096078431372549,Low,459_im_2.png,Cotton,Material: Polyester | Risk: Low | Reason: Overall low environmental impact,Overall low environmental impact
Polyester,5.5,2700,0.7,0.3096078431372549,Low,1913_im_2.png,Cotton,Material: Polyester | Risk: Low | Reason: Overall low environmental impact,Overall low environmental impact
Polyester,5.5,2700,0.7,0.3096078431372549,Low,1686_im_2.png,Cotton,Material: Polyester | Risk: Low | Reason: Overall low environmental impact,Overall low environmental impact
Polyester,5.5,2700,0.7,0.3096078431372549,Low,685_im_2.png,Cotton,Material: Polyester | Risk: Low | Reason: Overall low environmental impact,Overall low environmental impact
Polyester,5.5,2700,0.7,0.3096078431372549,Low,1865_im_2.png,Cotton,Material: Polyester | Risk: Low | Reason: Overall low environmental impact,Overall low environmental impact
Polyester,5.5,2700,0.7,0.3096078431372549,Low,714_im_2.png,Cotton,Material: Polyester | Risk: Low | Reason: Overall low environmental impact,Overall low environmental impact
Polyester,5.5,2700,0.7,0.3096078431372549,Low,623_im_2.png,Cotton,Material: Polyester | Risk: Low | Reason: Overall low environmental impact,Overall low environmental impact
Polyester,5.5,2700,0.7,0.3096078431372549,Low,322_im_2.png,Cotton,Material: Polyester | Risk: Low | Reason: Overall low environmental impact,Overall low environmental impact
Polyester,5.5,2700,0.7,0.3096078431372549,Low,56_im_2.png,Blended,Material: Polyester | Risk: Low | Reason: Overall low environmental impact,Overall low environmental impact
Polyester,5.5,2700,0.7,0.3096078431372549,Low,1701_im_2.png,Cotton,Material: Polyester | Risk: Low | Reason: Overall low environmental impact,Overall low environmental impact
Polyester,5.5,2700,0.7,0.3096078431372549,Low,1707_im_2.png,Cotton,Material: Polyester | Risk: Low | Reason: Overall low environmental impact,Overall low environmental impact
Polyester,5.5,2700,0.7,0.3096078431372549,Low,773_im_2.png,Cotton,Material: Polyester | Risk: Low | Reason: Overall low environmental impact,Overall low environmental impact
Polyester,5.5,2700,0.7,0.3096078431372549,Low,670_im_2.png,Cotton,Material: Polyester | Risk: Low | Reason: Overall low environmental impact,Overall low environmental impact
Polyester,5.5,2700,0.7,0.3096078431372549,Low,63_im_2.png,Cotton,Material: Polyester | Risk: Low | Reason: Overall low environmental impact,Overall low environmental impact
Polyester,5.5,2700,0.7,0.3096078431372549,Low,1694_im_2.png,Cotton,Material: Polyester | Risk: Low | Reason: Overall low environmental impact,Overall low environmental impact
Polyester,5.5,2700,0.7,0.3096078431372549,Low,686_im_2.png,Cotton,Material: Polyester | Risk: Low | Reason: Overall low environmental impact,Overall low environmental impact
Polyester,5.5,2700,0.7,0.3096078431372549,Low,706_im_2.png,Cotton,Material: Polyester | Risk: Low | Reason: Overall low environmental impact,Overall low environmental impact
Polyester,5.5,2700,0.7,0.3096078431372549,Low,377_im_2.png,Cotton,Material: Polyester | Risk: Low | Reason: Overall low environmental impact,Overall low environmental impact
Polyester,5.5,2700,0.7,0.3096078431372549,Low,1951_im_2.png,Cotton,Material: Polyester | Risk: Low | Reason: Overall low environmental impact,Overall low environmental impact
Polyester,5.5,2700,0.7,0.3096078431372549,Low,701_im_2.png,Cotton,Material: Polyester | Risk: Low | Reason: Overall low environmental impact,Overall low environmental impact
Polyester,5.5,2700,0.7,0.3096078431372549,Low,909_im_2.png,Blended,Material: Polyester | Risk: Low | Reason: Overall low environmental impact,Overall low environmental impact
Polyester,5.5,2700,0.7,0.3096078431372549,Low,1918_im_2.png,Cotton,Material: Polyester | Risk: Low | Reason: Overall low environmental impact,Overall low environmental impact
Satin,4.5,7000,0.4,0.3372549019607843,Medium,1029_im_2.png,Cotton,Material: Satin | Risk: Medium | Reason: Moderate impact due to high waste production,Moderate impact due to high waste production
Satin,4.5,7000,0.4,0.3372549019607843,Medium,1012_im_2.png,Cotton,Material: Satin | Risk: Medium | Reason: Moderate impact due to high waste production,Moderate impact due to high waste production
Satin,4.5,7000,0.4,0.3372549019607843,Medium,1028_im_2.png,Cotton,Material: Satin | Risk: Medium | Reason: Moderate impact due to high waste production,Moderate impact due to high waste production
Satin,4.5,7000,0.4,0.3372549019607843,Medium,1013_im_2.png,Cotton,Material: Satin | Risk: Medium | Reason: Moderate impact due to high waste production,Moderate impact due to high waste production
Satin,4.5,7000,0.4,0.3372549019607843,Medium,1016_im_2.png,Cotton,Material: Satin | Risk: Medium | Reason: Moderate impact due to high waste production,Moderate impact due to high waste production
Satin,4.5,7000,0.4,0.3372549019607843,Medium,1017_im_2.png,Cotton,Material: Satin | Risk: Medium | Reason: Moderate impact due to high waste production,Moderate impact due to high waste production
Satin,4.5,7000,0.4,0.3372549019607843,Medium,1033_im_2.png,Cotton,Material: Satin | Risk: Medium | Reason: Moderate impact due to high waste production,Moderate impact due to high waste production
Satin,4.5,7000,0.4,0.3372549019607843,Medium,1006_im_2.png,Cotton,Material: Satin | Risk: Medium | Reason: Moderate impact due to high waste production,Moderate impact due to high waste production
Satin,4.5,7000,0.4,0.3372549019607843,Medium,1010_im_2.png,Cotton,Material: Satin | Risk: Medium | Reason: Moderate impact due to high waste production,Moderate impact due to high waste production
Satin,4.5,7000,0.4,0.3372549019607843,Medium,1009_im_2.png,Cotton,Material: Satin | Risk: Medium | Reason: Moderate impact due to high waste production,Moderate impact due to high waste production
Satin,4.5,7000,0.4,0.3372549019607843,Medium,771_im_2.png,Cotton,Material: Satin | Risk: Medium | Reason: Moderate impact due to high waste production,Moderate impact due to high waste production
Satin,4.5,7000,0.4,0.3372549019607843,Medium,1031_im_2.png,Cotton,Material: Satin | Risk: Medium | Reason: Moderate impact due to high waste production,Moderate impact due to high waste production
Satin,4.5,7000,0.4,0.3372549019607843,Medium,770_im_2.png,Cotton,Material: Satin | Risk: Medium | Reason: Moderate impact due to high waste production,Moderate impact due to high waste production
Satin,4.5,7000,0.4,0.3372549019607843,Medium,1004_im_2.png,Blended,Material: Satin | Risk: Medium | Reason: Moderate impact due to high waste production,Moderate impact due to high waste production
Satin,4.5,7000,0.4,0.3372549019607843,Medium,1014_im_2.png,Cotton,Material: Satin | Risk: Medium | Reason: Moderate impact due to high waste production,Moderate impact due to high waste production
Satin,4.5,7000,0.4,0.3372549019607843,Medium,1032_im_2.png,Cotton,Material: Satin | Risk: Medium | Reason: Moderate impact due to high waste production,Moderate impact due to high waste production
Satin,4.5,7000,0.4,0.3372549019607843,Medium,1007_im_2.png,Cotton,Material: Satin | Risk: Medium | Reason: Moderate impact due to high waste production,Moderate impact due to high waste production
Satin,4.5,7000,0.4,0.3372549019607843,Medium,772_im_2.png,Cotton,Material: Satin | Risk: Medium | Reason: Moderate impact due to high waste production,Moderate impact due to high waste production
Satin,4.5,7000,0.4,0.3372549019607843,Medium,1005_im_2.png,Cotton,Material: Satin | Risk: Medium | Reason: Moderate impact due to high waste production,Moderate impact due to high waste production
Satin,4.5,7000,0.4,0.3372549019607843,Medium,1011_im_2.png,Cotton,Material: Satin | Risk: Medium | Reason: Moderate impact due to high waste production,Moderate impact due to high waste production
Satin,4.5,7000,0.4,0.3372549019607843,Medium,1008_im_2.png,Cotton,Material: Satin | Risk: Medium | Reason: Moderate impact due to high waste production,Moderate impact due to high waste production
Satin,4.5,7000,0.4,0.3372549019607843,Medium,1030_im_2.png,Cotton,Material: Satin | Risk: Medium | Reason: Moderate impact due to high waste production,Moderate impact due to high waste production
Satin,4.5,7000,0.4,0.3372549019607843,Medium,1015_im_2.png,Cotton,Material: Satin | Risk: Medium | Reason: Moderate impact due to high waste production,Moderate impact due to high waste production
Satin,4.5,7000,0.4,0.3372549019607843,Medium,773_im_2.png,Cotton,Material: Satin | Risk: Medium | Reason: Moderate impact due to high waste production,Moderate impact due to high waste production
Denim,2.1,10000,0.5,0.3680392156862745,High,1353_im_2.png,Denim,"Material: Denim | Risk: High | Reason: High impact due to high water usage, high waste production","High impact due to high water usage, high waste production"
Denim,2.1,10000,0.5,0.3680392156862745,High,1337_im_2.png,Denim,"Material: Denim | Risk: High | Reason: High impact due to high water usage, high waste production","High impact due to high water usage, high waste production"
Denim,2.1,10000,0.5,0.3680392156862745,High,1055_im_2.png,Blended,"Material: Denim | Risk: High | Reason: High impact due to high water usage, high waste production","High impact due to high water usage, high waste production"
Denim,2.1,10000,0.5,0.3680392156862745,High,1248_im_2.png,Cotton,"Material: Denim | Risk: High | Reason: High impact due to high water usage, high waste production","High impact due to high water usage, high waste production"
Denim,2.1,10000,0.5,0.3680392156862745,High,1252_im_2.png,Cotton,"Material: Denim | Risk: High | Reason: High impact due to high water usage, high waste production","High impact due to high water usage, high waste production"
Denim,2.1,10000,0.5,0.3680392156862745,High,1041_im_2.png,Cotton,"Material: Denim | Risk: High | Reason: High impact due to high water usage, high waste production","High impact due to high water usage, high waste production"
Denim,2.1,10000,0.5,0.3680392156862745,High,1335_im_2.png,Denim,"Material: Denim | Risk: High | Reason: High impact due to high water usage, high waste production","High impact due to high water usage, high waste production"
Denim,2.1,10000,0.5,0.3680392156862745,High,1118_im_2.png,Cotton,"Material: Denim | Risk: High | Reason: High impact due to high water usage, high waste production","High impact due to high water usage, high waste production"
Denim,2.1,10000,0.5,0.3680392156862745,High,1117_im_2.png,Cotton,"Material: Denim | Risk: High | Reason: High impact due to high water usage, high waste production","High impact due to high water usage, high waste production"
Denim,2.1,10000,0.5,0.3680392156862745,High,1339_im_2.png,Denim,"Material: Denim | Risk: High | Reason: High impact due to high water usage, high waste production","High impact due to high water usage, high waste production"
Denim,2.1,10000,0.5,0.3680392156862745,High,1081_im_2.png,Denim,"Material: Denim | Risk: High | Reason: High impact due to high water usage, high waste production","High impact due to high water usage, high waste production"
Denim,2.1,10000,0.5,0.3680392156862745,High,1402_im_2.png,Denim,"Material: Denim | Risk: High | Reason: High impact due to high water usage, high waste production","High impact due to high water usage, high waste production"
Denim,2.1,10000,0.5,0.3680392156862745,High,1332_im_2.png,Denim,"Material: Denim | Risk: High | Reason: High impact due to high water usage, high waste production","High impact due to high water usage, high waste production"
Denim,2.1,10000,0.5,0.3680392156862745,High,1249_im_2.png,Denim,"Material: Denim | Risk: High | Reason: High impact due to high water usage, high waste production","High impact due to high water usage, high waste production"
Denim,2.1,10000,0.5,0.3680392156862745,High,1314_im_2.png,Denim,"Material: Denim | Risk: High | Reason: High impact due to high water usage, high waste production","High impact due to high water usage, high waste production"
Denim,2.1,10000,0.5,0.3680392156862745,High,1085_im_2.png,Cotton,"Material: Denim | Risk: High | Reason: High impact due to high water usage, high waste production","High impact due to high water usage, high waste production"
Denim,2.1,10000,0.5,0.3680392156862745,High,1077_im_2.png,Cotton,"Material: Denim | Risk: High | Reason: High impact due to high water usage, high waste production","High impact due to high water usage, high waste production"
Denim,2.1,10000,0.5,0.3680392156862745,High,1074_im_2.png,Denim,"Material: Denim | Risk: High | Reason: High impact due to high water usage, high waste production","High impact due to high water usage, high waste production"
Denim,2.1,10000,0.5,0.3680392156862745,High,1316_im_2.png,Denim,"Material: Denim | Risk: High | Reason: High impact due to high water usage, high waste production","High impact due to high water usage, high waste production"
Denim,2.1,10000,0.5,0.3680392156862745,High,515_im_2.png,Denim,"Material: Denim | Risk: High | Reason: High impact due to high water usage, high waste production","High impact due to high water usage, high waste production"
Denim,2.1,10000,0.5,0.3680392156862745,High,1071_im_2.png,Blended,"Material: Denim | Risk: High | Reason: High impact due to high water usage, high waste production","High impact due to high water usage, high waste production"
Denim,2.1,10000,0.5,0.3680392156862745,High,1320_im_2.png,Denim,"Material: Denim | Risk: High | Reason: High impact due to high water usage, high waste production","High impact due to high water usage, high waste production"
Denim,2.1,10000,0.5,0.3680392156862745,High,1325_im_2.png,Denim,"Material: Denim | Risk: High | Reason: High impact due to high water usage, high waste production","High impact due to high water usage, high waste production"
Denim,2.1,10000,0.5,0.3680392156862745,High,1303_im_2.png,Denim,"Material: Denim | Risk: High | Reason: High impact due to high water usage, high waste production","High impact due to high water usage, high waste production"
Denim,2.1,10000,0.5,0.3680392156862745,High,1289_im_2.png,Denim,"Material: Denim | Risk: High | Reason: High impact due to high water usage, high waste production","High impact due to high water usage, high waste production"
Denim,2.1,10000,0.5,0.3680392156862745,High,1064_im_2.png,Blended,"Material: Denim | Risk: High | Reason: High impact due to high water usage, high waste production","High impact due to high water usage, high waste production"
Denim,2.1,10000,0.5,0.3680392156862745,High,1246_im_2.png,Cotton,"Material: Denim | Risk: High | Reason: High impact due to high water usage, high waste production","High impact due to high water usage, high waste production"
Denim,2.1,10000,0.5,0.3680392156862745,High,1259_im_2.png,Cotton,"Material: Denim | Risk: High | Reason: High impact due to high water usage, high waste production","High impact due to high water usage, high waste production"
Denim,2.1,10000,0.5,0.3680392156862745,High,1080_im_2.png,Cotton,"Material: Denim | Risk: High | Reason: High impact due to high water usage, high waste production","High impact due to high water usage, high waste production"
Denim,2.1,10000,0.5,0.3680392156862745,High,1063_im_2.png,Denim,"Material: Denim | Risk: High | Reason: High impact due to high water usage, high waste production","High impact due to high water usage, high waste production"
Denim,2.1,10000,0.5,0.3680392156862745,High,1060_im_2.png,Blended,"Material: Denim | Risk: High | Reason: High impact due to high water usage, high waste production","High impact due to high water usage, high waste production"
Denim,2.1,10000,0.5,0.3680392156862745,High,1120_im_2.png,Denim,"Material: Denim | Risk: High | Reason: High impact due to high water usage, high waste production","High impact due to high water usage, high waste production"
Denim,2.1,10000,0.5,0.3680392156862745,High,1083_im_2.png,Blended,"Material: Denim | Risk: High | Reason: High impact due to high water usage, high waste production","High impact due to high water usage, high waste production"
Denim,2.1,10000,0.5,0.3680392156862745,High,1308_im_2.png,Cotton,"Material: Denim | Risk: High | Reason: High impact due to high water usage, high waste production","High impact due to high water usage, high waste production"
Denim,2.1,10000,0.5,0.3680392156862745,High,433_im_2.png,Denim,"Material: Denim | Risk: High | Reason: High impact due to high water usage, high waste production","High impact due to high water usage, high waste production"
Denim,2.1,10000,0.5,0.3680392156862745,High,1342_im_2.png,Denim,"Material: Denim | Risk: High | Reason: High impact due to high water usage, high waste production","High impact due to high water usage, high waste production"
Denim,2.1,10000,0.5,0.3680392156862745,High,300_im_2.png,Denim,"Material: Denim | Risk: High | Reason: High impact due to high water usage, high waste production","High impact due to high water usage, high waste production"
Denim,2.1,10000,0.5,0.3680392156862745,High,1138_im_2.png,Cotton,"Material: Denim | Risk: High | Reason: High impact due to high water usage, high waste production","High impact due to high water usage, high waste production"
Denim,2.1,10000,0.5,0.3680392156862745,High,1059_im_2.png,Cotton,"Material: Denim | Risk: High | Reason: High impact due to high water usage, high waste production","High impact due to high water usage, high waste production"
Denim,2.1,10000,0.5,0.3680392156862745,High,1345_im_2.png,Denim,"Material: Denim | Risk: High | Reason: High impact due to high water usage, high waste production","High impact due to high water usage, high waste production"
Denim,2.1,10000,0.5,0.3680392156862745,High,1253_im_2.png,Cotton,"Material: Denim | Risk: High | Reason: High impact due to high water usage, high waste production","High impact due to high water usage, high waste production"
Denim,2.1,10000,0.5,0.3680392156862745,High,1310_im_2.png,Denim,"Material: Denim | Risk: High | Reason: High impact due to high water usage, high waste production","High impact due to high water usage, high waste production"
Denim,2.1,10000,0.5,0.3680392156862745,High,1119_im_2.png,Denim,"Material: Denim | Risk: High | Reason: High impact due to high water usage, high waste production","High impact due to high water usage, high waste production"
Denim,2.1,10000,0.5,0.3680392156862745,High,1328_im_2.png,Denim,"Material: Denim | Risk: High | Reason: High impact due to high water usage, high waste production","High impact due to high water usage, high waste production"
Denim,2.1,10000,0.5,0.3680392156862745,High,1046_im_2.png,Cotton,"Material: Denim | Risk: High | Reason: High impact due to high water usage, high waste production","High impact due to high water usage, high waste production"
Denim,2.1,10000,0.5,0.3680392156862745,High,1058_im_2.png,Cotton,"Material: Denim | Risk: High | Reason: High impact due to high water usage, high waste production","High impact due to high water usage, high waste production"
Denim,2.1,10000,0.5,0.3680392156862745,High,420_im_2.png,Denim,"Material: Denim | Risk: High | Reason: High impact due to high water usage, high waste production","High impact due to high water usage, high waste production"
Denim,2.1,10000,0.5,0.3680392156862745,High,1287_im_2.png,Denim,"Material: Denim | Risk: High | Reason: High impact due to high water usage, high waste production","High impact due to high water usage, high waste production"
Denim,2.1,10000,0.5,0.3680392156862745,High,1068_im_2.png,Blended,"Material: Denim | Risk: High | Reason: High impact due to high water usage, high waste production","High impact due to high water usage, high waste production"
Denim,2.1,10000,0.5,0.3680392156862745,High,1052_im_2.png,Denim,"Material: Denim | Risk: High | Reason: High impact due to high water usage, high waste production","High impact due to high water usage, high waste production"
Denim,2.1,10000,0.5,0.3680392156862745,High,1135_im_2.png,Cotton,"Material: Denim | Risk: High | Reason: High impact due to high water usage, high waste production","High impact due to high water usage, high waste production"
Denim,2.1,10000,0.5,0.3680392156862745,High,1254_im_2.png,Cotton,"Material: Denim | Risk: High | Reason: High impact due to high water usage, high waste production","High impact due to high water usage, high waste production"
Denim,2.1,10000,0.5,0.3680392156862745,High,1044_im_2.png,Cotton,"Material: Denim | Risk: High | Reason: High impact due to high water usage, high waste production","High impact due to high water usage, high waste production"
Denim,2.1,10000,0.5,0.3680392156862745,High,1330_im_2.png,Denim,"Material: Denim | Risk: High | Reason: High impact due to high water usage, high waste production","High impact due to high water usage, high waste production"
Denim,2.1,10000,0.5,0.3680392156862745,High,1043_im_2.png,Blended,"Material: Denim | Risk: High | Reason: High impact due to high water usage, high waste production","High impact due to high water usage, high waste production"
Denim,2.1,10000,0.5,0.3680392156862745,High,1056_im_2.png,Denim,"Material: Denim | Risk: High | Reason: High impact due to high water usage, high waste production","High impact due to high water usage, high waste production"
Denim,2.1,10000,0.5,0.3680392156862745,High,1315_im_2.png,Denim,"Material: Denim | Risk: High | Reason: High impact due to high water usage, high waste production","High impact due to high water usage, high waste production"
Denim,2.1,10000,0.5,0.3680392156862745,High,1333_im_2.png,Denim,"Material: Denim | Risk: High | Reason: High impact due to high water usage, high waste production","High impact due to high water usage, high waste production"
Denim,2.1,10000,0.5,0.3680392156862745,High,1234_im_2.png,Cotton,"Material: Denim | Risk: High | Reason: High impact due to high water usage, high waste production","High impact due to high water usage, high waste production"
Denim,2.1,10000,0.5,0.3680392156862745,High,1278_im_2.png,Cotton,"Material: Denim | Risk: High | Reason: High impact due to high water usage, high waste production","High impact due to high water usage, high waste production"
Denim,2.1,10000,0.5,0.3680392156862745,High,1311_im_2.png,Denim,"Material: Denim | Risk: High | Reason: High impact due to high water usage, high waste production","High impact due to high water usage, high waste production"
Denim,2.1,10000,0.5,0.3680392156862745,High,152_im_2.png,Denim,"Material: Denim | Risk: High | Reason: High impact due to high water usage, high waste production","High impact due to high water usage, high waste production"
Denim,2.1,10000,0.5,0.3680392156862745,High,1343_im_2.png,Denim,"Material: Denim | Risk: High | Reason: High impact due to high water usage, high waste production","High impact due to high water usage, high waste production"
Denim,2.1,10000,0.5,0.3680392156862745,High,1053_im_2.png,Blended,"Material: Denim | Risk: High | Reason: High impact due to high water usage, high waste production","High impact due to high water usage, high waste production"
Denim,2.1,10000,0.5,0.3680392156862745,High,1306_im_2.png,Denim,"Material: Denim | Risk: High | Reason: High impact due to high water usage, high waste production","High impact due to high water usage, high waste production"
Denim,2.1,10000,0.5,0.3680392156862745,High,1319_im_2.png,Denim,"Material: Denim | Risk: High | Reason: High impact due to high water usage, high waste production","High impact due to high water usage, high waste production"
Denim,2.1,10000,0.5,0.3680392156862745,High,1276_im_2.png,Denim,"Material: Denim | Risk: High | Reason: High impact due to high water usage, high waste production","High impact due to high water usage, high waste production"
Denim,2.1,10000,0.5,0.3680392156862745,High,1050_im_2.png,Cotton,"Material: Denim | Risk: High | Reason: High impact due to high water usage, high waste production","High impact due to high water usage, high waste production"
Denim,2.1,10000,0.5,0.3680392156862745,High,1070_im_2.png,Blended,"Material: Denim | Risk: High | Reason: High impact due to high water usage, high waste production","High impact due to high water usage, high waste production"
Denim,2.1,10000,0.5,0.3680392156862745,High,1062_im_2.png,Blended,"Material: Denim | Risk: High | Reason: High impact due to high water usage, high waste production","High impact due to high water usage, high waste production"
Denim,2.1,10000,0.5,0.3680392156862745,High,1256_im_2.png,Cotton,"Material: Denim | Risk: High | Reason: High impact due to high water usage, high waste production","High impact due to high water usage, high waste production"
Denim,2.1,10000,0.5,0.3680392156862745,High,1351_im_2.png,Denim,"Material: Denim | Risk: High | Reason: High impact due to high water usage, high waste production","High impact due to high water usage, high waste production"
Denim,2.1,10000,0.5,0.3680392156862745,High,1347_im_2.png,Denim,"Material: Denim | Risk: High | Reason: High impact due to high water usage, high waste production","High impact due to high water usage, high waste production"
Denim,2.1,10000,0.5,0.3680392156862745,High,1322_im_2.png,Cotton,"Material: Denim | Risk: High | Reason: High impact due to high water usage, high waste production","High impact due to high water usage, high waste production"
Denim,2.1,10000,0.5,0.3680392156862745,High,431_im_2.png,Denim,"Material: Denim | Risk: High | Reason: High impact due to high water usage, high waste production","High impact due to high water usage, high waste production"
Denim,2.1,10000,0.5,0.3680392156862745,High,1327_im_2.png,Denim,"Material: Denim | Risk: High | Reason: High impact due to high water usage, high waste production","High impact due to high water usage, high waste production"
Denim,2.1,10000,0.5,0.3680392156862745,High,1247_im_2.png,Cotton,"Material: Denim | Risk: High | Reason: High impact due to high water usage, high waste production","High impact due to high water usage, high waste production"
Denim,2.1,10000,0.5,0.3680392156862745,High,429_im_2.png,Cotton,"Material: Denim | Risk: High | Reason: High impact due to high water usage, high waste production","High impact due to high water usage, high waste production"
Denim,2.1,10000,0.5,0.3680392156862745,High,1326_im_2.png,Denim,"Material: Denim | Risk: High | Reason: High impact due to high water usage, high waste production","High impact due to high water usage, high waste production"
Denim,2.1,10000,0.5,0.3680392156862745,High,1191_im_2.png,Cotton,"Material: Denim | Risk: High | Reason: High impact due to high water usage, high waste production","High impact due to high water usage, high waste production"
Denim,2.1,10000,0.5,0.3680392156862745,High,1250_im_2.png,Denim,"Material: Denim | Risk: High | Reason: High impact due to high water usage, high waste production","High impact due to high water usage, high waste production"
Denim,2.1,10000,0.5,0.3680392156862745,High,1300_im_2.png,Blended,"Material: Denim | Risk: High | Reason: High impact due to high water usage, high waste production","High impact due to high water usage, high waste production"
Denim,2.1,10000,0.5,0.3680392156862745,High,1075_im_2.png,Cotton,"Material: Denim | Risk: High | Reason: High impact due to high water usage, high waste production","High impact due to high water usage, high waste production"
Denim,2.1,10000,0.5,0.3680392156862745,High,1288_im_2.png,Denim,"Material: Denim | Risk: High | Reason: High impact due to high water usage, high waste production","High impact due to high water usage, high waste production"
Denim,2.1,10000,0.5,0.3680392156862745,High,1051_im_2.png,Denim,"Material: Denim | Risk: High | Reason: High impact due to high water usage, high waste production","High impact due to high water usage, high waste production"
Denim,2.1,10000,0.5,0.3680392156862745,High,1082_im_2.png,Cotton,"Material: Denim | Risk: High | Reason: High impact due to high water usage, high waste production","High impact due to high water usage, high waste production"
Denim,2.1,10000,0.5,0.3680392156862745,High,1192_im_2.png,Cotton,"Material: Denim | Risk: High | Reason: High impact due to high water usage, high waste production","High impact due to high water usage, high waste production"
Denim,2.1,10000,0.5,0.3680392156862745,High,1079_im_2.png,Cotton,"Material: Denim | Risk: High | Reason: High impact due to high water usage, high waste production","High impact due to high water usage, high waste production"
Denim,2.1,10000,0.5,0.3680392156862745,High,1_im_2.png,Denim,"Material: Denim | Risk: High | Reason: High impact due to high water usage, high waste production","High impact due to high water usage, high waste production"
Denim,2.1,10000,0.5,0.3680392156862745,High,421_im_2.png,Denim,"Material: Denim | Risk: High | Reason: High impact due to high water usage, high waste production","High impact due to high water usage, high waste production"
Denim,2.1,10000,0.5,0.3680392156862745,High,1069_im_2.png,Blended,"Material: Denim | Risk: High | Reason: High impact due to high water usage, high waste production","High impact due to high water usage, high waste production"
Denim,2.1,10000,0.5,0.3680392156862745,High,1301_im_2.png,Cotton,"Material: Denim | Risk: High | Reason: High impact due to high water usage, high waste production","High impact due to high water usage, high waste production"
Denim,2.1,10000,0.5,0.3680392156862745,High,1329_im_2.png,Denim,"Material: Denim | Risk: High | Reason: High impact due to high water usage, high waste production","High impact due to high water usage, high waste production"
Denim,2.1,10000,0.5,0.3680392156862745,High,1324_im_2.png,Denim,"Material: Denim | Risk: High | Reason: High impact due to high water usage, high waste production","High impact due to high water usage, high waste production"
Denim,2.1,10000,0.5,0.3680392156862745,High,1047_im_2.png,Denim,"Material: Denim | Risk: High | Reason: High impact due to high water usage, high waste production","High impact due to high water usage, high waste production"
Denim,2.1,10000,0.5,0.3680392156862745,High,1317_im_2.png,Denim,"Material: Denim | Risk: High | Reason: High impact due to high water usage, high waste production","High impact due to high water usage, high waste production"
Denim,2.1,10000,0.5,0.3680392156862745,High,1057_im_2.png,Cotton,"Material: Denim | Risk: High | Reason: High impact due to high water usage, high waste production","High impact due to high water usage, high waste production"
Denim,2.1,10000,0.5,0.3680392156862745,High,1336_im_2.png,Denim,"Material: Denim | Risk: High | Reason: High impact due to high water usage, high waste production","High impact due to high water usage, high waste production"
Denim,2.1,10000,0.5,0.3680392156862745,High,1321_im_2.png,Denim,"Material: Denim | Risk: High | Reason: High impact due to high water usage, high waste production","High impact due to high water usage, high waste production"
Denim,2.1,10000,0.5,0.3680392156862745,High,1331_im_2.png,Denim,"Material: Denim | Risk: High | Reason: High impact due to high water usage, high waste production","High impact due to high water usage, high waste production"
Denim,2.1,10000,0.5,0.3680392156862745,High,424_im_2.png,Denim,"Material: Denim | Risk: High | Reason: High impact due to high water usage, high waste production","High impact due to high water usage, high waste production"
Denim,2.1,10000,0.5,0.3680392156862745,High,1350_im_2.png,Denim,"Material: Denim | Risk: High | Reason: High impact due to high water usage, high waste production","High impact due to high water usage, high waste production"
Denim,2.1,10000,0.5,0.3680392156862745,High,1084_im_2.png,Blended,"Material: Denim | Risk: High | Reason: High impact due to high water usage, high waste production","High impact due to high water usage, high waste production"
Denim,2.1,10000,0.5,0.3680392156862745,High,1305_im_2.png,Denim,"Material: Denim | Risk: High | Reason: High impact due to high water usage, high waste production","High impact due to high water usage, high waste production"
Denim,2.1,10000,0.5,0.3680392156862745,High,1190_im_2.png,Denim,"Material: Denim | Risk: High | Reason: High impact due to high water usage, high waste production","High impact due to high water usage, high waste production"
Denim,2.1,10000,0.5,0.3680392156862745,High,1355_im_2.png,Denim,"Material: Denim | Risk: High | Reason: High impact due to high water usage, high waste production","High impact due to high water usage, high waste production"
Denim,2.1,10000,0.5,0.3680392156862745,High,1349_im_2.png,Denim,"Material: Denim | Risk: High | Reason: High impact due to high water usage, high waste production","High impact due to high water usage, high waste production"
Denim,2.1,10000,0.5,0.3680392156862745,High,225_im_2.png,Denim,"Material: Denim | Risk: High | Reason: High impact due to high water usage, high waste production","High impact due to high water usage, high waste production"
Denim,2.1,10000,0.5,0.3680392156862745,High,1086_im_2.png,Cotton,"Material: Denim | Risk: High | Reason: High impact due to high water usage, high waste production","High impact due to high water usage, high waste production"
Denim,2.1,10000,0.5,0.3680392156862745,High,1307_im_2.png,Denim,"Material: Denim | Risk: High | Reason: High impact due to high water usage, high waste production","High impact due to high water usage, high waste production"
Denim,2.1,10000,0.5,0.3680392156862745,High,1277_im_2.png,Denim,"Material: Denim | Risk: High | Reason: High impact due to high water usage, high waste production","High impact due to high water usage, high waste production"
Denim,2.1,10000,0.5,0.3680392156862745,High,516_im_2.png,Denim,"Material: Denim | Risk: High | Reason: High impact due to high water usage, high waste production","High impact due to high water usage, high waste production"
Denim,2.1,10000,0.5,0.3680392156862745,High,1255_im_2.png,Cotton,"Material: Denim | Risk: High | Reason: High impact due to high water usage, high waste production","High impact due to high water usage, high waste production"
Denim,2.1,10000,0.5,0.3680392156862745,High,1279_im_2.png,Cotton,"Material: Denim | Risk: High | Reason: High impact due to high water usage, high waste production","High impact due to high water usage, high waste production"
Denim,2.1,10000,0.5,0.3680392156862745,High,1313_im_2.png,Denim,"Material: Denim | Risk: High | Reason: High impact due to high water usage, high waste production","High impact due to high water usage, high waste production"
Denim,2.1,10000,0.5,0.3680392156862745,High,1042_im_2.png,Cotton,"Material: Denim | Risk: High | Reason: High impact due to high water usage, high waste production","High impact due to high water usage, high waste production"
Denim,2.1,10000,0.5,0.3680392156862745,High,1354_im_2.png,Denim,"Material: Denim | Risk: High | Reason: High impact due to high water usage, high waste production","High impact due to high water usage, high waste production"
Denim,2.1,10000,0.5,0.3680392156862745,High,1087_im_2.png,Cotton,"Material: Denim | Risk: High | Reason: High impact due to high water usage, high waste production","High impact due to high water usage, high waste production"
Denim,2.1,10000,0.5,0.3680392156862745,High,1251_im_2.png,Cotton,"Material: Denim | Risk: High | Reason: High impact due to high water usage, high waste production","High impact due to high water usage, high waste production"
Denim,2.1,10000,0.5,0.3680392156862745,High,1304_im_2.png,Denim,"Material: Denim | Risk: High | Reason: High impact due to high water usage, high waste production","High impact due to high water usage, high waste production"
Denim,2.1,10000,0.5,0.3680392156862745,High,15_im_2.png,Denim,"Material: Denim | Risk: High | Reason: High impact due to high water usage, high waste production","High impact due to high water usage, high waste production"
Denim,2.1,10000,0.5,0.3680392156862745,High,1045_im_2.png,Cotton,"Material: Denim | Risk: High | Reason: High impact due to high water usage, high waste production","High impact due to high water usage, high waste production"
Denim,2.1,10000,0.5,0.3680392156862745,High,1344_im_2.png,Denim,"Material: Denim | Risk: High | Reason: High impact due to high water usage, high waste production","High impact due to high water usage, high waste production"
Denim,2.1,10000,0.5,0.3680392156862745,High,432_im_2.png,Denim,"Material: Denim | Risk: High | Reason: High impact due to high water usage, high waste production","High impact due to high water usage, high waste production"
Denim,2.1,10000,0.5,0.3680392156862745,High,1334_im_2.png,Cotton,"Material: Denim | Risk: High | Reason: High impact due to high water usage, high waste production","High impact due to high water usage, high waste production"
Denim,2.1,10000,0.5,0.3680392156862745,High,1136_im_2.png,Cotton,"Material: Denim | Risk: High | Reason: High impact due to high water usage, high waste production","High impact due to high water usage, high waste production"
Denim,2.1,10000,0.5,0.3680392156862745,High,1260_im_2.png,Cotton,"Material: Denim | Risk: High | Reason: High impact due to high water usage, high waste production","High impact due to high water usage, high waste production"
Denim,2.1,10000,0.5,0.3680392156862745,High,1054_im_2.png,Cotton,"Material: Denim | Risk: High | Reason: High impact due to high water usage, high waste production","High impact due to high water usage, high waste production"
Denim,2.1,10000,0.5,0.3680392156862745,High,1067_im_2.png,Cotton,"Material: Denim | Risk: High | Reason: High impact due to high water usage, high waste production","High impact due to high water usage, high waste production"
Denim,2.1,10000,0.5,0.3680392156862745,High,1340_im_2.png,Denim,"Material: Denim | Risk: High | Reason: High impact due to high water usage, high waste production","High impact due to high water usage, high waste production"
Denim,2.1,10000,0.5,0.3680392156862745,High,430_im_2.png,Blended,"Material: Denim | Risk: High | Reason: High impact due to high water usage, high waste production","High impact due to high water usage, high waste production"
Denim,2.1,10000,0.5,0.3680392156862745,High,12_im_2.png,Denim,"Material: Denim | Risk: High | Reason: High impact due to high water usage, high waste production","High impact due to high water usage, high waste production"
Denim,2.1,10000,0.5,0.3680392156862745,High,1040_im_2.png,Cotton,"Material: Denim | Risk: High | Reason: High impact due to high water usage, high waste production","High impact due to high water usage, high waste production"
Denim,2.1,10000,0.5,0.3680392156862745,High,1073_im_2.png,Denim,"Material: Denim | Risk: High | Reason: High impact due to high water usage, high waste production","High impact due to high water usage, high waste production"
Denim,2.1,10000,0.5,0.3680392156862745,High,1348_im_2.png,Denim,"Material: Denim | Risk: High | Reason: High impact due to high water usage, high waste production","High impact due to high water usage, high waste production"
Denim,2.1,10000,0.5,0.3680392156862745,High,1235_im_2.png,Denim,"Material: Denim | Risk: High | Reason: High impact due to high water usage, high waste production","High impact due to high water usage, high waste production"
Denim,2.1,10000,0.5,0.3680392156862745,High,151_im_2.png,Denim,"Material: Denim | Risk: High | Reason: High impact due to high water usage, high waste production","High impact due to high water usage, high waste production"
Denim,2.1,10000,0.5,0.3680392156862745,High,1048_im_2.png,Cotton,"Material: Denim | Risk: High | Reason: High impact due to high water usage, high waste production","High impact due to high water usage, high waste production"
Denim,2.1,10000,0.5,0.3680392156862745,High,1341_im_2.png,Cotton,"Material: Denim | Risk: High | Reason: High impact due to high water usage, high waste production","High impact due to high water usage, high waste production"
Denim,2.1,10000,0.5,0.3680392156862745,High,1318_im_2.png,Denim,"Material: Denim | Risk: High | Reason: High impact due to high water usage, high waste production","High impact due to high water usage, high waste production"
Denim,2.1,10000,0.5,0.3680392156862745,High,1309_im_2.png,Denim,"Material: Denim | Risk: High | Reason: High impact due to high water usage, high waste production","High impact due to high water usage, high waste production"
Denim,2.1,10000,0.5,0.3680392156862745,High,1352_im_2.png,Denim,"Material: Denim | Risk: High | Reason: High impact due to high water usage, high waste production","High impact due to high water usage, high waste production"
Denim,2.1,10000,0.5,0.3680392156862745,High,1065_im_2.png,Blended,"Material: Denim | Risk: High | Reason: High impact due to high water usage, high waste production","High impact due to high water usage, high waste production"
Denim,2.1,10000,0.5,0.3680392156862745,High,1346_im_2.png,Denim,"Material: Denim | Risk: High | Reason: High impact due to high water usage, high waste production","High impact due to high water usage, high waste production"
Denim,2.1,10000,0.5,0.3680392156862745,High,1078_im_2.png,Denim,"Material: Denim | Risk: High | Reason: High impact due to high water usage, high waste production","High impact due to high water usage, high waste production"
Denim,2.1,10000,0.5,0.3680392156862745,High,1323_im_2.png,Cotton,"Material: Denim | Risk: High | Reason: High impact due to high water usage, high waste production","High impact due to high water usage, high waste production"
Denim,2.1,10000,0.5,0.3680392156862745,High,1061_im_2.png,Blended,"Material: Denim | Risk: High | Reason: High impact due to high water usage, high waste production","High impact due to high water usage, high waste production"
Denim,2.1,10000,0.5,0.3680392156862745,High,1302_im_2.png,Cotton,"Material: Denim | Risk: High | Reason: High impact due to high water usage, high waste production","High impact due to high water usage, high waste production"
Denim,2.1,10000,0.5,0.3680392156862745,High,423_im_2.png,Denim,"Material: Denim | Risk: High | Reason: High impact due to high water usage, high waste production","High impact due to high water usage, high waste production"
Denim,2.1,10000,0.5,0.3680392156862745,High,1072_im_2.png,Denim,"Material: Denim | Risk: High | Reason: High impact due to high water usage, high waste production","High impact due to high water usage, high waste production"
Denim,2.1,10000,0.5,0.3680392156862745,High,301_im_2.png,Denim,"Material: Denim | Risk: High | Reason: High impact due to high water usage, high waste production","High impact due to high water usage, high waste production"
Denim,2.1,10000,0.5,0.3680392156862745,High,150_im_2.png,Denim,"Material: Denim | Risk: High | Reason: High impact due to high water usage, high waste production","High impact due to high water usage, high waste production"
Denim,2.1,10000,0.5,0.3680392156862745,High,1076_im_2.png,Blended,"Material: Denim | Risk: High | Reason: High impact due to high water usage, high waste production","High impact due to high water usage, high waste production"
Denim,2.1,10000,0.5,0.3680392156862745,High,422_im_2.png,Denim,"Material: Denim | Risk: High | Reason: High impact due to high water usage, high waste production","High impact due to high water usage, high waste production"
Denim,2.1,10000,0.5,0.3680392156862745,High,1049_im_2.png,Cotton,"Material: Denim | Risk: High | Reason: High impact due to high water usage, high waste production","High impact due to high water usage, high waste production"
Denim,2.1,10000,0.5,0.3680392156862745,High,1134_im_2.png,Cotton,"Material: Denim | Risk: High | Reason: High impact due to high water usage, high waste production","High impact due to high water usage, high waste production"
Denim,2.1,10000,0.5,0.3680392156862745,High,1066_im_2.png,Cotton,"Material: Denim | Risk: High | Reason: High impact due to high water usage, high waste production","High impact due to high water usage, high waste production"
Denim,2.1,10000,0.5,0.3680392156862745,High,1139_im_2.png,Cotton,"Material: Denim | Risk: High | Reason: High impact due to high water usage, high waste production","High impact due to high water usage, high waste production"
Denim,2.1,10000,0.5,0.3680392156862745,High,1137_im_2.png,Cotton,"Material: Denim | Risk: High | Reason: High impact due to high water usage, high waste production","High impact due to high water usage, high waste production"
Denim,2.1,10000,0.5,0.3680392156862745,High,1338_im_2.png,Denim,"Material: Denim | Risk: High | Reason: High impact due to high water usage, high waste production","High impact due to high water usage, high waste production"
Denim,2.1,10000,0.5,0.3680392156862745,High,226_im_2.png,Denim,"Material: Denim | Risk: High | Reason: High impact due to high water usage, high waste production","High impact due to high water usage, high waste production"
Denim,2.1,10000,0.5,0.3680392156862745,High,1286_im_2.png,Cotton,"Material: Denim | Risk: High | Reason: High impact due to high water usage, high waste production","High impact due to high water usage, high waste production"
Silk,4.5,7000,0.4,0.3372549019607843,Medium,784_im_2.png,Cotton,Material: Silk | Risk: Medium | Reason: Moderate impact due to high waste production,Moderate impact due to high waste production
Silk,4.5,7000,0.4,0.3372549019607843,Medium,1012_im_2.png,Cotton,Material: Silk | Risk: Medium | Reason: Moderate impact due to high waste production,Moderate impact due to high waste production
Silk,4.5,7000,0.4,0.3372549019607843,Medium,1022_im_2.png,Cotton,Material: Silk | Risk: Medium | Reason: Moderate impact due to high waste production,Moderate impact due to high waste production
Silk,4.5,7000,0.4,0.3372549019607843,Medium,783_im_2.png,Blended,Material: Silk | Risk: Medium | Reason: Moderate impact due to high waste production,Moderate impact due to high waste production
Silk,4.5,7000,0.4,0.3372549019607843,Medium,489_im_2.png,Cotton,Material: Silk | Risk: Medium | Reason: Moderate impact due to high waste production,Moderate impact due to high waste production
Silk,4.5,7000,0.4,0.3372549019607843,Medium,779_im_2.png,Cotton,Material: Silk | Risk: Medium | Reason: Moderate impact due to high waste production,Moderate impact due to high waste production
Silk,4.5,7000,0.4,0.3372549019607843,Medium,1026_im_2.png,Cotton,Material: Silk | Risk: Medium | Reason: Moderate impact due to high waste production,Moderate impact due to high waste production
Silk,4.5,7000,0.4,0.3372549019607843,Medium,1013_im_2.png,Cotton,Material: Silk | Risk: Medium | Reason: Moderate impact due to high waste production,Moderate impact due to high waste production
Silk,4.5,7000,0.4,0.3372549019607843,Medium,1016_im_2.png,Cotton,Material: Silk | Risk: Medium | Reason: Moderate impact due to high waste production,Moderate impact due to high waste production
Silk,4.5,7000,0.4,0.3372549019607843,Medium,781_im_2.png,Cotton,Material: Silk | Risk: Medium | Reason: Moderate impact due to high waste production,Moderate impact due to high waste production
Silk,4.5,7000,0.4,0.3372549019607843,Medium,437_im_2.png,Blended,Material: Silk | Risk: Medium | Reason: Moderate impact due to high waste production,Moderate impact due to high waste production
Silk,4.5,7000,0.4,0.3372549019607843,Medium,1017_im_2.png,Cotton,Material: Silk | Risk: Medium | Reason: Moderate impact due to high waste production,Moderate impact due to high waste production
Silk,4.5,7000,0.4,0.3372549019607843,Medium,436_im_2.png,Cotton,Material: Silk | Risk: Medium | Reason: Moderate impact due to high waste production,Moderate impact due to high waste production
Silk,4.5,7000,0.4,0.3372549019607843,Medium,1021_im_2.png,Cotton,Material: Silk | Risk: Medium | Reason: Moderate impact due to high waste production,Moderate impact due to high waste production
Silk,4.5,7000,0.4,0.3372549019607843,Medium,1006_im_2.png,Cotton,Material: Silk | Risk: Medium | Reason: Moderate impact due to high waste production,Moderate impact due to high waste production
Silk,4.5,7000,0.4,0.3372549019607843,Medium,523_im_2.png,Denim,Material: Silk | Risk: Medium | Reason: Moderate impact due to high waste production,Moderate impact due to high waste production
Silk,4.5,7000,0.4,0.3372549019607843,Medium,488_im_2.png,Cotton,Material: Silk | Risk: Medium | Reason: Moderate impact due to high waste production,Moderate impact due to high waste production
Silk,4.5,7000,0.4,0.3372549019607843,Medium,1020_im_2.png,Cotton,Material: Silk | Risk: Medium | Reason: Moderate impact due to high waste production,Moderate impact due to high waste production
Silk,4.5,7000,0.4,0.3372549019607843,Medium,1010_im_2.png,Cotton,Material: Silk | Risk: Medium | Reason: Moderate impact due to high waste production,Moderate impact due to high waste production
Silk,4.5,7000,0.4,0.3372549019607843,Medium,1009_im_2.png,Cotton,Material: Silk | Risk: Medium | Reason: Moderate impact due to high waste production,Moderate impact due to high waste production
Silk,4.5,7000,0.4,0.3372549019607843,Medium,824_im_2.png,Cotton,Material: Silk | Risk: Medium | Reason: Moderate impact due to high waste production,Moderate impact due to high waste production
Silk,4.5,7000,0.4,0.3372549019607843,Medium,823_im_2.png,Cotton,Material: Silk | Risk: Medium | Reason: Moderate impact due to high waste production,Moderate impact due to high waste production
Silk,4.5,7000,0.4,0.3372549019607843,Medium,128_im_2.png,Cotton,Material: Silk | Risk: Medium | Reason: Moderate impact due to high waste production,Moderate impact due to high waste production
Silk,4.5,7000,0.4,0.3372549019607843,Medium,997_im_2.png,Cotton,Material: Silk | Risk: Medium | Reason: Moderate impact due to high waste production,Moderate impact due to high waste production
Silk,4.5,7000,0.4,0.3372549019607843,Medium,1019_im_2.png,Cotton,Material: Silk | Risk: Medium | Reason: Moderate impact due to high waste production,Moderate impact due to high waste production
Silk,4.5,7000,0.4,0.3372549019607843,Medium,778_im_2.png,Blended,Material: Silk | Risk: Medium | Reason: Moderate impact due to high waste production,Moderate impact due to high waste production
Silk,4.5,7000,0.4,0.3372549019607843,Medium,776_im_2.png,Blended,Material: Silk | Risk: Medium | Reason: Moderate impact due to high waste production,Moderate impact due to high waste production
Silk,4.5,7000,0.4,0.3372549019607843,Medium,1024_im_2.png,Cotton,Material: Silk | Risk: Medium | Reason: Moderate impact due to high waste production,Moderate impact due to high waste production
Silk,4.5,7000,0.4,0.3372549019607843,Medium,1004_im_2.png,Blended,Material: Silk | Risk: Medium | Reason: Moderate impact due to high waste production,Moderate impact due to high waste production
Silk,4.5,7000,0.4,0.3372549019607843,Medium,1025_im_2.png,Cotton,Material: Silk | Risk: Medium | Reason: Moderate impact due to high waste production,Moderate impact due to high waste production
Silk,4.5,7000,0.4,0.3372549019607843,Medium,130_im_2.png,Cotton,Material: Silk | Risk: Medium | Reason: Moderate impact due to high waste production,Moderate impact due to high waste production
Silk,4.5,7000,0.4,0.3372549019607843,Medium,1018_im_2.png,Cotton,Material: Silk | Risk: Medium | Reason: Moderate impact due to high waste production,Moderate impact due to high waste production
Silk,4.5,7000,0.4,0.3372549019607843,Medium,1014_im_2.png,Cotton,Material: Silk | Risk: Medium | Reason: Moderate impact due to high waste production,Moderate impact due to high waste production
Silk,4.5,7000,0.4,0.3372549019607843,Medium,522_im_2.png,Cotton,Material: Silk | Risk: Medium | Reason: Moderate impact due to high waste production,Moderate impact due to high waste production
Silk,4.5,7000,0.4,0.3372549019607843,Medium,775_im_2.png,Blended,Material: Silk | Risk: Medium | Reason: Moderate impact due to high waste production,Moderate impact due to high waste production
Silk,4.5,7000,0.4,0.3372549019607843,Medium,1007_im_2.png,Cotton,Material: Silk | Risk: Medium | Reason: Moderate impact due to high waste production,Moderate impact due to high waste production
Silk,4.5,7000,0.4,0.3372549019607843,Medium,21_im_2.png,Cotton,Material: Silk | Risk: Medium | Reason: Moderate impact due to high waste production,Moderate impact due to high waste production
Silk,4.5,7000,0.4,0.3372549019607843,Medium,1023_im_2.png,Cotton,Material: Silk | Risk: Medium | Reason: Moderate impact due to high waste production,Moderate impact due to high waste production
Silk,4.5,7000,0.4,0.3372549019607843,Medium,780_im_2.png,Blended,Material: Silk | Risk: Medium | Reason: Moderate impact due to high waste production,Moderate impact due to high waste production
Silk,4.5,7000,0.4,0.3372549019607843,Medium,996_im_2.png,Denim,Material: Silk | Risk: Medium | Reason: Moderate impact due to high waste production,Moderate impact due to high waste production
Silk,4.5,7000,0.4,0.3372549019607843,Medium,777_im_2.png,Cotton,Material: Silk | Risk: Medium | Reason: Moderate impact due to high waste production,Moderate impact due to high waste production
Silk,4.5,7000,0.4,0.3372549019607843,Medium,782_im_2.png,Blended,Material: Silk | Risk: Medium | Reason: Moderate impact due to high waste production,Moderate impact due to high waste production
Silk,4.5,7000,0.4,0.3372549019607843,Medium,1005_im_2.png,Cotton,Material: Silk | Risk: Medium | Reason: Moderate impact due to high waste production,Moderate impact due to high waste production
Silk,4.5,7000,0.4,0.3372549019607843,Medium,129_im_2.png,Cotton,Material: Silk | Risk: Medium | Reason: Moderate impact due to high waste production,Moderate impact due to high waste production
Silk,4.5,7000,0.4,0.3372549019607843,Medium,1011_im_2.png,Cotton,Material: Silk | Risk: Medium | Reason: Moderate impact due to high waste production,Moderate impact due to high waste production
Silk,4.5,7000,0.4,0.3372549019607843,Medium,1008_im_2.png,Cotton,Material: Silk | Risk: Medium | Reason: Moderate impact due to high waste production,Moderate impact due to high waste production
Silk,4.5,7000,0.4,0.3372549019607843,Medium,1015_im_2.png,Cotton,Material: Silk | Risk: Medium | Reason: Moderate impact due to high waste production,Moderate impact due to high waste production
Silk,4.5,7000,0.4,0.3372549019607843,Medium,20_im_2.png,Cotton,Material: Silk | Risk: Medium | Reason: Moderate impact due to high waste production,Moderate impact due to high waste production
Silk,4.5,7000,0.4,0.3372549019607843,Medium,1027_im_2.png,Cotton,Material: Silk | Risk: Medium | Reason: Moderate impact due to high waste production,Moderate impact due to high waste production
Silk,4.5,7000,0.4,0.3372549019607843,Medium,774_im_2.png,Blended,Material: Silk | Risk: Medium | Reason: Moderate impact due to high waste production,Moderate impact due to high waste production
Corduroy,2.1,10000,0.5,0.3680392156862745,High,1372_im_2.png,Cotton,"Material: Corduroy | Risk: High | Reason: High impact due to high water usage, high waste production","High impact due to high water usage, high waste production"
Corduroy,2.1,10000,0.5,0.3680392156862745,High,1227_im_2.png,Cotton,"Material: Corduroy | Risk: High | Reason: High impact due to high water usage, high waste production","High impact due to high water usage, high waste production"
Corduroy,2.1,10000,0.5,0.3680392156862745,High,1230_im_2.png,Cotton,"Material: Corduroy | Risk: High | Reason: High impact due to high water usage, high waste production","High impact due to high water usage, high waste production"
Corduroy,2.1,10000,0.5,0.3680392156862745,High,1229_im_2.png,Blended,"Material: Corduroy | Risk: High | Reason: High impact due to high water usage, high waste production","High impact due to high water usage, high waste production"
Corduroy,2.1,10000,0.5,0.3680392156862745,High,1228_im_2.png,Cotton,"Material: Corduroy | Risk: High | Reason: High impact due to high water usage, high waste production","High impact due to high water usage, high waste production"
Corduroy,2.1,10000,0.5,0.3680392156862745,High,1226_im_2.png,Cotton,"Material: Corduroy | Risk: High | Reason: High impact due to high water usage, high waste production","High impact due to high water usage, high waste production"
Corduroy,2.1,10000,0.5,0.3680392156862745,High,1793_im_2.png,Cotton,"Material: Corduroy | Risk: High | Reason: High impact due to high water usage, high waste production","High impact due to high water usage, high waste production"
Corduroy,2.1,10000,0.5,0.3680392156862745,High,1791_im_2.png,Cotton,"Material: Corduroy | Risk: High | Reason: High impact due to high water usage, high waste production","High impact due to high water usage, high waste production"
Corduroy,2.1,10000,0.5,0.3680392156862745,High,1762_im_2.png,Cotton,"Material: Corduroy | Risk: High | Reason: High impact due to high water usage, high waste production","High impact due to high water usage, high waste production"
Corduroy,2.1,10000,0.5,0.3680392156862745,High,1231_im_2.png,Blended,"Material: Corduroy | Risk: High | Reason: High impact due to high water usage, high waste production","High impact due to high water usage, high waste production"
Corduroy,2.1,10000,0.5,0.3680392156862745,High,1359_im_2.png,Cotton,"Material: Corduroy | Risk: High | Reason: High impact due to high water usage, high waste production","High impact due to high water usage, high waste production"
Corduroy,2.1,10000,0.5,0.3680392156862745,High,1233_im_2.png,Blended,"Material: Corduroy | Risk: High | Reason: High impact due to high water usage, high waste production","High impact due to high water usage, high waste production"
Corduroy,2.1,10000,0.5,0.3680392156862745,High,1764_im_2.png,Cotton,"Material: Corduroy | Risk: High | Reason: High impact due to high water usage, high waste production","High impact due to high water usage, high waste production"
Corduroy,2.1,10000,0.5,0.3680392156862745,High,1232_im_2.png,Blended,"Material: Corduroy | Risk: High | Reason: High impact due to high water usage, high waste production","High impact due to high water usage, high waste production"
Corduroy,2.1,10000,0.5,0.3680392156862745,High,1357_im_2.png,Cotton,"Material: Corduroy | Risk: High | Reason: High impact due to high water usage, high waste production","High impact due to high water usage, high waste production"
Corduroy,2.1,10000,0.5,0.3680392156862745,High,1817_im_2.png,Cotton,"Material: Corduroy | Risk: High | Reason: High impact due to high water usage, high waste production","High impact due to high water usage, high waste production"
Corduroy,2.1,10000,0.5,0.3680392156862745,High,1792_im_2.png,Cotton,"Material: Corduroy | Risk: High | Reason: High impact due to high water usage, high waste production","High impact due to high water usage, high waste production"
Corduroy,2.1,10000,0.5,0.3680392156862745,High,1763_im_2.png,Cotton,"Material: Corduroy | Risk: High | Reason: High impact due to high water usage, high waste production","High impact due to high water usage, high waste production"
Corduroy,2.1,10000,0.5,0.3680392156862745,High,1816_im_2.png,Cotton,"Material: Corduroy | Risk: High | Reason: High impact due to high water usage, high waste production","High impact due to high water usage, high waste production"
Corduroy,2.1,10000,0.5,0.3680392156862745,High,1358_im_2.png,Cotton,"Material: Corduroy | Risk: High | Reason: High impact due to high water usage, high waste production","High impact due to high water usage, high waste production"
Corduroy,2.1,10000,0.5,0.3680392156862745,High,1794_im_2.png,Cotton,"Material: Corduroy | Risk: High | Reason: High impact due to high water usage, high waste production","High impact due to high water usage, high waste production"
Corduroy,2.1,10000,0.5,0.3680392156862745,High,1765_im_2.png,Cotton,"Material: Corduroy | Risk: High | Reason: High impact due to high water usage, high waste production","High impact due to high water usage, high waste production"
Corduroy,2.1,10000,0.5,0.3680392156862745,High,1356_im_2.png,Cotton,"Material: Corduroy | Risk: High | Reason: High impact due to high water usage, high waste production","High impact due to high water usage, high waste production"
Corduroy,2.1,10000,0.5,0.3680392156862745,High,1371_im_2.png,Cotton,"Material: Corduroy | Risk: High | Reason: High impact due to high water usage, high waste production","High impact due to high water usage, high waste production"
Crepe,4.5,7000,0.4,0.3372549019607843,Medium,1029_im_2.png,Cotton,Material: Crepe | Risk: Medium | Reason: Moderate impact due to high waste production,Moderate impact due to high waste production
Crepe,4.5,7000,0.4,0.3372549019607843,Medium,927_im_2.png,Cotton,Material: Crepe | Risk: Medium | Reason: Moderate impact due to high waste production,Moderate impact due to high waste production
Crepe,4.5,7000,0.4,0.3372549019607843,Medium,943_im_2.png,Blended,Material: Crepe | Risk: Medium | Reason: Moderate impact due to high waste production,Moderate impact due to high waste production
Crepe,4.5,7000,0.4,0.3372549019607843,Medium,998_im_2.png,Cotton,Material: Crepe | Risk: Medium | Reason: Moderate impact due to high waste production,Moderate impact due to high waste production
Crepe,4.5,7000,0.4,0.3372549019607843,Medium,1028_im_2.png,Cotton,Material: Crepe | Risk: Medium | Reason: Moderate impact due to high waste production,Moderate impact due to high waste production
Crepe,4.5,7000,0.4,0.3372549019607843,Medium,947_im_2.png,Denim,Material: Crepe | Risk: Medium | Reason: Moderate impact due to high waste production,Moderate impact due to high waste production
Crepe,4.5,7000,0.4,0.3372549019607843,Medium,1033_im_2.png,Cotton,Material: Crepe | Risk: Medium | Reason: Moderate impact due to high waste production,Moderate impact due to high waste production
Crepe,4.5,7000,0.4,0.3372549019607843,Medium,1001_im_2.png,Cotton,Material: Crepe | Risk: Medium | Reason: Moderate impact due to high waste production,Moderate impact due to high waste production
Crepe,4.5,7000,0.4,0.3372549019607843,Medium,929_im_2.png,Cotton,Material: Crepe | Risk: Medium | Reason: Moderate impact due to high waste production,Moderate impact due to high waste production
Crepe,4.5,7000,0.4,0.3372549019607843,Medium,946_im_2.png,Blended,Material: Crepe | Risk: Medium | Reason: Moderate impact due to high waste production,Moderate impact due to high waste production
Crepe,4.5,7000,0.4,0.3372549019607843,Medium,944_im_2.png,Blended,Material: Crepe | Risk: Medium | Reason: Moderate impact due to high waste production,Moderate impact due to high waste production
Crepe,4.5,7000,0.4,0.3372549019607843,Medium,950_im_2.png,Denim,Material: Crepe | Risk: Medium | Reason: Moderate impact due to high waste production,Moderate impact due to high waste production
Crepe,4.5,7000,0.4,0.3372549019607843,Medium,1002_im_2.png,Cotton,Material: Crepe | Risk: Medium | Reason: Moderate impact due to high waste production,Moderate impact due to high waste production
Crepe,4.5,7000,0.4,0.3372549019607843,Medium,999_im_2.png,Cotton,Material: Crepe | Risk: Medium | Reason: Moderate impact due to high waste production,Moderate impact due to high waste production
Crepe,4.5,7000,0.4,0.3372549019607843,Medium,1031_im_2.png,Cotton,Material: Crepe | Risk: Medium | Reason: Moderate impact due to high waste production,Moderate impact due to high waste production
Crepe,4.5,7000,0.4,0.3372549019607843,Medium,1032_im_2.png,Cotton,Material: Crepe | Risk: Medium | Reason: Moderate impact due to high waste production,Moderate impact due to high waste production
Crepe,4.5,7000,0.4,0.3372549019607843,Medium,949_im_2.png,Cotton,Material: Crepe | Risk: Medium | Reason: Moderate impact due to high waste production,Moderate impact due to high waste production
Crepe,4.5,7000,0.4,0.3372549019607843,Medium,1003_im_2.png,Cotton,Material: Crepe | Risk: Medium | Reason: Moderate impact due to high waste production,Moderate impact due to high waste production
Crepe,4.5,7000,0.4,0.3372549019607843,Medium,945_im_2.png,Cotton,Material: Crepe | Risk: Medium | Reason: Moderate impact due to high waste production,Moderate impact due to high waste production
Crepe,4.5,7000,0.4,0.3372549019607843,Medium,1000_im_2.png,Cotton,Material: Crepe | Risk: Medium | Reason: Moderate impact due to high waste production,Moderate impact due to high waste production
Crepe,4.5,7000,0.4,0.3372549019607843,Medium,926_im_2.png,Cotton,Material: Crepe | Risk: Medium | Reason: Moderate impact due to high waste production,Moderate impact due to high waste production
Crepe,4.5,7000,0.4,0.3372549019607843,Medium,928_im_2.png,Cotton,Material: Crepe | Risk: Medium | Reason: Moderate impact due to high waste production,Moderate impact due to high waste production
Crepe,4.5,7000,0.4,0.3372549019607843,Medium,1030_im_2.png,Cotton,Material: Crepe | Risk: Medium | Reason: Moderate impact due to high waste production,Moderate impact due to high waste production
Crepe,4.5,7000,0.4,0.3372549019607843,Medium,951_im_2.png,Denim,Material: Crepe | Risk: Medium | Reason: Moderate impact due to high waste production,Moderate impact due to high waste production
Crepe,4.5,7000,0.4,0.3372549019607843,Medium,952_im_2.png,Cotton,Material: Crepe | Risk: Medium | Reason: Moderate impact due to high waste production,Moderate impact due to high waste production
Crepe,4.5,7000,0.4,0.3372549019607843,Medium,948_im_2.png,Cotton,Material: Crepe | Risk: Medium | Reason: Moderate impact due to high waste production,Moderate impact due to high waste production
Terrycloth,2.1,10000,0.5,0.3680392156862745,High,143_im_2.png,Cotton,"Material: Terrycloth | Risk: High | Reason: High impact due to high water usage, high waste production","High impact due to high water usage, high waste production"
Terrycloth,2.1,10000,0.5,0.3680392156862745,High,268_im_2.png,Cotton,"Material: Terrycloth | Risk: High | Reason: High impact due to high water usage, high waste production","High impact due to high water usage, high waste production"
Terrycloth,2.1,10000,0.5,0.3680392156862745,High,5_im_2.png,Blended,"Material: Terrycloth | Risk: High | Reason: High impact due to high water usage, high waste production","High impact due to high water usage, high waste production"
Terrycloth,2.1,10000,0.5,0.3680392156862745,High,454_im_2.png,Cotton,"Material: Terrycloth | Risk: High | Reason: High impact due to high water usage, high waste production","High impact due to high water usage, high waste production"
Terrycloth,2.1,10000,0.5,0.3680392156862745,High,265_im_2.png,Cotton,"Material: Terrycloth | Risk: High | Reason: High impact due to high water usage, high waste production","High impact due to high water usage, high waste production"
Terrycloth,2.1,10000,0.5,0.3680392156862745,High,453_im_2.png,Cotton,"Material: Terrycloth | Risk: High | Reason: High impact due to high water usage, high waste production","High impact due to high water usage, high waste production"
Terrycloth,2.1,10000,0.5,0.3680392156862745,High,486_im_2.png,Cotton,"Material: Terrycloth | Risk: High | Reason: High impact due to high water usage, high waste production","High impact due to high water usage, high waste production"
Terrycloth,2.1,10000,0.5,0.3680392156862745,High,148_im_2.png,Cotton,"Material: Terrycloth | Risk: High | Reason: High impact due to high water usage, high waste production","High impact due to high water usage, high waste production"
Terrycloth,2.1,10000,0.5,0.3680392156862745,High,267_im_2.png,Cotton,"Material: Terrycloth | Risk: High | Reason: High impact due to high water usage, high waste production","High impact due to high water usage, high waste production"
Terrycloth,2.1,10000,0.5,0.3680392156862745,High,532_im_2.png,Cotton,"Material: Terrycloth | Risk: High | Reason: High impact due to high water usage, high waste production","High impact due to high water usage, high waste production"
Terrycloth,2.1,10000,0.5,0.3680392156862745,High,144_im_2.png,Cotton,"Material: Terrycloth | Risk: High | Reason: High impact due to high water usage, high waste production","High impact due to high water usage, high waste production"
Terrycloth,2.1,10000,0.5,0.3680392156862745,High,147_im_2.png,Cotton,"Material: Terrycloth | Risk: High | Reason: High impact due to high water usage, high waste production","High impact due to high water usage, high waste production"
Terrycloth,2.1,10000,0.5,0.3680392156862745,High,487_im_2.png,Denim,"Material: Terrycloth | Risk: High | Reason: High impact due to high water usage, high waste production","High impact due to high water usage, high waste production"
Terrycloth,2.1,10000,0.5,0.3680392156862745,High,149_im_2.png,Cotton,"Material: Terrycloth | Risk: High | Reason: High impact due to high water usage, high waste production","High impact due to high water usage, high waste production"
Terrycloth,2.1,10000,0.5,0.3680392156862745,High,271_im_2.png,Blended,"Material: Terrycloth | Risk: High | Reason: High impact due to high water usage, high waste production","High impact due to high water usage, high waste production"
Terrycloth,2.1,10000,0.5,0.3680392156862745,High,266_im_2.png,Cotton,"Material: Terrycloth | Risk: High | Reason: High impact due to high water usage, high waste production","High impact due to high water usage, high waste production"
Terrycloth,2.1,10000,0.5,0.3680392156862745,High,264_im_2.png,Cotton,"Material: Terrycloth | Risk: High | Reason: High impact due to high water usage, high waste production","High impact due to high water usage, high waste production"
Terrycloth,2.1,10000,0.5,0.3680392156862745,High,269_im_2.png,Cotton,"Material: Terrycloth | Risk: High | Reason: High impact due to high water usage, high waste production","High impact due to high water usage, high waste production"
Terrycloth,2.1,10000,0.5,0.3680392156862745,High,263_im_2.png,Blended,"Material: Terrycloth | Risk: High | Reason: High impact due to high water usage, high waste production","High impact due to high water usage, high waste production"
Terrycloth,2.1,10000,0.5,0.3680392156862745,High,455_im_2.png,Blended,"Material: Terrycloth | Risk: High | Reason: High impact due to high water usage, high waste production","High impact due to high water usage, high waste production"
Terrycloth,2.1,10000,0.5,0.3680392156862745,High,142_im_2.png,Cotton,"Material: Terrycloth | Risk: High | Reason: High impact due to high water usage, high waste production","High impact due to high water usage, high waste production"
Terrycloth,2.1,10000,0.5,0.3680392156862745,High,260_im_2.png,Cotton,"Material: Terrycloth | Risk: High | Reason: High impact due to high water usage, high waste production","High impact due to high water usage, high waste production"
Terrycloth,2.1,10000,0.5,0.3680392156862745,High,272_im_2.png,Cotton,"Material: Terrycloth | Risk: High | Reason: High impact due to high water usage, high waste production","High impact due to high water usage, high waste production"
Terrycloth,2.1,10000,0.5,0.3680392156862745,High,262_im_2.png,Cotton,"Material: Terrycloth | Risk: High | Reason: High impact due to high water usage, high waste production","High impact due to high water usage, high waste production"
Terrycloth,2.1,10000,0.5,0.3680392156862745,High,145_im_2.png,Cotton,"Material: Terrycloth | Risk: High | Reason: High impact due to high water usage, high waste production","High impact due to high water usage, high waste production"
Terrycloth,2.1,10000,0.5,0.3680392156862745,High,259_im_2.png,Cotton,"Material: Terrycloth | Risk: High | Reason: High impact due to high water usage, high waste production","High impact due to high water usage, high waste production"
Terrycloth,2.1,10000,0.5,0.3680392156862745,High,146_im_2.png,Cotton,"Material: Terrycloth | Risk: High | Reason: High impact due to high water usage, high waste production","High impact due to high water usage, high waste production"
Terrycloth,2.1,10000,0.5,0.3680392156862745,High,273_im_2.png,Cotton,"Material: Terrycloth | Risk: High | Reason: High impact due to high water usage, high waste production","High impact due to high water usage, high waste production"
Terrycloth,2.1,10000,0.5,0.3680392156862745,High,270_im_2.png,Cotton,"Material: Terrycloth | Risk: High | Reason: High impact due to high water usage, high waste production","High impact due to high water usage, high waste production"
Terrycloth,2.1,10000,0.5,0.3680392156862745,High,261_im_2.png,Cotton,"Material: Terrycloth | Risk: High | Reason: High impact due to high water usage, high waste production","High impact due to high water usage, high waste production"
Wool,3.8,6000,0.6,0.3305882352941177,Medium,57_im_2.png,Denim,Material: Wool | Risk: Medium | Reason: Moderate impact due to high waste production,Moderate impact due to high waste production
Wool,3.8,6000,0.6,0.3305882352941177,Medium,973_im_2.png,Cotton,Material: Wool | Risk: Medium | Reason: Moderate impact due to high waste production,Moderate impact due to high waste production
Wool,3.8,6000,0.6,0.3305882352941177,Medium,988_im_2.png,Blended,Material: Wool | Risk: Medium | Reason: Moderate impact due to high waste production,Moderate impact due to high waste production
Wool,3.8,6000,0.6,0.3305882352941177,Medium,23_im_2.png,Cotton,Material: Wool | Risk: Medium | Reason: Moderate impact due to high waste production,Moderate impact due to high waste production
Wool,3.8,6000,0.6,0.3305882352941177,Medium,504_im_2.png,Blended,Material: Wool | Risk: Medium | Reason: Moderate impact due to high waste production,Moderate impact due to high waste production
Wool,3.8,6000,0.6,0.3305882352941177,Medium,60_im_2.png,Cotton,Material: Wool | Risk: Medium | Reason: Moderate impact due to high waste production,Moderate impact due to high waste production
Wool,3.8,6000,0.6,0.3305882352941177,Medium,1419_im_2.png,Blended,Material: Wool | Risk: Medium | Reason: Moderate impact due to high waste production,Moderate impact due to high waste production
Wool,3.8,6000,0.6,0.3305882352941177,Medium,826_im_2.png,Cotton,Material: Wool | Risk: Medium | Reason: Moderate impact due to high waste production,Moderate impact due to high waste production
Wool,3.8,6000,0.6,0.3305882352941177,Medium,662_im_2.png,Cotton,Material: Wool | Risk: Medium | Reason: Moderate impact due to high waste production,Moderate impact due to high waste production
Wool,3.8,6000,0.6,0.3305882352941177,Medium,979_im_2.png,Cotton,Material: Wool | Risk: Medium | Reason: Moderate impact due to high waste production,Moderate impact due to high waste production
Wool,3.8,6000,0.6,0.3305882352941177,Medium,33_im_2.png,Blended,Material: Wool | Risk: Medium | Reason: Moderate impact due to high waste production,Moderate impact due to high waste production
Wool,3.8,6000,0.6,0.3305882352941177,Medium,970_im_2.png,Cotton,Material: Wool | Risk: Medium | Reason: Moderate impact due to high waste production,Moderate impact due to high waste production
Wool,3.8,6000,0.6,0.3305882352941177,Medium,337_im_2.png,Cotton,Material: Wool | Risk: Medium | Reason: Moderate impact due to high waste production,Moderate impact due to high waste production
Wool,3.8,6000,0.6,0.3305882352941177,Medium,1437_im_2.png,Denim,Material: Wool | Risk: Medium | Reason: Moderate impact due to high waste production,Moderate impact due to high waste production
Wool,3.8,6000,0.6,0.3305882352941177,Medium,1434_im_2.png,Denim,Material: Wool | Risk: Medium | Reason: Moderate impact due to high waste production,Moderate impact due to high waste production
Wool,3.8,6000,0.6,0.3305882352941177,Medium,983_im_2.png,Cotton,Material: Wool | Risk: Medium | Reason: Moderate impact due to high waste production,Moderate impact due to high waste production
Wool,3.8,6000,0.6,0.3305882352941177,Medium,968_im_2.png,Blended,Material: Wool | Risk: Medium | Reason: Moderate impact due to high waste production,Moderate impact due to high waste production
Wool,3.8,6000,0.6,0.3305882352941177,Medium,811_im_2.png,Blended,Material: Wool | Risk: Medium | Reason: Moderate impact due to high waste production,Moderate impact due to high waste production
Wool,3.8,6000,0.6,0.3305882352941177,Medium,1433_im_2.png,Denim,Material: Wool | Risk: Medium | Reason: Moderate impact due to high waste production,Moderate impact due to high waste production
Wool,3.8,6000,0.6,0.3305882352941177,Medium,971_im_2.png,Cotton,Material: Wool | Risk: Medium | Reason: Moderate impact due to high waste production,Moderate impact due to high waste production
Wool,3.8,6000,0.6,0.3305882352941177,Medium,1438_im_2.png,Denim,Material: Wool | Risk: Medium | Reason: Moderate impact due to high waste production,Moderate impact due to high waste production
Wool,3.8,6000,0.6,0.3305882352941177,Medium,34_im_2.png,Blended,Material: Wool | Risk: Medium | Reason: Moderate impact due to high waste production,Moderate impact due to high waste production
Wool,3.8,6000,0.6,0.3305882352941177,Medium,1407_im_2.png,Cotton,Material: Wool | Risk: Medium | Reason: Moderate impact due to high waste production,Moderate impact due to high waste production
Wool,3.8,6000,0.6,0.3305882352941177,Medium,1432_im_2.png,Denim,Material: Wool | Risk: Medium | Reason: Moderate impact due to high waste production,Moderate impact due to high waste production
Wool,3.8,6000,0.6,0.3305882352941177,Medium,808_im_2.png,Cotton,Material: Wool | Risk: Medium | Reason: Moderate impact due to high waste production,Moderate impact due to high waste production
Wool,3.8,6000,0.6,0.3305882352941177,Medium,1422_im_2.png,Cotton,Material: Wool | Risk: Medium | Reason: Moderate impact due to high waste production,Moderate impact due to high waste production
Wool,3.8,6000,0.6,0.3305882352941177,Medium,969_im_2.png,Cotton,Material: Wool | Risk: Medium | Reason: Moderate impact due to high waste production,Moderate impact due to high waste production
Wool,3.8,6000,0.6,0.3305882352941177,Medium,444_im_2.png,Cotton,Material: Wool | Risk: Medium | Reason: Moderate impact due to high waste production,Moderate impact due to high waste production
Wool,3.8,6000,0.6,0.3305882352941177,Medium,357_im_2.png,Cotton,Material: Wool | Risk: Medium | Reason: Moderate impact due to high waste production,Moderate impact due to high waste production
Wool,3.8,6000,0.6,0.3305882352941177,Medium,503_im_2.png,Blended,Material: Wool | Risk: Medium | Reason: Moderate impact due to high waste production,Moderate impact due to high waste production
Wool,3.8,6000,0.6,0.3305882352941177,Medium,336_im_2.png,Cotton,Material: Wool | Risk: Medium | Reason: Moderate impact due to high waste production,Moderate impact due to high waste production
Wool,3.8,6000,0.6,0.3305882352941177,Medium,825_im_2.png,Cotton,Material: Wool | Risk: Medium | Reason: Moderate impact due to high waste production,Moderate impact due to high waste production
Wool,3.8,6000,0.6,0.3305882352941177,Medium,1410_im_2.png,Denim,Material: Wool | Risk: Medium | Reason: Moderate impact due to high waste production,Moderate impact due to high waste production
Wool,3.8,6000,0.6,0.3305882352941177,Medium,7_im_2.png,Cotton,Material: Wool | Risk: Medium | Reason: Moderate impact due to high waste production,Moderate impact due to high waste production
Wool,3.8,6000,0.6,0.3305882352941177,Medium,1421_im_2.png,Blended,Material: Wool | Risk: Medium | Reason: Moderate impact due to high waste production,Moderate impact due to high waste production
Wool,3.8,6000,0.6,0.3305882352941177,Medium,381_im_2.png,Blended,Material: Wool | Risk: Medium | Reason: Moderate impact due to high waste production,Moderate impact due to high waste production
Wool,3.8,6000,0.6,0.3305882352941177,Medium,972_im_2.png,Cotton,Material: Wool | Risk: Medium | Reason: Moderate impact due to high waste production,Moderate impact due to high waste production
Wool,3.8,6000,0.6,0.3305882352941177,Medium,1428_im_2.png,Cotton,Material: Wool | Risk: Medium | Reason: Moderate impact due to high waste production,Moderate impact due to high waste production
Wool,3.8,6000,0.6,0.3305882352941177,Medium,809_im_2.png,Cotton,Material: Wool | Risk: Medium | Reason: Moderate impact due to high waste production,Moderate impact due to high waste production
Wool,3.8,6000,0.6,0.3305882352941177,Medium,1436_im_2.png,Cotton,Material: Wool | Risk: Medium | Reason: Moderate impact due to high waste production,Moderate impact due to high waste production
Wool,3.8,6000,0.6,0.3305882352941177,Medium,981_im_2.png,Cotton,Material: Wool | Risk: Medium | Reason: Moderate impact due to high waste production,Moderate impact due to high waste production
Wool,3.8,6000,0.6,0.3305882352941177,Medium,1423_im_2.png,Cotton,Material: Wool | Risk: Medium | Reason: Moderate impact due to high waste production,Moderate impact due to high waste production
Wool,3.8,6000,0.6,0.3305882352941177,Medium,1430_im_2.png,Denim,Material: Wool | Risk: Medium | Reason: Moderate impact due to high waste production,Moderate impact due to high waste production
Wool,3.8,6000,0.6,0.3305882352941177,Medium,526_im_2.png,Blended,Material: Wool | Risk: Medium | Reason: Moderate impact due to high waste production,Moderate impact due to high waste production
Wool,3.8,6000,0.6,0.3305882352941177,Medium,1409_im_2.png,Denim,Material: Wool | Risk: Medium | Reason: Moderate impact due to high waste production,Moderate impact due to high waste production
Wool,3.8,6000,0.6,0.3305882352941177,Medium,1425_im_2.png,Denim,Material: Wool | Risk: Medium | Reason: Moderate impact due to high waste production,Moderate impact due to high waste production
Wool,3.8,6000,0.6,0.3305882352941177,Medium,359_im_2.png,Blended,Material: Wool | Risk: Medium | Reason: Moderate impact due to high waste production,Moderate impact due to high waste production
Wool,3.8,6000,0.6,0.3305882352941177,Medium,1406_im_2.png,Blended,Material: Wool | Risk: Medium | Reason: Moderate impact due to high waste production,Moderate impact due to high waste production
Wool,3.8,6000,0.6,0.3305882352941177,Medium,1439_im_2.png,Denim,Material: Wool | Risk: Medium | Reason: Moderate impact due to high waste production,Moderate impact due to high waste production
Wool,3.8,6000,0.6,0.3305882352941177,Medium,817_im_2.png,Cotton,Material: Wool | Risk: Medium | Reason: Moderate impact due to high waste production,Moderate impact due to high waste production
Wool,3.8,6000,0.6,0.3305882352941177,Medium,984_im_2.png,Cotton,Material: Wool | Risk: Medium | Reason: Moderate impact due to high waste production,Moderate impact due to high waste production
Wool,3.8,6000,0.6,0.3305882352941177,Medium,986_im_2.png,Cotton,Material: Wool | Risk: Medium | Reason: Moderate impact due to high waste production,Moderate impact due to high waste production
Wool,3.8,6000,0.6,0.3305882352941177,Medium,980_im_2.png,Cotton,Material: Wool | Risk: Medium | Reason: Moderate impact due to high waste production,Moderate impact due to high waste production
Wool,3.8,6000,0.6,0.3305882352941177,Medium,355_im_2.png,Cotton,Material: Wool | Risk: Medium | Reason: Moderate impact due to high waste production,Moderate impact due to high waste production
Wool,3.8,6000,0.6,0.3305882352941177,Medium,985_im_2.png,Cotton,Material: Wool | Risk: Medium | Reason: Moderate impact due to high waste production,Moderate impact due to high waste production
Wool,3.8,6000,0.6,0.3305882352941177,Medium,59_im_2.png,Cotton,Material: Wool | Risk: Medium | Reason: Moderate impact due to high waste production,Moderate impact due to high waste production
Wool,3.8,6000,0.6,0.3305882352941177,Medium,1414_im_2.png,Denim,Material: Wool | Risk: Medium | Reason: Moderate impact due to high waste production,Moderate impact due to high waste production
Wool,3.8,6000,0.6,0.3305882352941177,Medium,446_im_2.png,Cotton,Material: Wool | Risk: Medium | Reason: Moderate impact due to high waste production,Moderate impact due to high waste production
Wool,3.8,6000,0.6,0.3305882352941177,Medium,1435_im_2.png,Cotton,Material: Wool | Risk: Medium | Reason: Moderate impact due to high waste production,Moderate impact due to high waste production
Wool,3.8,6000,0.6,0.3305882352941177,Medium,358_im_2.png,Cotton,Material: Wool | Risk: Medium | Reason: Moderate impact due to high waste production,Moderate impact due to high waste production
Wool,3.8,6000,0.6,0.3305882352941177,Medium,1431_im_2.png,Denim,Material: Wool | Risk: Medium | Reason: Moderate impact due to high waste production,Moderate impact due to high waste production
Wool,3.8,6000,0.6,0.3305882352941177,Medium,35_im_2.png,Blended,Material: Wool | Risk: Medium | Reason: Moderate impact due to high waste production,Moderate impact due to high waste production
Wool,3.8,6000,0.6,0.3305882352941177,Medium,1408_im_2.png,Cotton,Material: Wool | Risk: Medium | Reason: Moderate impact due to high waste production,Moderate impact due to high waste production
Wool,3.8,6000,0.6,0.3305882352941177,Medium,1413_im_2.png,Cotton,Material: Wool | Risk: Medium | Reason: Moderate impact due to high waste production,Moderate impact due to high waste production
Wool,3.8,6000,0.6,0.3305882352941177,Medium,1420_im_2.png,Cotton,Material: Wool | Risk: Medium | Reason: Moderate impact due to high waste production,Moderate impact due to high waste production
Wool,3.8,6000,0.6,0.3305882352941177,Medium,1405_im_2.png,Denim,Material: Wool | Risk: Medium | Reason: Moderate impact due to high waste production,Moderate impact due to high waste production
Wool,3.8,6000,0.6,0.3305882352941177,Medium,1411_im_2.png,Denim,Material: Wool | Risk: Medium | Reason: Moderate impact due to high waste production,Moderate impact due to high waste production
Wool,3.8,6000,0.6,0.3305882352941177,Medium,661_im_2.png,Cotton,Material: Wool | Risk: Medium | Reason: Moderate impact due to high waste production,Moderate impact due to high waste production
Wool,3.8,6000,0.6,0.3305882352941177,Medium,660_im_2.png,Cotton,Material: Wool | Risk: Medium | Reason: Moderate impact due to high waste production,Moderate impact due to high waste production
Wool,3.8,6000,0.6,0.3305882352941177,Medium,338_im_2.png,Blended,Material: Wool | Risk: Medium | Reason: Moderate impact due to high waste production,Moderate impact due to high waste production
Wool,3.8,6000,0.6,0.3305882352941177,Medium,1418_im_2.png,Denim,Material: Wool | Risk: Medium | Reason: Moderate impact due to high waste production,Moderate impact due to high waste production
Wool,3.8,6000,0.6,0.3305882352941177,Medium,1412_im_2.png,Cotton,Material: Wool | Risk: Medium | Reason: Moderate impact due to high waste production,Moderate impact due to high waste production
Wool,3.8,6000,0.6,0.3305882352941177,Medium,818_im_2.png,Cotton,Material: Wool | Risk: Medium | Reason: Moderate impact due to high waste production,Moderate impact due to high waste production
Wool,3.8,6000,0.6,0.3305882352941177,Medium,1424_im_2.png,Denim,Material: Wool | Risk: Medium | Reason: Moderate impact due to high waste production,Moderate impact due to high waste production
Wool,3.8,6000,0.6,0.3305882352941177,Medium,1415_im_2.png,Cotton,Material: Wool | Risk: Medium | Reason: Moderate impact due to high waste production,Moderate impact due to high waste production
Wool,3.8,6000,0.6,0.3305882352941177,Medium,1404_im_2.png,Denim,Material: Wool | Risk: Medium | Reason: Moderate impact due to high waste production,Moderate impact due to high waste production
Wool,3.8,6000,0.6,0.3305882352941177,Medium,1426_im_2.png,Cotton,Material: Wool | Risk: Medium | Reason: Moderate impact due to high waste production,Moderate impact due to high waste production
Wool,3.8,6000,0.6,0.3305882352941177,Medium,987_im_2.png,Cotton,Material: Wool | Risk: Medium | Reason: Moderate impact due to high waste production,Moderate impact due to high waste production
Wool,3.8,6000,0.6,0.3305882352941177,Medium,967_im_2.png,Cotton,Material: Wool | Risk: Medium | Reason: Moderate impact due to high waste production,Moderate impact due to high waste production
Wool,3.8,6000,0.6,0.3305882352941177,Medium,1429_im_2.png,Cotton,Material: Wool | Risk: Medium | Reason: Moderate impact due to high waste production,Moderate impact due to high waste production
Wool,3.8,6000,0.6,0.3305882352941177,Medium,22_im_2.png,Cotton,Material: Wool | Risk: Medium | Reason: Moderate impact due to high waste production,Moderate impact due to high waste production
Wool,3.8,6000,0.6,0.3305882352941177,Medium,1403_im_2.png,Denim,Material: Wool | Risk: Medium | Reason: Moderate impact due to high waste production,Moderate impact due to high waste production
Wool,3.8,6000,0.6,0.3305882352941177,Medium,382_im_2.png,Blended,Material: Wool | Risk: Medium | Reason: Moderate impact due to high waste production,Moderate impact due to high waste production
Wool,3.8,6000,0.6,0.3305882352941177,Medium,1440_im_2.png,Denim,Material: Wool | Risk: Medium | Reason: Moderate impact due to high waste production,Moderate impact due to high waste production
Wool,3.8,6000,0.6,0.3305882352941177,Medium,1427_im_2.png,Cotton,Material: Wool | Risk: Medium | Reason: Moderate impact due to high waste production,Moderate impact due to high waste production
Wool,3.8,6000,0.6,0.3305882352941177,Medium,356_im_2.png,Cotton,Material: Wool | Risk: Medium | Reason: Moderate impact due to high waste production,Moderate impact due to high waste production
Wool,3.8,6000,0.6,0.3305882352941177,Medium,445_im_2.png,Cotton,Material: Wool | Risk: Medium | Reason: Moderate impact due to high waste production,Moderate impact due to high waste production
Wool,3.8,6000,0.6,0.3305882352941177,Medium,982_im_2.png,Cotton,Material: Wool | Risk: Medium | Reason: Moderate impact due to high waste production,Moderate impact due to high waste production
Wool,3.8,6000,0.6,0.3305882352941177,Medium,373_im_2.png,Cotton,Material: Wool | Risk: Medium | Reason: Moderate impact due to high waste production,Moderate impact due to high waste production
Wool,3.8,6000,0.6,0.3305882352941177,Medium,372_im_2.png,Blended,Material: Wool | Risk: Medium | Reason: Moderate impact due to high waste production,Moderate impact due to high waste production
Cotton,2.1,10000,0.5,0.3680392156862745,High,1196_im_2.png,Blended,"Material: Cotton | Risk: High | Reason: High impact due to high water usage, high waste production","High impact due to high water usage, high waste production"
Cotton,2.1,10000,0.5,0.3680392156862745,High,1142_im_2.png,Cotton,"Material: Cotton | Risk: High | Reason: High impact due to high water usage, high waste production","High impact due to high water usage, high waste production"
Cotton,2.1,10000,0.5,0.3680392156862745,High,1496_im_2.png,Cotton,"Material: Cotton | Risk: High | Reason: High impact due to high water usage, high waste production","High impact due to high water usage, high waste production"
Cotton,2.1,10000,0.5,0.3680392156862745,High,111_im_2.png,Blended,"Material: Cotton | Risk: High | Reason: High impact due to high water usage, high waste production","High impact due to high water usage, high waste production"
Cotton,2.1,10000,0.5,0.3680392156862745,High,1240_im_2.png,Cotton,"Material: Cotton | Risk: High | Reason: High impact due to high water usage, high waste production","High impact due to high water usage, high waste production"
Cotton,2.1,10000,0.5,0.3680392156862745,High,349_im_2.png,Cotton,"Material: Cotton | Risk: High | Reason: High impact due to high water usage, high waste production","High impact due to high water usage, high waste production"
Cotton,2.1,10000,0.5,0.3680392156862745,High,1163_im_2.png,Blended,"Material: Cotton | Risk: High | Reason: High impact due to high water usage, high waste production","High impact due to high water usage, high waste production"
Cotton,2.1,10000,0.5,0.3680392156862745,High,1832_im_2.png,Cotton,"Material: Cotton | Risk: High | Reason: High impact due to high water usage, high waste production","High impact due to high water usage, high waste production"
Cotton,2.1,10000,0.5,0.3680392156862745,High,1767_im_2.png,Cotton,"Material: Cotton | Risk: High | Reason: High impact due to high water usage, high waste production","High impact due to high water usage, high waste production"
Cotton,2.1,10000,0.5,0.3680392156862745,High,1282_im_2.png,Cotton,"Material: Cotton | Risk: High | Reason: High impact due to high water usage, high waste production","High impact due to high water usage, high waste production"
Cotton,2.1,10000,0.5,0.3680392156862745,High,1509_im_2.png,Cotton,"Material: Cotton | Risk: High | Reason: High impact due to high water usage, high waste production","High impact due to high water usage, high waste production"
Cotton,2.1,10000,0.5,0.3680392156862745,High,1127_im_2.png,Cotton,"Material: Cotton | Risk: High | Reason: High impact due to high water usage, high waste production","High impact due to high water usage, high waste production"
Cotton,2.1,10000,0.5,0.3680392156862745,High,1839_im_2.png,Cotton,"Material: Cotton | Risk: High | Reason: High impact due to high water usage, high waste production","High impact due to high water usage, high waste production"
Cotton,2.1,10000,0.5,0.3680392156862745,High,114_im_2.png,Cotton,"Material: Cotton | Risk: High | Reason: High impact due to high water usage, high waste production","High impact due to high water usage, high waste production"
Cotton,2.1,10000,0.5,0.3680392156862745,High,1185_im_2.png,Cotton,"Material: Cotton | Risk: High | Reason: High impact due to high water usage, high waste production","High impact due to high water usage, high waste production"
Cotton,2.1,10000,0.5,0.3680392156862745,High,745_im_2.png,Blended,"Material: Cotton | Risk: High | Reason: High impact due to high water usage, high waste production","High impact due to high water usage, high waste production"
Cotton,2.1,10000,0.5,0.3680392156862745,High,388_im_2.png,Cotton,"Material: Cotton | Risk: High | Reason: High impact due to high water usage, high waste production","High impact due to high water usage, high waste production"
Cotton,2.1,10000,0.5,0.3680392156862745,High,160_im_2.png,Cotton,"Material: Cotton | Risk: High | Reason: High impact due to high water usage, high waste production","High impact due to high water usage, high waste production"
Cotton,2.1,10000,0.5,0.3680392156862745,High,846_im_2.png,Cotton,"Material: Cotton | Risk: High | Reason: High impact due to high water usage, high waste production","High impact due to high water usage, high waste production"
Cotton,2.1,10000,0.5,0.3680392156862745,High,1830_im_2.png,Cotton,"Material: Cotton | Risk: High | Reason: High impact due to high water usage, high waste production","High impact due to high water usage, high waste production"
Cotton,2.1,10000,0.5,0.3680392156862745,High,243_im_2.png,Cotton,"Material: Cotton | Risk: High | Reason: High impact due to high water usage, high waste production","High impact due to high water usage, high waste production"
Cotton,2.1,10000,0.5,0.3680392156862745,High,1790_im_2.png,Cotton,"Material: Cotton | Risk: High | Reason: High impact due to high water usage, high waste production","High impact due to high water usage, high waste production"
Cotton,2.1,10000,0.5,0.3680392156862745,High,161_im_2.png,Cotton,"Material: Cotton | Risk: High | Reason: High impact due to high water usage, high waste production","High impact due to high water usage, high waste production"
Cotton,2.1,10000,0.5,0.3680392156862745,High,1733_im_2.png,Cotton,"Material: Cotton | Risk: High | Reason: High impact due to high water usage, high waste production","High impact due to high water usage, high waste production"
Cotton,2.1,10000,0.5,0.3680392156862745,High,1851_im_2.png,Cotton,"Material: Cotton | Risk: High | Reason: High impact due to high water usage, high waste production","High impact due to high water usage, high waste production"
Cotton,2.1,10000,0.5,0.3680392156862745,High,1213_im_2.png,Cotton,"Material: Cotton | Risk: High | Reason: High impact due to high water usage, high waste production","High impact due to high water usage, high waste production"
Cotton,2.1,10000,0.5,0.3680392156862745,High,1517_im_2.png,Cotton,"Material: Cotton | Risk: High | Reason: High impact due to high water usage, high waste production","High impact due to high water usage, high waste production"
Cotton,2.1,10000,0.5,0.3680392156862745,High,1290_im_2.png,Cotton,"Material: Cotton | Risk: High | Reason: High impact due to high water usage, high waste production","High impact due to high water usage, high waste production"
Cotton,2.1,10000,0.5,0.3680392156862745,High,1755_im_2.png,Cotton,"Material: Cotton | Risk: High | Reason: High impact due to high water usage, high waste production","High impact due to high water usage, high waste production"
Cotton,2.1,10000,0.5,0.3680392156862745,High,417_im_2.png,Cotton,"Material: Cotton | Risk: High | Reason: High impact due to high water usage, high waste production","High impact due to high water usage, high waste production"
Cotton,2.1,10000,0.5,0.3680392156862745,High,1715_im_2.png,Cotton,"Material: Cotton | Risk: High | Reason: High impact due to high water usage, high waste production","High impact due to high water usage, high waste production"
Cotton,2.1,10000,0.5,0.3680392156862745,High,1167_im_2.png,Cotton,"Material: Cotton | Risk: High | Reason: High impact due to high water usage, high waste production","High impact due to high water usage, high waste production"
Cotton,2.1,10000,0.5,0.3680392156862745,High,428_im_2.png,Cotton,"Material: Cotton | Risk: High | Reason: High impact due to high water usage, high waste production","High impact due to high water usage, high waste production"
Cotton,2.1,10000,0.5,0.3680392156862745,High,1395_im_2.png,Cotton,"Material: Cotton | Risk: High | Reason: High impact due to high water usage, high waste production","High impact due to high water usage, high waste production"
Cotton,2.1,10000,0.5,0.3680392156862745,High,845_im_2.png,Cotton,"Material: Cotton | Risk: High | Reason: High impact due to high water usage, high waste production","High impact due to high water usage, high waste production"
Cotton,2.1,10000,0.5,0.3680392156862745,High,741_im_2.png,Cotton,"Material: Cotton | Risk: High | Reason: High impact due to high water usage, high waste production","High impact due to high water usage, high waste production"
Cotton,2.1,10000,0.5,0.3680392156862745,High,169_im_2.png,Cotton,"Material: Cotton | Risk: High | Reason: High impact due to high water usage, high waste production","High impact due to high water usage, high waste production"
Cotton,2.1,10000,0.5,0.3680392156862745,High,331_im_2.png,Cotton,"Material: Cotton | Risk: High | Reason: High impact due to high water usage, high waste production","High impact due to high water usage, high waste production"
Cotton,2.1,10000,0.5,0.3680392156862745,High,838_im_2.png,Blended,"Material: Cotton | Risk: High | Reason: High impact due to high water usage, high waste production","High impact due to high water usage, high waste production"
Cotton,2.1,10000,0.5,0.3680392156862745,High,490_im_2.png,Cotton,"Material: Cotton | Risk: High | Reason: High impact due to high water usage, high waste production","High impact due to high water usage, high waste production"
Cotton,2.1,10000,0.5,0.3680392156862745,High,1149_im_2.png,Cotton,"Material: Cotton | Risk: High | Reason: High impact due to high water usage, high waste production","High impact due to high water usage, high waste production"
Cotton,2.1,10000,0.5,0.3680392156862745,High,508_im_2.png,Cotton,"Material: Cotton | Risk: High | Reason: High impact due to high water usage, high waste production","High impact due to high water usage, high waste production"
Cotton,2.1,10000,0.5,0.3680392156862745,High,24_im_2.png,Cotton,"Material: Cotton | Risk: High | Reason: High impact due to high water usage, high waste production","High impact due to high water usage, high waste production"
Cotton,2.1,10000,0.5,0.3680392156862745,High,464_im_2.png,Blended,"Material: Cotton | Risk: High | Reason: High impact due to high water usage, high waste production","High impact due to high water usage, high waste production"
Cotton,2.1,10000,0.5,0.3680392156862745,High,206_im_2.png,Cotton,"Material: Cotton | Risk: High | Reason: High impact due to high water usage, high waste production","High impact due to high water usage, high waste production"
Cotton,2.1,10000,0.5,0.3680392156862745,High,749_im_2.png,Cotton,"Material: Cotton | Risk: High | Reason: High impact due to high water usage, high waste production","High impact due to high water usage, high waste production"
Cotton,2.1,10000,0.5,0.3680392156862745,High,1386_im_2.png,Cotton,"Material: Cotton | Risk: High | Reason: High impact due to high water usage, high waste production","High impact due to high water usage, high waste production"
Cotton,2.1,10000,0.5,0.3680392156862745,High,1557_im_2.png,Denim,"Material: Cotton | Risk: High | Reason: High impact due to high water usage, high waste production","High impact due to high water usage, high waste production"
Cotton,2.1,10000,0.5,0.3680392156862745,High,443_im_2.png,Denim,"Material: Cotton | Risk: High | Reason: High impact due to high water usage, high waste production","High impact due to high water usage, high waste production"
Cotton,2.1,10000,0.5,0.3680392156862745,High,1360_im_2.png,Cotton,"Material: Cotton | Risk: High | Reason: High impact due to high water usage, high waste production","High impact due to high water usage, high waste production"
Cotton,2.1,10000,0.5,0.3680392156862745,High,456_im_2.png,Cotton,"Material: Cotton | Risk: High | Reason: High impact due to high water usage, high waste production","High impact due to high water usage, high waste production"
Cotton,2.1,10000,0.5,0.3680392156862745,High,9_im_2.png,Cotton,"Material: Cotton | Risk: High | Reason: High impact due to high water usage, high waste production","High impact due to high water usage, high waste production"
Cotton,2.1,10000,0.5,0.3680392156862745,High,1504_im_2.png,Cotton,"Material: Cotton | Risk: High | Reason: High impact due to high water usage, high waste production","High impact due to high water usage, high waste production"
Cotton,2.1,10000,0.5,0.3680392156862745,High,737_im_2.png,Cotton,"Material: Cotton | Risk: High | Reason: High impact due to high water usage, high waste production","High impact due to high water usage, high waste production"
Cotton,2.1,10000,0.5,0.3680392156862745,High,1713_im_2.png,Cotton,"Material: Cotton | Risk: High | Reason: High impact due to high water usage, high waste production","High impact due to high water usage, high waste production"
Cotton,2.1,10000,0.5,0.3680392156862745,High,1515_im_2.png,Blended,"Material: Cotton | Risk: High | Reason: High impact due to high water usage, high waste production","High impact due to high water usage, high waste production"
Cotton,2.1,10000,0.5,0.3680392156862745,High,1461_im_2.png,Cotton,"Material: Cotton | Risk: High | Reason: High impact due to high water usage, high waste production","High impact due to high water usage, high waste production"
Cotton,2.1,10000,0.5,0.3680392156862745,High,1669_im_2.png,Cotton,"Material: Cotton | Risk: High | Reason: High impact due to high water usage, high waste production","High impact due to high water usage, high waste production"
Cotton,2.1,10000,0.5,0.3680392156862745,High,253_im_2.png,Cotton,"Material: Cotton | Risk: High | Reason: High impact due to high water usage, high waste production","High impact due to high water usage, high waste production"
Cotton,2.1,10000,0.5,0.3680392156862745,High,1795_im_2.png,Cotton,"Material: Cotton | Risk: High | Reason: High impact due to high water usage, high waste production","High impact due to high water usage, high waste production"
Cotton,2.1,10000,0.5,0.3680392156862745,High,1272_im_2.png,Cotton,"Material: Cotton | Risk: High | Reason: High impact due to high water usage, high waste production","High impact due to high water usage, high waste production"
Cotton,2.1,10000,0.5,0.3680392156862745,High,1159_im_2.png,Cotton,"Material: Cotton | Risk: High | Reason: High impact due to high water usage, high waste production","High impact due to high water usage, high waste production"
Cotton,2.1,10000,0.5,0.3680392156862745,High,1680_im_2.png,Cotton,"Material: Cotton | Risk: High | Reason: High impact due to high water usage, high waste production","High impact due to high water usage, high waste production"
Cotton,2.1,10000,0.5,0.3680392156862745,High,1724_im_2.png,Cotton,"Material: Cotton | Risk: High | Reason: High impact due to high water usage, high waste production","High impact due to high water usage, high waste production"
Cotton,2.1,10000,0.5,0.3680392156862745,High,1100_im_2.png,Cotton,"Material: Cotton | Risk: High | Reason: High impact due to high water usage, high waste production","High impact due to high water usage, high waste production"
Cotton,2.1,10000,0.5,0.3680392156862745,High,1769_im_2.png,Cotton,"Material: Cotton | Risk: High | Reason: High impact due to high water usage, high waste production","High impact due to high water usage, high waste production"
Cotton,2.1,10000,0.5,0.3680392156862745,High,132_im_2.png,Cotton,"Material: Cotton | Risk: High | Reason: High impact due to high water usage, high waste production","High impact due to high water usage, high waste production"
Cotton,2.1,10000,0.5,0.3680392156862745,High,1714_im_2.png,Cotton,"Material: Cotton | Risk: High | Reason: High impact due to high water usage, high waste production","High impact due to high water usage, high waste production"
Cotton,2.1,10000,0.5,0.3680392156862745,High,1521_im_2.png,Cotton,"Material: Cotton | Risk: High | Reason: High impact due to high water usage, high waste production","High impact due to high water usage, high waste production"
Cotton,2.1,10000,0.5,0.3680392156862745,High,1490_im_2.png,Cotton,"Material: Cotton | Risk: High | Reason: High impact due to high water usage, high waste production","High impact due to high water usage, high waste production"
Cotton,2.1,10000,0.5,0.3680392156862745,High,733_im_2.png,Cotton,"Material: Cotton | Risk: High | Reason: High impact due to high water usage, high waste production","High impact due to high water usage, high waste production"
Cotton,2.1,10000,0.5,0.3680392156862745,High,1373_im_2.png,Cotton,"Material: Cotton | Risk: High | Reason: High impact due to high water usage, high waste production","High impact due to high water usage, high waste production"
Cotton,2.1,10000,0.5,0.3680392156862745,High,735_im_2.png,Cotton,"Material: Cotton | Risk: High | Reason: High impact due to high water usage, high waste production","High impact due to high water usage, high waste production"
Cotton,2.1,10000,0.5,0.3680392156862745,High,507_im_2.png,Cotton,"Material: Cotton | Risk: High | Reason: High impact due to high water usage, high waste production","High impact due to high water usage, high waste production"
Cotton,2.1,10000,0.5,0.3680392156862745,High,1725_im_2.png,Cotton,"Material: Cotton | Risk: High | Reason: High impact due to high water usage, high waste production","High impact due to high water usage, high waste production"
Cotton,2.1,10000,0.5,0.3680392156862745,High,244_im_2.png,Cotton,"Material: Cotton | Risk: High | Reason: High impact due to high water usage, high waste production","High impact due to high water usage, high waste production"
Cotton,2.1,10000,0.5,0.3680392156862745,High,105_im_2.png,Cotton,"Material: Cotton | Risk: High | Reason: High impact due to high water usage, high waste production","High impact due to high water usage, high waste production"
Cotton,2.1,10000,0.5,0.3680392156862745,High,1298_im_2.png,Blended,"Material: Cotton | Risk: High | Reason: High impact due to high water usage, high waste production","High impact due to high water usage, high waste production"
Cotton,2.1,10000,0.5,0.3680392156862745,High,1809_im_2.png,Cotton,"Material: Cotton | Risk: High | Reason: High impact due to high water usage, high waste production","High impact due to high water usage, high waste production"
Cotton,2.1,10000,0.5,0.3680392156862745,High,1478_im_2.png,Cotton,"Material: Cotton | Risk: High | Reason: High impact due to high water usage, high waste production","High impact due to high water usage, high waste production"
Cotton,2.1,10000,0.5,0.3680392156862745,High,738_im_2.png,Cotton,"Material: Cotton | Risk: High | Reason: High impact due to high water usage, high waste production","High impact due to high water usage, high waste production"
Cotton,2.1,10000,0.5,0.3680392156862745,High,1168_im_2.png,Cotton,"Material: Cotton | Risk: High | Reason: High impact due to high water usage, high waste production","High impact due to high water usage, high waste production"
Cotton,2.1,10000,0.5,0.3680392156862745,High,739_im_2.png,Cotton,"Material: Cotton | Risk: High | Reason: High impact due to high water usage, high waste production","High impact due to high water usage, high waste production"
Cotton,2.1,10000,0.5,0.3680392156862745,High,1183_im_2.png,Cotton,"Material: Cotton | Risk: High | Reason: High impact due to high water usage, high waste production","High impact due to high water usage, high waste production"
Cotton,2.1,10000,0.5,0.3680392156862745,High,1200_im_2.png,Cotton,"Material: Cotton | Risk: High | Reason: High impact due to high water usage, high waste production","High impact due to high water usage, high waste production"
Cotton,2.1,10000,0.5,0.3680392156862745,High,495_im_2.png,Cotton,"Material: Cotton | Risk: High | Reason: High impact due to high water usage, high waste production","High impact due to high water usage, high waste production"
Cotton,2.1,10000,0.5,0.3680392156862745,High,387_im_2.png,Cotton,"Material: Cotton | Risk: High | Reason: High impact due to high water usage, high waste production","High impact due to high water usage, high waste production"
Cotton,2.1,10000,0.5,0.3680392156862745,High,1730_im_2.png,Cotton,"Material: Cotton | Risk: High | Reason: High impact due to high water usage, high waste production","High impact due to high water usage, high waste production"
Cotton,2.1,10000,0.5,0.3680392156862745,High,1522_im_2.png,Cotton,"Material: Cotton | Risk: High | Reason: High impact due to high water usage, high waste production","High impact due to high water usage, high waste production"
Cotton,2.1,10000,0.5,0.3680392156862745,High,159_im_2.png,Cotton,"Material: Cotton | Risk: High | Reason: High impact due to high water usage, high waste production","High impact due to high water usage, high waste production"
Cotton,2.1,10000,0.5,0.3680392156862745,High,1108_im_2.png,Cotton,"Material: Cotton | Risk: High | Reason: High impact due to high water usage, high waste production","High impact due to high water usage, high waste production"
Cotton,2.1,10000,0.5,0.3680392156862745,High,839_im_2.png,Blended,"Material: Cotton | Risk: High | Reason: High impact due to high water usage, high waste production","High impact due to high water usage, high waste production"
Cotton,2.1,10000,0.5,0.3680392156862745,High,1169_im_2.png,Cotton,"Material: Cotton | Risk: High | Reason: High impact due to high water usage, high waste production","High impact due to high water usage, high waste production"
Cotton,2.1,10000,0.5,0.3680392156862745,High,1768_im_2.png,Cotton,"Material: Cotton | Risk: High | Reason: High impact due to high water usage, high waste production","High impact due to high water usage, high waste production"
Cotton,2.1,10000,0.5,0.3680392156862745,High,1292_im_2.png,Cotton,"Material: Cotton | Risk: High | Reason: High impact due to high water usage, high waste production","High impact due to high water usage, high waste production"
Cotton,2.1,10000,0.5,0.3680392156862745,High,1796_im_2.png,Cotton,"Material: Cotton | Risk: High | Reason: High impact due to high water usage, high waste production","High impact due to high water usage, high waste production"
Cotton,2.1,10000,0.5,0.3680392156862745,High,1147_im_2.png,Cotton,"Material: Cotton | Risk: High | Reason: High impact due to high water usage, high waste production","High impact due to high water usage, high waste production"
Cotton,2.1,10000,0.5,0.3680392156862745,High,466_im_2.png,Cotton,"Material: Cotton | Risk: High | Reason: High impact due to high water usage, high waste production","High impact due to high water usage, high waste production"
Cotton,2.1,10000,0.5,0.3680392156862745,High,1957_im_2.png,Cotton,"Material: Cotton | Risk: High | Reason: High impact due to high water usage, high waste production","High impact due to high water usage, high waste production"
Cotton,2.1,10000,0.5,0.3680392156862745,High,1109_im_2.png,Denim,"Material: Cotton | Risk: High | Reason: High impact due to high water usage, high waste production","High impact due to high water usage, high waste production"
Cotton,2.1,10000,0.5,0.3680392156862745,High,1941_im_2.png,Cotton,"Material: Cotton | Risk: High | Reason: High impact due to high water usage, high waste production","High impact due to high water usage, high waste production"
Cotton,2.1,10000,0.5,0.3680392156862745,High,1483_im_2.png,Cotton,"Material: Cotton | Risk: High | Reason: High impact due to high water usage, high waste production","High impact due to high water usage, high waste production"
Cotton,2.1,10000,0.5,0.3680392156862745,High,491_im_2.png,Cotton,"Material: Cotton | Risk: High | Reason: High impact due to high water usage, high waste production","High impact due to high water usage, high waste production"
Cotton,2.1,10000,0.5,0.3680392156862745,High,237_im_2.png,Cotton,"Material: Cotton | Risk: High | Reason: High impact due to high water usage, high waste production","High impact due to high water usage, high waste production"
Cotton,2.1,10000,0.5,0.3680392156862745,High,125_im_2.png,Cotton,"Material: Cotton | Risk: High | Reason: High impact due to high water usage, high waste production","High impact due to high water usage, high waste production"
Cotton,2.1,10000,0.5,0.3680392156862745,High,1284_im_2.png,Cotton,"Material: Cotton | Risk: High | Reason: High impact due to high water usage, high waste production","High impact due to high water usage, high waste production"
Cotton,2.1,10000,0.5,0.3680392156862745,High,1377_im_2.png,Cotton,"Material: Cotton | Risk: High | Reason: High impact due to high water usage, high waste production","High impact due to high water usage, high waste production"
Cotton,2.1,10000,0.5,0.3680392156862745,High,1740_im_2.png,Cotton,"Material: Cotton | Risk: High | Reason: High impact due to high water usage, high waste production","High impact due to high water usage, high waste production"
Cotton,2.1,10000,0.5,0.3680392156862745,High,1482_im_2.png,Cotton,"Material: Cotton | Risk: High | Reason: High impact due to high water usage, high waste production","High impact due to high water usage, high waste production"
Cotton,2.1,10000,0.5,0.3680392156862745,High,52_im_2.png,Cotton,"Material: Cotton | Risk: High | Reason: High impact due to high water usage, high waste production","High impact due to high water usage, high waste production"
Cotton,2.1,10000,0.5,0.3680392156862745,High,390_im_2.png,Cotton,"Material: Cotton | Risk: High | Reason: High impact due to high water usage, high waste production","High impact due to high water usage, high waste production"
Cotton,2.1,10000,0.5,0.3680392156862745,High,418_im_2.png,Cotton,"Material: Cotton | Risk: High | Reason: High impact due to high water usage, high waste production","High impact due to high water usage, high waste production"
Cotton,2.1,10000,0.5,0.3680392156862745,High,1144_im_2.png,Cotton,"Material: Cotton | Risk: High | Reason: High impact due to high water usage, high waste production","High impact due to high water usage, high waste production"
Cotton,2.1,10000,0.5,0.3680392156862745,High,1480_im_2.png,Cotton,"Material: Cotton | Risk: High | Reason: High impact due to high water usage, high waste production","High impact due to high water usage, high waste production"
Cotton,2.1,10000,0.5,0.3680392156862745,High,736_im_2.png,Cotton,"Material: Cotton | Risk: High | Reason: High impact due to high water usage, high waste production","High impact due to high water usage, high waste production"
Cotton,2.1,10000,0.5,0.3680392156862745,High,467_im_2.png,Cotton,"Material: Cotton | Risk: High | Reason: High impact due to high water usage, high waste production","High impact due to high water usage, high waste production"
Cotton,2.1,10000,0.5,0.3680392156862745,High,11_im_2.png,Denim,"Material: Cotton | Risk: High | Reason: High impact due to high water usage, high waste production","High impact due to high water usage, high waste production"
Cotton,2.1,10000,0.5,0.3680392156862745,High,1148_im_2.png,Blended,"Material: Cotton | Risk: High | Reason: High impact due to high water usage, high waste production","High impact due to high water usage, high waste production"
Cotton,2.1,10000,0.5,0.3680392156862745,High,1211_im_2.png,Cotton,"Material: Cotton | Risk: High | Reason: High impact due to high water usage, high waste production","High impact due to high water usage, high waste production"
Cotton,2.1,10000,0.5,0.3680392156862745,High,1459_im_2.png,Cotton,"Material: Cotton | Risk: High | Reason: High impact due to high water usage, high waste production","High impact due to high water usage, high waste production"
Cotton,2.1,10000,0.5,0.3680392156862745,High,696_im_2.png,Cotton,"Material: Cotton | Risk: High | Reason: High impact due to high water usage, high waste production","High impact due to high water usage, high waste production"
Cotton,2.1,10000,0.5,0.3680392156862745,High,1508_im_2.png,Cotton,"Material: Cotton | Risk: High | Reason: High impact due to high water usage, high waste production","High impact due to high water usage, high waste production"
Cotton,2.1,10000,0.5,0.3680392156862745,High,1475_im_2.png,Cotton,"Material: Cotton | Risk: High | Reason: High impact due to high water usage, high waste production","High impact due to high water usage, high waste production"
Cotton,2.1,10000,0.5,0.3680392156862745,High,1502_im_2.png,Cotton,"Material: Cotton | Risk: High | Reason: High impact due to high water usage, high waste production","High impact due to high water usage, high waste production"
Cotton,2.1,10000,0.5,0.3680392156862745,High,205_im_2.png,Cotton,"Material: Cotton | Risk: High | Reason: High impact due to high water usage, high waste production","High impact due to high water usage, high waste production"
Cotton,2.1,10000,0.5,0.3680392156862745,High,1379_im_2.png,Denim,"Material: Cotton | Risk: High | Reason: High impact due to high water usage, high waste production","High impact due to high water usage, high waste production"
Cotton,2.1,10000,0.5,0.3680392156862745,High,1472_im_2.png,Cotton,"Material: Cotton | Risk: High | Reason: High impact due to high water usage, high waste production","High impact due to high water usage, high waste production"
Cotton,2.1,10000,0.5,0.3680392156862745,High,1503_im_2.png,Cotton,"Material: Cotton | Risk: High | Reason: High impact due to high water usage, high waste production","High impact due to high water usage, high waste production"
Cotton,2.1,10000,0.5,0.3680392156862745,High,71_im_2.png,Cotton,"Material: Cotton | Risk: High | Reason: High impact due to high water usage, high waste production","High impact due to high water usage, high waste production"
Cotton,2.1,10000,0.5,0.3680392156862745,High,319_im_2.png,Cotton,"Material: Cotton | Risk: High | Reason: High impact due to high water usage, high waste production","High impact due to high water usage, high waste production"
Cotton,2.1,10000,0.5,0.3680392156862745,High,1243_im_2.png,Cotton,"Material: Cotton | Risk: High | Reason: High impact due to high water usage, high waste production","High impact due to high water usage, high waste production"
Cotton,2.1,10000,0.5,0.3680392156862745,High,1161_im_2.png,Cotton,"Material: Cotton | Risk: High | Reason: High impact due to high water usage, high waste production","High impact due to high water usage, high waste production"
Cotton,2.1,10000,0.5,0.3680392156862745,High,1361_im_2.png,Cotton,"Material: Cotton | Risk: High | Reason: High impact due to high water usage, high waste production","High impact due to high water usage, high waste production"
Cotton,2.1,10000,0.5,0.3680392156862745,High,1126_im_2.png,Cotton,"Material: Cotton | Risk: High | Reason: High impact due to high water usage, high waste production","High impact due to high water usage, high waste production"
Cotton,2.1,10000,0.5,0.3680392156862745,High,697_im_2.png,Cotton,"Material: Cotton | Risk: High | Reason: High impact due to high water usage, high waste production","High impact due to high water usage, high waste production"
Cotton,2.1,10000,0.5,0.3680392156862745,High,1217_im_2.png,Cotton,"Material: Cotton | Risk: High | Reason: High impact due to high water usage, high waste production","High impact due to high water usage, high waste production"
Cotton,2.1,10000,0.5,0.3680392156862745,High,834_im_2.png,Cotton,"Material: Cotton | Risk: High | Reason: High impact due to high water usage, high waste production","High impact due to high water usage, high waste production"
Cotton,2.1,10000,0.5,0.3680392156862745,High,1468_im_2.png,Cotton,"Material: Cotton | Risk: High | Reason: High impact due to high water usage, high waste production","High impact due to high water usage, high waste production"
Cotton,2.1,10000,0.5,0.3680392156862745,High,1202_im_2.png,Cotton,"Material: Cotton | Risk: High | Reason: High impact due to high water usage, high waste production","High impact due to high water usage, high waste production"
Cotton,2.1,10000,0.5,0.3680392156862745,High,1385_im_2.png,Cotton,"Material: Cotton | Risk: High | Reason: High impact due to high water usage, high waste production","High impact due to high water usage, high waste production"
Cotton,2.1,10000,0.5,0.3680392156862745,High,1270_im_2.png,Cotton,"Material: Cotton | Risk: High | Reason: High impact due to high water usage, high waste production","High impact due to high water usage, high waste production"
Cotton,2.1,10000,0.5,0.3680392156862745,High,471_im_2.png,Cotton,"Material: Cotton | Risk: High | Reason: High impact due to high water usage, high waste production","High impact due to high water usage, high waste production"
Cotton,2.1,10000,0.5,0.3680392156862745,High,1281_im_2.png,Cotton,"Material: Cotton | Risk: High | Reason: High impact due to high water usage, high waste production","High impact due to high water usage, high waste production"
Cotton,2.1,10000,0.5,0.3680392156862745,High,175_im_2.png,Cotton,"Material: Cotton | Risk: High | Reason: High impact due to high water usage, high waste production","High impact due to high water usage, high waste production"
Cotton,2.1,10000,0.5,0.3680392156862745,High,843_im_2.png,Blended,"Material: Cotton | Risk: High | Reason: High impact due to high water usage, high waste production","High impact due to high water usage, high waste production"
Cotton,2.1,10000,0.5,0.3680392156862745,High,181_im_2.png,Cotton,"Material: Cotton | Risk: High | Reason: High impact due to high water usage, high waste production","High impact due to high water usage, high waste production"
Cotton,2.1,10000,0.5,0.3680392156862745,High,1514_im_2.png,Cotton,"Material: Cotton | Risk: High | Reason: High impact due to high water usage, high waste production","High impact due to high water usage, high waste production"
Cotton,2.1,10000,0.5,0.3680392156862745,High,1555_im_2.png,Denim,"Material: Cotton | Risk: High | Reason: High impact due to high water usage, high waste production","High impact due to high water usage, high waste production"
Cotton,2.1,10000,0.5,0.3680392156862745,High,1575_im_2.png,Cotton,"Material: Cotton | Risk: High | Reason: High impact due to high water usage, high waste production","High impact due to high water usage, high waste production"
Cotton,2.1,10000,0.5,0.3680392156862745,High,1452_im_2.png,Cotton,"Material: Cotton | Risk: High | Reason: High impact due to high water usage, high waste production","High impact due to high water usage, high waste production"
Cotton,2.1,10000,0.5,0.3680392156862745,High,1774_im_2.png,Cotton,"Material: Cotton | Risk: High | Reason: High impact due to high water usage, high waste production","High impact due to high water usage, high waste production"
Cotton,2.1,10000,0.5,0.3680392156862745,High,1297_im_2.png,Denim,"Material: Cotton | Risk: High | Reason: High impact due to high water usage, high waste production","High impact due to high water usage, high waste production"
Cotton,2.1,10000,0.5,0.3680392156862745,High,1844_im_2.png,Cotton,"Material: Cotton | Risk: High | Reason: High impact due to high water usage, high waste production","High impact due to high water usage, high waste production"
Cotton,2.1,10000,0.5,0.3680392156862745,High,1494_im_2.png,Cotton,"Material: Cotton | Risk: High | Reason: High impact due to high water usage, high waste production","High impact due to high water usage, high waste production"
Cotton,2.1,10000,0.5,0.3680392156862745,High,162_im_2.png,Cotton,"Material: Cotton | Risk: High | Reason: High impact due to high water usage, high waste production","High impact due to high water usage, high waste production"
Cotton,2.1,10000,0.5,0.3680392156862745,High,415_im_2.png,Cotton,"Material: Cotton | Risk: High | Reason: High impact due to high water usage, high waste production","High impact due to high water usage, high waste production"
Cotton,2.1,10000,0.5,0.3680392156862745,High,1563_im_2.png,Cotton,"Material: Cotton | Risk: High | Reason: High impact due to high water usage, high waste production","High impact due to high water usage, high waste production"
Cotton,2.1,10000,0.5,0.3680392156862745,High,848_im_2.png,Cotton,"Material: Cotton | Risk: High | Reason: High impact due to high water usage, high waste production","High impact due to high water usage, high waste production"
Cotton,2.1,10000,0.5,0.3680392156862745,High,1752_im_2.png,Cotton,"Material: Cotton | Risk: High | Reason: High impact due to high water usage, high waste production","High impact due to high water usage, high waste production"
Cotton,2.1,10000,0.5,0.3680392156862745,High,1218_im_2.png,Denim,"Material: Cotton | Risk: High | Reason: High impact due to high water usage, high waste production","High impact due to high water usage, high waste production"
Cotton,2.1,10000,0.5,0.3680392156862745,High,1223_im_2.png,Cotton,"Material: Cotton | Risk: High | Reason: High impact due to high water usage, high waste production","High impact due to high water usage, high waste production"
Cotton,2.1,10000,0.5,0.3680392156862745,High,1562_im_2.png,Cotton,"Material: Cotton | Risk: High | Reason: High impact due to high water usage, high waste production","High impact due to high water usage, high waste production"
Cotton,2.1,10000,0.5,0.3680392156862745,High,1458_im_2.png,Cotton,"Material: Cotton | Risk: High | Reason: High impact due to high water usage, high waste production","High impact due to high water usage, high waste production"
Cotton,2.1,10000,0.5,0.3680392156862745,High,1261_im_2.png,Cotton,"Material: Cotton | Risk: High | Reason: High impact due to high water usage, high waste production","High impact due to high water usage, high waste production"
Cotton,2.1,10000,0.5,0.3680392156862745,High,1151_im_2.png,Cotton,"Material: Cotton | Risk: High | Reason: High impact due to high water usage, high waste production","High impact due to high water usage, high waste production"
Cotton,2.1,10000,0.5,0.3680392156862745,High,121_im_2.png,Cotton,"Material: Cotton | Risk: High | Reason: High impact due to high water usage, high waste production","High impact due to high water usage, high waste production"
Cotton,2.1,10000,0.5,0.3680392156862745,High,1244_im_2.png,Cotton,"Material: Cotton | Risk: High | Reason: High impact due to high water usage, high waste production","High impact due to high water usage, high waste production"
Cotton,2.1,10000,0.5,0.3680392156862745,High,427_im_2.png,Cotton,"Material: Cotton | Risk: High | Reason: High impact due to high water usage, high waste production","High impact due to high water usage, high waste production"
Cotton,2.1,10000,0.5,0.3680392156862745,High,470_im_2.png,Cotton,"Material: Cotton | Risk: High | Reason: High impact due to high water usage, high waste production","High impact due to high water usage, high waste production"
Cotton,2.1,10000,0.5,0.3680392156862745,High,19_im_2.png,Cotton,"Material: Cotton | Risk: High | Reason: High impact due to high water usage, high waste production","High impact due to high water usage, high waste production"
Cotton,2.1,10000,0.5,0.3680392156862745,High,320_im_2.png,Cotton,"Material: Cotton | Risk: High | Reason: High impact due to high water usage, high waste production","High impact due to high water usage, high waste production"
Cotton,2.1,10000,0.5,0.3680392156862745,High,1944_im_2.png,Cotton,"Material: Cotton | Risk: High | Reason: High impact due to high water usage, high waste production","High impact due to high water usage, high waste production"
Cotton,2.1,10000,0.5,0.3680392156862745,High,750_im_2.png,Cotton,"Material: Cotton | Risk: High | Reason: High impact due to high water usage, high waste production","High impact due to high water usage, high waste production"
Cotton,2.1,10000,0.5,0.3680392156862745,High,1801_im_2.png,Cotton,"Material: Cotton | Risk: High | Reason: High impact due to high water usage, high waste production","High impact due to high water usage, high waste production"
Cotton,2.1,10000,0.5,0.3680392156862745,High,1736_im_2.png,Cotton,"Material: Cotton | Risk: High | Reason: High impact due to high water usage, high waste production","High impact due to high water usage, high waste production"
Cotton,2.1,10000,0.5,0.3680392156862745,High,302_im_2.png,Cotton,"Material: Cotton | Risk: High | Reason: High impact due to high water usage, high waste production","High impact due to high water usage, high waste production"
Cotton,2.1,10000,0.5,0.3680392156862745,High,734_im_2.png,Cotton,"Material: Cotton | Risk: High | Reason: High impact due to high water usage, high waste production","High impact due to high water usage, high waste production"
Cotton,2.1,10000,0.5,0.3680392156862745,High,752_im_2.png,Cotton,"Material: Cotton | Risk: High | Reason: High impact due to high water usage, high waste production","High impact due to high water usage, high waste production"
Cotton,2.1,10000,0.5,0.3680392156862745,High,176_im_2.png,Cotton,"Material: Cotton | Risk: High | Reason: High impact due to high water usage, high waste production","High impact due to high water usage, high waste production"
Cotton,2.1,10000,0.5,0.3680392156862745,High,1182_im_2.png,Cotton,"Material: Cotton | Risk: High | Reason: High impact due to high water usage, high waste production","High impact due to high water usage, high waste production"
Cotton,2.1,10000,0.5,0.3680392156862745,High,409_im_2.png,Cotton,"Material: Cotton | Risk: High | Reason: High impact due to high water usage, high waste production","High impact due to high water usage, high waste production"
Cotton,2.1,10000,0.5,0.3680392156862745,High,693_im_2.png,Cotton,"Material: Cotton | Risk: High | Reason: High impact due to high water usage, high waste production","High impact due to high water usage, high waste production"
Cotton,2.1,10000,0.5,0.3680392156862745,High,474_im_2.png,Cotton,"Material: Cotton | Risk: High | Reason: High impact due to high water usage, high waste production","High impact due to high water usage, high waste production"
Cotton,2.1,10000,0.5,0.3680392156862745,High,1744_im_2.png,Cotton,"Material: Cotton | Risk: High | Reason: High impact due to high water usage, high waste production","High impact due to high water usage, high waste production"
Cotton,2.1,10000,0.5,0.3680392156862745,High,1216_im_2.png,Cotton,"Material: Cotton | Risk: High | Reason: High impact due to high water usage, high waste production","High impact due to high water usage, high waste production"
Cotton,2.1,10000,0.5,0.3680392156862745,High,1121_im_2.png,Cotton,"Material: Cotton | Risk: High | Reason: High impact due to high water usage, high waste production","High impact due to high water usage, high waste production"
Cotton,2.1,10000,0.5,0.3680392156862745,High,139_im_2.png,Cotton,"Material: Cotton | Risk: High | Reason: High impact due to high water usage, high waste production","High impact due to high water usage, high waste production"
Cotton,2.1,10000,0.5,0.3680392156862745,High,480_im_2.png,Cotton,"Material: Cotton | Risk: High | Reason: High impact due to high water usage, high waste production","High impact due to high water usage, high waste production"
Cotton,2.1,10000,0.5,0.3680392156862745,High,1238_im_2.png,Denim,"Material: Cotton | Risk: High | Reason: High impact due to high water usage, high waste production","High impact due to high water usage, high waste production"
Cotton,2.1,10000,0.5,0.3680392156862745,High,1940_im_2.png,Cotton,"Material: Cotton | Risk: High | Reason: High impact due to high water usage, high waste production","High impact due to high water usage, high waste production"
Cotton,2.1,10000,0.5,0.3680392156862745,High,746_im_2.png,Cotton,"Material: Cotton | Risk: High | Reason: High impact due to high water usage, high waste production","High impact due to high water usage, high waste production"
Cotton,2.1,10000,0.5,0.3680392156862745,High,844_im_2.png,Cotton,"Material: Cotton | Risk: High | Reason: High impact due to high water usage, high waste production","High impact due to high water usage, high waste production"
Cotton,2.1,10000,0.5,0.3680392156862745,High,341_im_2.png,Cotton,"Material: Cotton | Risk: High | Reason: High impact due to high water usage, high waste production","High impact due to high water usage, high waste production"
Cotton,2.1,10000,0.5,0.3680392156862745,High,1831_im_2.png,Cotton,"Material: Cotton | Risk: High | Reason: High impact due to high water usage, high waste production","High impact due to high water usage, high waste production"
Cotton,2.1,10000,0.5,0.3680392156862745,High,1758_im_2.png,Cotton,"Material: Cotton | Risk: High | Reason: High impact due to high water usage, high waste production","High impact due to high water usage, high waste production"
Cotton,2.1,10000,0.5,0.3680392156862745,High,425_im_2.png,Cotton,"Material: Cotton | Risk: High | Reason: High impact due to high water usage, high waste production","High impact due to high water usage, high waste production"
Cotton,2.1,10000,0.5,0.3680392156862745,High,1499_im_2.png,Cotton,"Material: Cotton | Risk: High | Reason: High impact due to high water usage, high waste production","High impact due to high water usage, high waste production"
Cotton,2.1,10000,0.5,0.3680392156862745,High,70_im_2.png,Cotton,"Material: Cotton | Risk: High | Reason: High impact due to high water usage, high waste production","High impact due to high water usage, high waste production"
Cotton,2.1,10000,0.5,0.3680392156862745,High,479_im_2.png,Cotton,"Material: Cotton | Risk: High | Reason: High impact due to high water usage, high waste production","High impact due to high water usage, high waste production"
Cotton,2.1,10000,0.5,0.3680392156862745,High,204_im_2.png,Cotton,"Material: Cotton | Risk: High | Reason: High impact due to high water usage, high waste production","High impact due to high water usage, high waste production"
Cotton,2.1,10000,0.5,0.3680392156862745,High,1491_im_2.png,Cotton,"Material: Cotton | Risk: High | Reason: High impact due to high water usage, high waste production","High impact due to high water usage, high waste production"
Cotton,2.1,10000,0.5,0.3680392156862745,High,1158_im_2.png,Cotton,"Material: Cotton | Risk: High | Reason: High impact due to high water usage, high waste production","High impact due to high water usage, high waste production"
Cotton,2.1,10000,0.5,0.3680392156862745,High,1751_im_2.png,Cotton,"Material: Cotton | Risk: High | Reason: High impact due to high water usage, high waste production","High impact due to high water usage, high waste production"
Cotton,2.1,10000,0.5,0.3680392156862745,High,1210_im_2.png,Cotton,"Material: Cotton | Risk: High | Reason: High impact due to high water usage, high waste production","High impact due to high water usage, high waste production"
Cotton,2.1,10000,0.5,0.3680392156862745,High,87_im_2.png,Cotton,"Material: Cotton | Risk: High | Reason: High impact due to high water usage, high waste production","High impact due to high water usage, high waste production"
Cotton,2.1,10000,0.5,0.3680392156862745,High,1487_im_2.png,Cotton,"Material: Cotton | Risk: High | Reason: High impact due to high water usage, high waste production","High impact due to high water usage, high waste production"
Cotton,2.1,10000,0.5,0.3680392156862745,High,1489_im_2.png,Cotton,"Material: Cotton | Risk: High | Reason: High impact due to high water usage, high waste production","High impact due to high water usage, high waste production"
Cotton,2.1,10000,0.5,0.3680392156862745,High,1679_im_2.png,Cotton,"Material: Cotton | Risk: High | Reason: High impact due to high water usage, high waste production","High impact due to high water usage, high waste production"
Cotton,2.1,10000,0.5,0.3680392156862745,High,452_im_2.png,Cotton,"Material: Cotton | Risk: High | Reason: High impact due to high water usage, high waste production","High impact due to high water usage, high waste production"
Cotton,2.1,10000,0.5,0.3680392156862745,High,1383_im_2.png,Denim,"Material: Cotton | Risk: High | Reason: High impact due to high water usage, high waste production","High impact due to high water usage, high waste production"
Cotton,2.1,10000,0.5,0.3680392156862745,High,75_im_2.png,Cotton,"Material: Cotton | Risk: High | Reason: High impact due to high water usage, high waste production","High impact due to high water usage, high waste production"
Cotton,2.1,10000,0.5,0.3680392156862745,High,1818_im_2.png,Cotton,"Material: Cotton | Risk: High | Reason: High impact due to high water usage, high waste production","High impact due to high water usage, high waste production"
Cotton,2.1,10000,0.5,0.3680392156862745,High,1477_im_2.png,Cotton,"Material: Cotton | Risk: High | Reason: High impact due to high water usage, high waste production","High impact due to high water usage, high waste production"
Cotton,2.1,10000,0.5,0.3680392156862745,High,99_im_2.png,Cotton,"Material: Cotton | Risk: High | Reason: High impact due to high water usage, high waste production","High impact due to high water usage, high waste production"
Cotton,2.1,10000,0.5,0.3680392156862745,High,699_im_2.png,Cotton,"Material: Cotton | Risk: High | Reason: High impact due to high water usage, high waste production","High impact due to high water usage, high waste production"
Cotton,2.1,10000,0.5,0.3680392156862745,High,1129_im_2.png,Cotton,"Material: Cotton | Risk: High | Reason: High impact due to high water usage, high waste production","High impact due to high water usage, high waste production"
Cotton,2.1,10000,0.5,0.3680392156862745,High,1737_im_2.png,Cotton,"Material: Cotton | Risk: High | Reason: High impact due to high water usage, high waste production","High impact due to high water usage, high waste production"
Cotton,2.1,10000,0.5,0.3680392156862745,High,25_im_2.png,Cotton,"Material: Cotton | Risk: High | Reason: High impact due to high water usage, high waste production","High impact due to high water usage, high waste production"
Cotton,2.1,10000,0.5,0.3680392156862745,High,1761_im_2.png,Cotton,"Material: Cotton | Risk: High | Reason: High impact due to high water usage, high waste production","High impact due to high water usage, high waste production"
Cotton,2.1,10000,0.5,0.3680392156862745,High,1942_im_2.png,Cotton,"Material: Cotton | Risk: High | Reason: High impact due to high water usage, high waste production","High impact due to high water usage, high waste production"
Cotton,2.1,10000,0.5,0.3680392156862745,High,451_im_2.png,Cotton,"Material: Cotton | Risk: High | Reason: High impact due to high water usage, high waste production","High impact due to high water usage, high waste production"
Cotton,2.1,10000,0.5,0.3680392156862745,High,1527_im_2.png,Denim,"Material: Cotton | Risk: High | Reason: High impact due to high water usage, high waste production","High impact due to high water usage, high waste production"
Cotton,2.1,10000,0.5,0.3680392156862745,High,742_im_2.png,Cotton,"Material: Cotton | Risk: High | Reason: High impact due to high water usage, high waste production","High impact due to high water usage, high waste production"
Cotton,2.1,10000,0.5,0.3680392156862745,High,245_im_2.png,Denim,"Material: Cotton | Risk: High | Reason: High impact due to high water usage, high waste production","High impact due to high water usage, high waste production"
Cotton,2.1,10000,0.5,0.3680392156862745,High,1194_im_2.png,Cotton,"Material: Cotton | Risk: High | Reason: High impact due to high water usage, high waste production","High impact due to high water usage, high waste production"
Cotton,2.1,10000,0.5,0.3680392156862745,High,457_im_2.png,Cotton,"Material: Cotton | Risk: High | Reason: High impact due to high water usage, high waste production","High impact due to high water usage, high waste production"
Cotton,2.1,10000,0.5,0.3680392156862745,High,1364_im_2.png,Cotton,"Material: Cotton | Risk: High | Reason: High impact due to high water usage, high waste production","High impact due to high water usage, high waste production"
Cotton,2.1,10000,0.5,0.3680392156862745,High,1554_im_2.png,Denim,"Material: Cotton | Risk: High | Reason: High impact due to high water usage, high waste production","High impact due to high water usage, high waste production"
Cotton,2.1,10000,0.5,0.3680392156862745,High,213_im_2.png,Cotton,"Material: Cotton | Risk: High | Reason: High impact due to high water usage, high waste production","High impact due to high water usage, high waste production"
Cotton,2.1,10000,0.5,0.3680392156862745,High,303_im_2.png,Cotton,"Material: Cotton | Risk: High | Reason: High impact due to high water usage, high waste production","High impact due to high water usage, high waste production"
Cotton,2.1,10000,0.5,0.3680392156862745,High,694_im_2.png,Cotton,"Material: Cotton | Risk: High | Reason: High impact due to high water usage, high waste production","High impact due to high water usage, high waste production"
Cotton,2.1,10000,0.5,0.3680392156862745,High,164_im_2.png,Cotton,"Material: Cotton | Risk: High | Reason: High impact due to high water usage, high waste production","High impact due to high water usage, high waste production"
Cotton,2.1,10000,0.5,0.3680392156862745,High,327_im_2.png,Cotton,"Material: Cotton | Risk: High | Reason: High impact due to high water usage, high waste production","High impact due to high water usage, high waste production"
Cotton,2.1,10000,0.5,0.3680392156862745,High,1474_im_2.png,Cotton,"Material: Cotton | Risk: High | Reason: High impact due to high water usage, high waste production","High impact due to high water usage, high waste production"
Cotton,2.1,10000,0.5,0.3680392156862745,High,1273_im_2.png,Cotton,"Material: Cotton | Risk: High | Reason: High impact due to high water usage, high waste production","High impact due to high water usage, high waste production"
Cotton,2.1,10000,0.5,0.3680392156862745,High,230_im_2.png,Cotton,"Material: Cotton | Risk: High | Reason: High impact due to high water usage, high waste production","High impact due to high water usage, high waste production"
Cotton,2.1,10000,0.5,0.3680392156862745,High,10_im_2.png,Cotton,"Material: Cotton | Risk: High | Reason: High impact due to high water usage, high waste production","High impact due to high water usage, high waste production"
Cotton,2.1,10000,0.5,0.3680392156862745,High,86_im_2.png,Cotton,"Material: Cotton | Risk: High | Reason: High impact due to high water usage, high waste production","High impact due to high water usage, high waste production"
Cotton,2.1,10000,0.5,0.3680392156862745,High,1512_im_2.png,Cotton,"Material: Cotton | Risk: High | Reason: High impact due to high water usage, high waste production","High impact due to high water usage, high waste production"
Cotton,2.1,10000,0.5,0.3680392156862745,High,1888_im_2.png,Cotton,"Material: Cotton | Risk: High | Reason: High impact due to high water usage, high waste production","High impact due to high water usage, high waste production"
Cotton,2.1,10000,0.5,0.3680392156862745,High,1470_im_2.png,Cotton,"Material: Cotton | Risk: High | Reason: High impact due to high water usage, high waste production","High impact due to high water usage, high waste production"
Cotton,2.1,10000,0.5,0.3680392156862745,High,1382_im_2.png,Denim,"Material: Cotton | Risk: High | Reason: High impact due to high water usage, high waste production","High impact due to high water usage, high waste production"
Cotton,2.1,10000,0.5,0.3680392156862745,High,1293_im_2.png,Cotton,"Material: Cotton | Risk: High | Reason: High impact due to high water usage, high waste production","High impact due to high water usage, high waste production"
Cotton,2.1,10000,0.5,0.3680392156862745,High,170_im_2.png,Cotton,"Material: Cotton | Risk: High | Reason: High impact due to high water usage, high waste production","High impact due to high water usage, high waste production"
Cotton,2.1,10000,0.5,0.3680392156862745,High,1718_im_2.png,Cotton,"Material: Cotton | Risk: High | Reason: High impact due to high water usage, high waste production","High impact due to high water usage, high waste production"
Cotton,2.1,10000,0.5,0.3680392156862745,High,214_im_2.png,Cotton,"Material: Cotton | Risk: High | Reason: High impact due to high water usage, high waste production","High impact due to high water usage, high waste production"
Cotton,2.1,10000,0.5,0.3680392156862745,High,1601_im_2.png,Cotton,"Material: Cotton | Risk: High | Reason: High impact due to high water usage, high waste production","High impact due to high water usage, high waste production"
Cotton,2.1,10000,0.5,0.3680392156862745,High,209_im_2.png,Cotton,"Material: Cotton | Risk: High | Reason: High impact due to high water usage, high waste production","High impact due to high water usage, high waste production"
Cotton,2.1,10000,0.5,0.3680392156862745,High,178_im_2.png,Cotton,"Material: Cotton | Risk: High | Reason: High impact due to high water usage, high waste production","High impact due to high water usage, high waste production"
Cotton,2.1,10000,0.5,0.3680392156862745,High,1391_im_2.png,Cotton,"Material: Cotton | Risk: High | Reason: High impact due to high water usage, high waste production","High impact due to high water usage, high waste production"
Cotton,2.1,10000,0.5,0.3680392156862745,High,407_im_2.png,Cotton,"Material: Cotton | Risk: High | Reason: High impact due to high water usage, high waste production","High impact due to high water usage, high waste production"
Cotton,2.1,10000,0.5,0.3680392156862745,High,1497_im_2.png,Cotton,"Material: Cotton | Risk: High | Reason: High impact due to high water usage, high waste production","High impact due to high water usage, high waste production"
Cotton,2.1,10000,0.5,0.3680392156862745,High,1802_im_2.png,Cotton,"Material: Cotton | Risk: High | Reason: High impact due to high water usage, high waste production","High impact due to high water usage, high waste production"
Cotton,2.1,10000,0.5,0.3680392156862745,High,124_im_2.png,Cotton,"Material: Cotton | Risk: High | Reason: High impact due to high water usage, high waste production","High impact due to high water usage, high waste production"
Cotton,2.1,10000,0.5,0.3680392156862745,High,1201_im_2.png,Cotton,"Material: Cotton | Risk: High | Reason: High impact due to high water usage, high waste production","High impact due to high water usage, high waste production"
Cotton,2.1,10000,0.5,0.3680392156862745,High,240_im_2.png,Cotton,"Material: Cotton | Risk: High | Reason: High impact due to high water usage, high waste production","High impact due to high water usage, high waste production"
Cotton,2.1,10000,0.5,0.3680392156862745,High,234_im_2.png,Cotton,"Material: Cotton | Risk: High | Reason: High impact due to high water usage, high waste production","High impact due to high water usage, high waste production"
Cotton,2.1,10000,0.5,0.3680392156862745,High,173_im_2.png,Cotton,"Material: Cotton | Risk: High | Reason: High impact due to high water usage, high waste production","High impact due to high water usage, high waste production"
Cotton,2.1,10000,0.5,0.3680392156862745,High,1507_im_2.png,Cotton,"Material: Cotton | Risk: High | Reason: High impact due to high water usage, high waste production","High impact due to high water usage, high waste production"
Cotton,2.1,10000,0.5,0.3680392156862745,High,291_im_2.png,Cotton,"Material: Cotton | Risk: High | Reason: High impact due to high water usage, high waste production","High impact due to high water usage, high waste production"
Cotton,2.1,10000,0.5,0.3680392156862745,High,299_im_2.png,Cotton,"Material: Cotton | Risk: High | Reason: High impact due to high water usage, high waste production","High impact due to high water usage, high waste production"
Cotton,2.1,10000,0.5,0.3680392156862745,High,1722_im_2.png,Cotton,"Material: Cotton | Risk: High | Reason: High impact due to high water usage, high waste production","High impact due to high water usage, high waste production"
Cotton,2.1,10000,0.5,0.3680392156862745,High,163_im_2.png,Cotton,"Material: Cotton | Risk: High | Reason: High impact due to high water usage, high waste production","High impact due to high water usage, high waste production"
Cotton,2.1,10000,0.5,0.3680392156862745,High,106_im_2.png,Cotton,"Material: Cotton | Risk: High | Reason: High impact due to high water usage, high waste production","High impact due to high water usage, high waste production"
Cotton,2.1,10000,0.5,0.3680392156862745,High,1128_im_2.png,Cotton,"Material: Cotton | Risk: High | Reason: High impact due to high water usage, high waste production","High impact due to high water usage, high waste production"
Cotton,2.1,10000,0.5,0.3680392156862745,High,1294_im_2.png,Cotton,"Material: Cotton | Risk: High | Reason: High impact due to high water usage, high waste production","High impact due to high water usage, high waste production"
Cotton,2.1,10000,0.5,0.3680392156862745,High,475_im_2.png,Cotton,"Material: Cotton | Risk: High | Reason: High impact due to high water usage, high waste production","High impact due to high water usage, high waste production"
Cotton,2.1,10000,0.5,0.3680392156862745,High,231_im_2.png,Cotton,"Material: Cotton | Risk: High | Reason: High impact due to high water usage, high waste production","High impact due to high water usage, high waste production"
Cotton,2.1,10000,0.5,0.3680392156862745,High,168_im_2.png,Cotton,"Material: Cotton | Risk: High | Reason: High impact due to high water usage, high waste production","High impact due to high water usage, high waste production"
Cotton,2.1,10000,0.5,0.3680392156862745,High,1519_im_2.png,Cotton,"Material: Cotton | Risk: High | Reason: High impact due to high water usage, high waste production","High impact due to high water usage, high waste production"
Cotton,2.1,10000,0.5,0.3680392156862745,High,1513_im_2.png,Cotton,"Material: Cotton | Risk: High | Reason: High impact due to high water usage, high waste production","High impact due to high water usage, high waste production"
Cotton,2.1,10000,0.5,0.3680392156862745,High,847_im_2.png,Cotton,"Material: Cotton | Risk: High | Reason: High impact due to high water usage, high waste production","High impact due to high water usage, high waste production"
Cotton,2.1,10000,0.5,0.3680392156862745,High,8_im_2.png,Denim,"Material: Cotton | Risk: High | Reason: High impact due to high water usage, high waste production","High impact due to high water usage, high waste production"
Cotton,2.1,10000,0.5,0.3680392156862745,High,1481_im_2.png,Cotton,"Material: Cotton | Risk: High | Reason: High impact due to high water usage, high waste production","High impact due to high water usage, high waste production"
Cotton,2.1,10000,0.5,0.3680392156862745,High,1236_im_2.png,Denim,"Material: Cotton | Risk: High | Reason: High impact due to high water usage, high waste production","High impact due to high water usage, high waste production"
Cotton,2.1,10000,0.5,0.3680392156862745,High,298_im_2.png,Cotton,"Material: Cotton | Risk: High | Reason: High impact due to high water usage, high waste production","High impact due to high water usage, high waste production"
Cotton,2.1,10000,0.5,0.3680392156862745,High,841_im_2.png,Blended,"Material: Cotton | Risk: High | Reason: High impact due to high water usage, high waste production","High impact due to high water usage, high waste production"
Cotton,2.1,10000,0.5,0.3680392156862745,High,476_im_2.png,Cotton,"Material: Cotton | Risk: High | Reason: High impact due to high water usage, high waste production","High impact due to high water usage, high waste production"
Cotton,2.1,10000,0.5,0.3680392156862745,High,1125_im_2.png,Cotton,"Material: Cotton | Risk: High | Reason: High impact due to high water usage, high waste production","High impact due to high water usage, high waste production"
Cotton,2.1,10000,0.5,0.3680392156862745,High,296_im_2.png,Cotton,"Material: Cotton | Risk: High | Reason: High impact due to high water usage, high waste production","High impact due to high water usage, high waste production"
Cotton,2.1,10000,0.5,0.3680392156862745,High,1738_im_2.png,Cotton,"Material: Cotton | Risk: High | Reason: High impact due to high water usage, high waste production","High impact due to high water usage, high waste production"
Cotton,2.1,10000,0.5,0.3680392156862745,High,835_im_2.png,Cotton,"Material: Cotton | Risk: High | Reason: High impact due to high water usage, high waste production","High impact due to high water usage, high waste production"
Cotton,2.1,10000,0.5,0.3680392156862745,High,1749_im_2.png,Cotton,"Material: Cotton | Risk: High | Reason: High impact due to high water usage, high waste production","High impact due to high water usage, high waste production"
Cotton,2.1,10000,0.5,0.3680392156862745,High,72_im_2.png,Cotton,"Material: Cotton | Risk: High | Reason: High impact due to high water usage, high waste production","High impact due to high water usage, high waste production"
Cotton,2.1,10000,0.5,0.3680392156862745,High,236_im_2.png,Denim,"Material: Cotton | Risk: High | Reason: High impact due to high water usage, high waste production","High impact due to high water usage, high waste production"
Cotton,2.1,10000,0.5,0.3680392156862745,High,690_im_2.png,Cotton,"Material: Cotton | Risk: High | Reason: High impact due to high water usage, high waste production","High impact due to high water usage, high waste production"
Cotton,2.1,10000,0.5,0.3680392156862745,High,195_im_2.png,Cotton,"Material: Cotton | Risk: High | Reason: High impact due to high water usage, high waste production","High impact due to high water usage, high waste production"
Cotton,2.1,10000,0.5,0.3680392156862745,High,233_im_2.png,Denim,"Material: Cotton | Risk: High | Reason: High impact due to high water usage, high waste production","High impact due to high water usage, high waste production"
Cotton,2.1,10000,0.5,0.3680392156862745,High,177_im_2.png,Cotton,"Material: Cotton | Risk: High | Reason: High impact due to high water usage, high waste production","High impact due to high water usage, high waste production"
Cotton,2.1,10000,0.5,0.3680392156862745,High,51_im_2.png,Cotton,"Material: Cotton | Risk: High | Reason: High impact due to high water usage, high waste production","High impact due to high water usage, high waste production"
Cotton,2.1,10000,0.5,0.3680392156862745,High,218_im_2.png,Cotton,"Material: Cotton | Risk: High | Reason: High impact due to high water usage, high waste production","High impact due to high water usage, high waste production"
Cotton,2.1,10000,0.5,0.3680392156862745,High,1165_im_2.png,Cotton,"Material: Cotton | Risk: High | Reason: High impact due to high water usage, high waste production","High impact due to high water usage, high waste production"
Cotton,2.1,10000,0.5,0.3680392156862745,High,1170_im_2.png,Cotton,"Material: Cotton | Risk: High | Reason: High impact due to high water usage, high waste production","High impact due to high water usage, high waste production"
Cotton,2.1,10000,0.5,0.3680392156862745,High,1280_im_2.png,Cotton,"Material: Cotton | Risk: High | Reason: High impact due to high water usage, high waste production","High impact due to high water usage, high waste production"
Cotton,2.1,10000,0.5,0.3680392156862745,High,1734_im_2.png,Cotton,"Material: Cotton | Risk: High | Reason: High impact due to high water usage, high waste production","High impact due to high water usage, high waste production"
Cotton,2.1,10000,0.5,0.3680392156862745,High,842_im_2.png,Cotton,"Material: Cotton | Risk: High | Reason: High impact due to high water usage, high waste production","High impact due to high water usage, high waste production"
Cotton,2.1,10000,0.5,0.3680392156862745,High,312_im_2.png,Cotton,"Material: Cotton | Risk: High | Reason: High impact due to high water usage, high waste production","High impact due to high water usage, high waste production"
Cotton,2.1,10000,0.5,0.3680392156862745,High,1753_im_2.png,Cotton,"Material: Cotton | Risk: High | Reason: High impact due to high water usage, high waste production","High impact due to high water usage, high waste production"
Cotton,2.1,10000,0.5,0.3680392156862745,High,730_im_2.png,Cotton,"Material: Cotton | Risk: High | Reason: High impact due to high water usage, high waste production","High impact due to high water usage, high waste production"
Cotton,2.1,10000,0.5,0.3680392156862745,High,1775_im_2.png,Blended,"Material: Cotton | Risk: High | Reason: High impact due to high water usage, high waste production","High impact due to high water usage, high waste production"
Cotton,2.1,10000,0.5,0.3680392156862745,High,120_im_2.png,Cotton,"Material: Cotton | Risk: High | Reason: High impact due to high water usage, high waste production","High impact due to high water usage, high waste production"
Cotton,2.1,10000,0.5,0.3680392156862745,High,1835_im_2.png,Cotton,"Material: Cotton | Risk: High | Reason: High impact due to high water usage, high waste production","High impact due to high water usage, high waste production"
Cotton,2.1,10000,0.5,0.3680392156862745,High,1462_im_2.png,Cotton,"Material: Cotton | Risk: High | Reason: High impact due to high water usage, high waste production","High impact due to high water usage, high waste production"
Cotton,2.1,10000,0.5,0.3680392156862745,High,1241_im_2.png,Cotton,"Material: Cotton | Risk: High | Reason: High impact due to high water usage, high waste production","High impact due to high water usage, high waste production"
Cotton,2.1,10000,0.5,0.3680392156862745,High,325_im_2.png,Cotton,"Material: Cotton | Risk: High | Reason: High impact due to high water usage, high waste production","High impact due to high water usage, high waste production"
Cotton,2.1,10000,0.5,0.3680392156862745,High,1479_im_2.png,Cotton,"Material: Cotton | Risk: High | Reason: High impact due to high water usage, high waste production","High impact due to high water usage, high waste production"
Cotton,2.1,10000,0.5,0.3680392156862745,High,228_im_2.png,Cotton,"Material: Cotton | Risk: High | Reason: High impact due to high water usage, high waste production","High impact due to high water usage, high waste production"
Cotton,2.1,10000,0.5,0.3680392156862745,High,689_im_2.png,Cotton,"Material: Cotton | Risk: High | Reason: High impact due to high water usage, high waste production","High impact due to high water usage, high waste production"
Cotton,2.1,10000,0.5,0.3680392156862745,High,731_im_2.png,Cotton,"Material: Cotton | Risk: High | Reason: High impact due to high water usage, high waste production","High impact due to high water usage, high waste production"
Cotton,2.1,10000,0.5,0.3680392156862745,High,395_im_2.png,Cotton,"Material: Cotton | Risk: High | Reason: High impact due to high water usage, high waste production","High impact due to high water usage, high waste production"
Cotton,2.1,10000,0.5,0.3680392156862745,High,1840_im_2.png,Cotton,"Material: Cotton | Risk: High | Reason: High impact due to high water usage, high waste production","High impact due to high water usage, high waste production"
Cotton,2.1,10000,0.5,0.3680392156862745,High,290_im_2.png,Cotton,"Material: Cotton | Risk: High | Reason: High impact due to high water usage, high waste production","High impact due to high water usage, high waste production"
Cotton,2.1,10000,0.5,0.3680392156862745,High,1889_im_2.png,Cotton,"Material: Cotton | Risk: High | Reason: High impact due to high water usage, high waste production","High impact due to high water usage, high waste production"
Cotton,2.1,10000,0.5,0.3680392156862745,High,247_im_2.png,Cotton,"Material: Cotton | Risk: High | Reason: High impact due to high water usage, high waste production","High impact due to high water usage, high waste production"
Cotton,2.1,10000,0.5,0.3680392156862745,High,1848_im_2.png,Cotton,"Material: Cotton | Risk: High | Reason: High impact due to high water usage, high waste production","High impact due to high water usage, high waste production"
Cotton,2.1,10000,0.5,0.3680392156862745,High,419_im_2.png,Cotton,"Material: Cotton | Risk: High | Reason: High impact due to high water usage, high waste production","High impact due to high water usage, high waste production"
Cotton,2.1,10000,0.5,0.3680392156862745,High,748_im_2.png,Cotton,"Material: Cotton | Risk: High | Reason: High impact due to high water usage, high waste production","High impact due to high water usage, high waste production"
Cotton,2.1,10000,0.5,0.3680392156862745,High,1394_im_2.png,Cotton,"Material: Cotton | Risk: High | Reason: High impact due to high water usage, high waste production","High impact due to high water usage, high waste production"
Cotton,2.1,10000,0.5,0.3680392156862745,High,326_im_2.png,Cotton,"Material: Cotton | Risk: High | Reason: High impact due to high water usage, high waste production","High impact due to high water usage, high waste production"
Cotton,2.1,10000,0.5,0.3680392156862745,High,1745_im_2.png,Cotton,"Material: Cotton | Risk: High | Reason: High impact due to high water usage, high waste production","High impact due to high water usage, high waste production"
Cotton,2.1,10000,0.5,0.3680392156862745,High,463_im_2.png,Cotton,"Material: Cotton | Risk: High | Reason: High impact due to high water usage, high waste production","High impact due to high water usage, high waste production"
Cotton,2.1,10000,0.5,0.3680392156862745,High,249_im_2.png,Cotton,"Material: Cotton | Risk: High | Reason: High impact due to high water usage, high waste production","High impact due to high water usage, high waste production"
Cotton,2.1,10000,0.5,0.3680392156862745,High,1525_im_2.png,Cotton,"Material: Cotton | Risk: High | Reason: High impact due to high water usage, high waste production","High impact due to high water usage, high waste production"
Cotton,2.1,10000,0.5,0.3680392156862745,High,1471_im_2.png,Cotton,"Material: Cotton | Risk: High | Reason: High impact due to high water usage, high waste production","High impact due to high water usage, high waste production"
Cotton,2.1,10000,0.5,0.3680392156862745,High,1285_im_2.png,Cotton,"Material: Cotton | Risk: High | Reason: High impact due to high water usage, high waste production","High impact due to high water usage, high waste production"
Cotton,2.1,10000,0.5,0.3680392156862745,High,1789_im_2.png,Cotton,"Material: Cotton | Risk: High | Reason: High impact due to high water usage, high waste production","High impact due to high water usage, high waste production"
Cotton,2.1,10000,0.5,0.3680392156862745,High,1754_im_2.png,Cotton,"Material: Cotton | Risk: High | Reason: High impact due to high water usage, high waste production","High impact due to high water usage, high waste production"
Cotton,2.1,10000,0.5,0.3680392156862745,High,1451_im_2.png,Cotton,"Material: Cotton | Risk: High | Reason: High impact due to high water usage, high waste production","High impact due to high water usage, high waste production"
Cotton,2.1,10000,0.5,0.3680392156862745,High,740_im_2.png,Cotton,"Material: Cotton | Risk: High | Reason: High impact due to high water usage, high waste production","High impact due to high water usage, high waste production"
Cotton,2.1,10000,0.5,0.3680392156862745,High,179_im_2.png,Cotton,"Material: Cotton | Risk: High | Reason: High impact due to high water usage, high waste production","High impact due to high water usage, high waste production"
Cotton,2.1,10000,0.5,0.3680392156862745,High,1852_im_2.png,Cotton,"Material: Cotton | Risk: High | Reason: High impact due to high water usage, high waste production","High impact due to high water usage, high waste production"
Cotton,2.1,10000,0.5,0.3680392156862745,High,389_im_2.png,Cotton,"Material: Cotton | Risk: High | Reason: High impact due to high water usage, high waste production","High impact due to high water usage, high waste production"
Cotton,2.1,10000,0.5,0.3680392156862745,High,496_im_2.png,Cotton,"Material: Cotton | Risk: High | Reason: High impact due to high water usage, high waste production","High impact due to high water usage, high waste production"
Cotton,2.1,10000,0.5,0.3680392156862745,High,1511_im_2.png,Denim,"Material: Cotton | Risk: High | Reason: High impact due to high water usage, high waste production","High impact due to high water usage, high waste production"
Cotton,2.1,10000,0.5,0.3680392156862745,High,413_im_2.png,Cotton,"Material: Cotton | Risk: High | Reason: High impact due to high water usage, high waste production","High impact due to high water usage, high waste production"
Cotton,2.1,10000,0.5,0.3680392156862745,High,481_im_2.png,Cotton,"Material: Cotton | Risk: High | Reason: High impact due to high water usage, high waste production","High impact due to high water usage, high waste production"
Cotton,2.1,10000,0.5,0.3680392156862745,High,2_im_2.png,Cotton,"Material: Cotton | Risk: High | Reason: High impact due to high water usage, high waste production","High impact due to high water usage, high waste production"
Cotton,2.1,10000,0.5,0.3680392156862745,High,1393_im_2.png,Cotton,"Material: Cotton | Risk: High | Reason: High impact due to high water usage, high waste production","High impact due to high water usage, high waste production"
Cotton,2.1,10000,0.5,0.3680392156862745,High,435_im_2.png,Cotton,"Material: Cotton | Risk: High | Reason: High impact due to high water usage, high waste production","High impact due to high water usage, high waste production"
Cotton,2.1,10000,0.5,0.3680392156862745,High,531_im_2.png,Cotton,"Material: Cotton | Risk: High | Reason: High impact due to high water usage, high waste production","High impact due to high water usage, high waste production"
Cotton,2.1,10000,0.5,0.3680392156862745,High,1378_im_2.png,Cotton,"Material: Cotton | Risk: High | Reason: High impact due to high water usage, high waste production","High impact due to high water usage, high waste production"
Cotton,2.1,10000,0.5,0.3680392156862745,High,1123_im_2.png,Cotton,"Material: Cotton | Risk: High | Reason: High impact due to high water usage, high waste production","High impact due to high water usage, high waste production"
Cotton,2.1,10000,0.5,0.3680392156862745,High,188_im_2.png,Cotton,"Material: Cotton | Risk: High | Reason: High impact due to high water usage, high waste production","High impact due to high water usage, high waste production"
Cotton,2.1,10000,0.5,0.3680392156862745,High,1731_im_2.png,Cotton,"Material: Cotton | Risk: High | Reason: High impact due to high water usage, high waste production","High impact due to high water usage, high waste production"
Cotton,2.1,10000,0.5,0.3680392156862745,High,1262_im_2.png,Cotton,"Material: Cotton | Risk: High | Reason: High impact due to high water usage, high waste production","High impact due to high water usage, high waste production"
Cotton,2.1,10000,0.5,0.3680392156862745,High,1145_im_2.png,Cotton,"Material: Cotton | Risk: High | Reason: High impact due to high water usage, high waste production","High impact due to high water usage, high waste production"
Cotton,2.1,10000,0.5,0.3680392156862745,High,216_im_2.png,Cotton,"Material: Cotton | Risk: High | Reason: High impact due to high water usage, high waste production","High impact due to high water usage, high waste production"
Cotton,2.1,10000,0.5,0.3680392156862745,High,1381_im_2.png,Cotton,"Material: Cotton | Risk: High | Reason: High impact due to high water usage, high waste production","High impact due to high water usage, high waste production"
Cotton,2.1,10000,0.5,0.3680392156862745,High,1538_im_2.png,Denim,"Material: Cotton | Risk: High | Reason: High impact due to high water usage, high waste production","High impact due to high water usage, high waste production"
Cotton,2.1,10000,0.5,0.3680392156862745,High,688_im_2.png,Cotton,"Material: Cotton | Risk: High | Reason: High impact due to high water usage, high waste production","High impact due to high water usage, high waste production"
Cotton,2.1,10000,0.5,0.3680392156862745,High,751_im_2.png,Cotton,"Material: Cotton | Risk: High | Reason: High impact due to high water usage, high waste production","High impact due to high water usage, high waste production"
Cotton,2.1,10000,0.5,0.3680392156862745,High,468_im_2.png,Cotton,"Material: Cotton | Risk: High | Reason: High impact due to high water usage, high waste production","High impact due to high water usage, high waste production"
Cotton,2.1,10000,0.5,0.3680392156862745,High,530_im_2.png,Cotton,"Material: Cotton | Risk: High | Reason: High impact due to high water usage, high waste production","High impact due to high water usage, high waste production"
Cotton,2.1,10000,0.5,0.3680392156862745,High,391_im_2.png,Cotton,"Material: Cotton | Risk: High | Reason: High impact due to high water usage, high waste production","High impact due to high water usage, high waste production"
Cotton,2.1,10000,0.5,0.3680392156862745,High,246_im_2.png,Cotton,"Material: Cotton | Risk: High | Reason: High impact due to high water usage, high waste production","High impact due to high water usage, high waste production"
Cotton,2.1,10000,0.5,0.3680392156862745,High,1819_im_2.png,Cotton,"Material: Cotton | Risk: High | Reason: High impact due to high water usage, high waste production","High impact due to high water usage, high waste production"
Cotton,2.1,10000,0.5,0.3680392156862745,High,1392_im_2.png,Cotton,"Material: Cotton | Risk: High | Reason: High impact due to high water usage, high waste production","High impact due to high water usage, high waste production"
Cotton,2.1,10000,0.5,0.3680392156862745,High,224_im_2.png,Cotton,"Material: Cotton | Risk: High | Reason: High impact due to high water usage, high waste production","High impact due to high water usage, high waste production"
Cotton,2.1,10000,0.5,0.3680392156862745,High,1152_im_2.png,Cotton,"Material: Cotton | Risk: High | Reason: High impact due to high water usage, high waste production","High impact due to high water usage, high waste production"
Cotton,2.1,10000,0.5,0.3680392156862745,High,1212_im_2.png,Cotton,"Material: Cotton | Risk: High | Reason: High impact due to high water usage, high waste production","High impact due to high water usage, high waste production"
Cotton,2.1,10000,0.5,0.3680392156862745,High,215_im_2.png,Cotton,"Material: Cotton | Risk: High | Reason: High impact due to high water usage, high waste production","High impact due to high water usage, high waste production"
Cotton,2.1,10000,0.5,0.3680392156862745,High,438_im_2.png,Cotton,"Material: Cotton | Risk: High | Reason: High impact due to high water usage, high waste production","High impact due to high water usage, high waste production"
Cotton,2.1,10000,0.5,0.3680392156862745,High,692_im_2.png,Cotton,"Material: Cotton | Risk: High | Reason: High impact due to high water usage, high waste production","High impact due to high water usage, high waste production"
Cotton,2.1,10000,0.5,0.3680392156862745,High,399_im_2.png,Cotton,"Material: Cotton | Risk: High | Reason: High impact due to high water usage, high waste production","High impact due to high water usage, high waste production"
Cotton,2.1,10000,0.5,0.3680392156862745,High,414_im_2.png,Cotton,"Material: Cotton | Risk: High | Reason: High impact due to high water usage, high waste production","High impact due to high water usage, high waste production"
Cotton,2.1,10000,0.5,0.3680392156862745,High,313_im_2.png,Cotton,"Material: Cotton | Risk: High | Reason: High impact due to high water usage, high waste production","High impact due to high water usage, high waste production"
Cotton,2.1,10000,0.5,0.3680392156862745,High,840_im_2.png,Cotton,"Material: Cotton | Risk: High | Reason: High impact due to high water usage, high waste production","High impact due to high water usage, high waste production"
Cotton,2.1,10000,0.5,0.3680392156862745,High,1188_im_2.png,Denim,"Material: Cotton | Risk: High | Reason: High impact due to high water usage, high waste production","High impact due to high water usage, high waste production"
Cotton,2.1,10000,0.5,0.3680392156862745,High,318_im_2.png,Cotton,"Material: Cotton | Risk: High | Reason: High impact due to high water usage, high waste production","High impact due to high water usage, high waste production"
Cotton,2.1,10000,0.5,0.3680392156862745,High,211_im_2.png,Cotton,"Material: Cotton | Risk: High | Reason: High impact due to high water usage, high waste production","High impact due to high water usage, high waste production"
Cotton,2.1,10000,0.5,0.3680392156862745,High,77_im_2.png,Cotton,"Material: Cotton | Risk: High | Reason: High impact due to high water usage, high waste production","High impact due to high water usage, high waste production"
Cotton,2.1,10000,0.5,0.3680392156862745,High,1505_im_2.png,Cotton,"Material: Cotton | Risk: High | Reason: High impact due to high water usage, high waste production","High impact due to high water usage, high waste production"
Cotton,2.1,10000,0.5,0.3680392156862745,High,1506_im_2.png,Cotton,"Material: Cotton | Risk: High | Reason: High impact due to high water usage, high waste production","High impact due to high water usage, high waste production"
Cotton,2.1,10000,0.5,0.3680392156862745,High,324_im_2.png,Cotton,"Material: Cotton | Risk: High | Reason: High impact due to high water usage, high waste production","High impact due to high water usage, high waste production"
Cotton,2.1,10000,0.5,0.3680392156862745,High,747_im_2.png,Cotton,"Material: Cotton | Risk: High | Reason: High impact due to high water usage, high waste production","High impact due to high water usage, high waste production"
Cotton,2.1,10000,0.5,0.3680392156862745,High,477_im_2.png,Cotton,"Material: Cotton | Risk: High | Reason: High impact due to high water usage, high waste production","High impact due to high water usage, high waste production"
Cotton,2.1,10000,0.5,0.3680392156862745,High,1166_im_2.png,Cotton,"Material: Cotton | Risk: High | Reason: High impact due to high water usage, high waste production","High impact due to high water usage, high waste production"
Cotton,2.1,10000,0.5,0.3680392156862745,High,1171_im_2.png,Cotton,"Material: Cotton | Risk: High | Reason: High impact due to high water usage, high waste production","High impact due to high water usage, high waste production"
Cotton,2.1,10000,0.5,0.3680392156862745,High,729_im_2.png,Cotton,"Material: Cotton | Risk: High | Reason: High impact due to high water usage, high waste production","High impact due to high water usage, high waste production"
Cotton,2.1,10000,0.5,0.3680392156862745,High,1299_im_2.png,Blended,"Material: Cotton | Risk: High | Reason: High impact due to high water usage, high waste production","High impact due to high water usage, high waste production"
Cotton,2.1,10000,0.5,0.3680392156862745,High,1271_im_2.png,Blended,"Material: Cotton | Risk: High | Reason: High impact due to high water usage, high waste production","High impact due to high water usage, high waste production"
Cotton,2.1,10000,0.5,0.3680392156862745,High,1224_im_2.png,Cotton,"Material: Cotton | Risk: High | Reason: High impact due to high water usage, high waste production","High impact due to high water usage, high waste production"
Cotton,2.1,10000,0.5,0.3680392156862745,High,1172_im_2.png,Cotton,"Material: Cotton | Risk: High | Reason: High impact due to high water usage, high waste production","High impact due to high water usage, high waste production"
Cotton,2.1,10000,0.5,0.3680392156862745,High,1723_im_2.png,Cotton,"Material: Cotton | Risk: High | Reason: High impact due to high water usage, high waste production","High impact due to high water usage, high waste production"
Cotton,2.1,10000,0.5,0.3680392156862745,High,1384_im_2.png,Denim,"Material: Cotton | Risk: High | Reason: High impact due to high water usage, high waste production","High impact due to high water usage, high waste production"
Cotton,2.1,10000,0.5,0.3680392156862745,High,404_im_2.png,Cotton,"Material: Cotton | Risk: High | Reason: High impact due to high water usage, high waste production","High impact due to high water usage, high waste production"
Cotton,2.1,10000,0.5,0.3680392156862745,High,849_im_2.png,Cotton,"Material: Cotton | Risk: High | Reason: High impact due to high water usage, high waste production","High impact due to high water usage, high waste production"
Cotton,2.1,10000,0.5,0.3680392156862745,High,248_im_2.png,Cotton,"Material: Cotton | Risk: High | Reason: High impact due to high water usage, high waste production","High impact due to high water usage, high waste production"
Cotton,2.1,10000,0.5,0.3680392156862745,High,1296_im_2.png,Cotton,"Material: Cotton | Risk: High | Reason: High impact due to high water usage, high waste production","High impact due to high water usage, high waste production"
Cotton,2.1,10000,0.5,0.3680392156862745,High,1283_im_2.png,Cotton,"Material: Cotton | Risk: High | Reason: High impact due to high water usage, high waste production","High impact due to high water usage, high waste production"
Cotton,2.1,10000,0.5,0.3680392156862745,High,1732_im_2.png,Cotton,"Material: Cotton | Risk: High | Reason: High impact due to high water usage, high waste production","High impact due to high water usage, high waste production"
Cotton,2.1,10000,0.5,0.3680392156862745,High,347_im_2.png,Cotton,"Material: Cotton | Risk: High | Reason: High impact due to high water usage, high waste production","High impact due to high water usage, high waste production"
Cotton,2.1,10000,0.5,0.3680392156862745,High,1237_im_2.png,Denim,"Material: Cotton | Risk: High | Reason: High impact due to high water usage, high waste production","High impact due to high water usage, high waste production"
Cotton,2.1,10000,0.5,0.3680392156862745,High,123_im_2.png,Cotton,"Material: Cotton | Risk: High | Reason: High impact due to high water usage, high waste production","High impact due to high water usage, high waste production"
Cotton,2.1,10000,0.5,0.3680392156862745,High,113_im_2.png,Cotton,"Material: Cotton | Risk: High | Reason: High impact due to high water usage, high waste production","High impact due to high water usage, high waste production"
Cotton,2.1,10000,0.5,0.3680392156862745,High,1162_im_2.png,Cotton,"Material: Cotton | Risk: High | Reason: High impact due to high water usage, high waste production","High impact due to high water usage, high waste production"
Cotton,2.1,10000,0.5,0.3680392156862745,High,321_im_2.png,Cotton,"Material: Cotton | Risk: High | Reason: High impact due to high water usage, high waste production","High impact due to high water usage, high waste production"
Cotton,2.1,10000,0.5,0.3680392156862745,High,1808_im_2.png,Cotton,"Material: Cotton | Risk: High | Reason: High impact due to high water usage, high waste production","High impact due to high water usage, high waste production"
Cotton,2.1,10000,0.5,0.3680392156862745,High,851_im_2.png,Cotton,"Material: Cotton | Risk: High | Reason: High impact due to high water usage, high waste production","High impact due to high water usage, high waste production"
Cotton,2.1,10000,0.5,0.3680392156862745,High,1101_im_2.png,Cotton,"Material: Cotton | Risk: High | Reason: High impact due to high water usage, high waste production","High impact due to high water usage, high waste production"
Cotton,2.1,10000,0.5,0.3680392156862745,High,478_im_2.png,Cotton,"Material: Cotton | Risk: High | Reason: High impact due to high water usage, high waste production","High impact due to high water usage, high waste production"
Cotton,2.1,10000,0.5,0.3680392156862745,High,138_im_2.png,Cotton,"Material: Cotton | Risk: High | Reason: High impact due to high water usage, high waste production","High impact due to high water usage, high waste production"
Cotton,2.1,10000,0.5,0.3680392156862745,High,1553_im_2.png,Denim,"Material: Cotton | Risk: High | Reason: High impact due to high water usage, high waste production","High impact due to high water usage, high waste production"
Cotton,2.1,10000,0.5,0.3680392156862745,High,1219_im_2.png,Denim,"Material: Cotton | Risk: High | Reason: High impact due to high water usage, high waste production","High impact due to high water usage, high waste production"
Cotton,2.1,10000,0.5,0.3680392156862745,High,100_im_2.png,Cotton,"Material: Cotton | Risk: High | Reason: High impact due to high water usage, high waste production","High impact due to high water usage, high waste production"
Cotton,2.1,10000,0.5,0.3680392156862745,High,1160_im_2.png,Cotton,"Material: Cotton | Risk: High | Reason: High impact due to high water usage, high waste production","High impact due to high water usage, high waste production"
Cotton,2.1,10000,0.5,0.3680392156862745,High,1198_im_2.png,Cotton,"Material: Cotton | Risk: High | Reason: High impact due to high water usage, high waste production","High impact due to high water usage, high waste production"
Cotton,2.1,10000,0.5,0.3680392156862745,High,1748_im_2.png,Cotton,"Material: Cotton | Risk: High | Reason: High impact due to high water usage, high waste production","High impact due to high water usage, high waste production"
Cotton,2.1,10000,0.5,0.3680392156862745,High,1398_im_2.png,Denim,"Material: Cotton | Risk: High | Reason: High impact due to high water usage, high waste production","High impact due to high water usage, high waste production"
Cotton,2.1,10000,0.5,0.3680392156862745,High,223_im_2.png,Cotton,"Material: Cotton | Risk: High | Reason: High impact due to high water usage, high waste production","High impact due to high water usage, high waste production"
Cotton,2.1,10000,0.5,0.3680392156862745,High,832_im_2.png,Cotton,"Material: Cotton | Risk: High | Reason: High impact due to high water usage, high waste production","High impact due to high water usage, high waste production"
Cotton,2.1,10000,0.5,0.3680392156862745,High,254_im_2.png,Cotton,"Material: Cotton | Risk: High | Reason: High impact due to high water usage, high waste production","High impact due to high water usage, high waste production"
Cotton,2.1,10000,0.5,0.3680392156862745,High,154_im_2.png,Cotton,"Material: Cotton | Risk: High | Reason: High impact due to high water usage, high waste production","High impact due to high water usage, high waste production"
Cotton,2.1,10000,0.5,0.3680392156862745,High,833_im_2.png,Cotton,"Material: Cotton | Risk: High | Reason: High impact due to high water usage, high waste production","High impact due to high water usage, high waste production"
Cotton,2.1,10000,0.5,0.3680392156862745,High,1720_im_2.png,Cotton,"Material: Cotton | Risk: High | Reason: High impact due to high water usage, high waste production","High impact due to high water usage, high waste production"
Cotton,2.1,10000,0.5,0.3680392156862745,High,1485_im_2.png,Cotton,"Material: Cotton | Risk: High | Reason: High impact due to high water usage, high waste production","High impact due to high water usage, high waste production"
Cotton,2.1,10000,0.5,0.3680392156862745,High,1721_im_2.png,Cotton,"Material: Cotton | Risk: High | Reason: High impact due to high water usage, high waste production","High impact due to high water usage, high waste production"
Cotton,2.1,10000,0.5,0.3680392156862745,High,1668_im_2.png,Cotton,"Material: Cotton | Risk: High | Reason: High impact due to high water usage, high waste production","High impact due to high water usage, high waste production"
Cotton,2.1,10000,0.5,0.3680392156862745,High,1719_im_2.png,Cotton,"Material: Cotton | Risk: High | Reason: High impact due to high water usage, high waste production","High impact due to high water usage, high waste production"
Cotton,2.1,10000,0.5,0.3680392156862745,High,220_im_2.png,Cotton,"Material: Cotton | Risk: High | Reason: High impact due to high water usage, high waste production","High impact due to high water usage, high waste production"
Cotton,2.1,10000,0.5,0.3680392156862745,High,1806_im_2.png,Cotton,"Material: Cotton | Risk: High | Reason: High impact due to high water usage, high waste production","High impact due to high water usage, high waste production"
Cotton,2.1,10000,0.5,0.3680392156862745,High,1492_im_2.png,Cotton,"Material: Cotton | Risk: High | Reason: High impact due to high water usage, high waste production","High impact due to high water usage, high waste production"
Cotton,2.1,10000,0.5,0.3680392156862745,High,348_im_2.png,Cotton,"Material: Cotton | Risk: High | Reason: High impact due to high water usage, high waste production","High impact due to high water usage, high waste production"
Cotton,2.1,10000,0.5,0.3680392156862745,High,235_im_2.png,Cotton,"Material: Cotton | Risk: High | Reason: High impact due to high water usage, high waste production","High impact due to high water usage, high waste production"
Cotton,2.1,10000,0.5,0.3680392156862745,High,398_im_2.png,Cotton,"Material: Cotton | Risk: High | Reason: High impact due to high water usage, high waste production","High impact due to high water usage, high waste production"
Cotton,2.1,10000,0.5,0.3680392156862745,High,76_im_2.png,Cotton,"Material: Cotton | Risk: High | Reason: High impact due to high water usage, high waste production","High impact due to high water usage, high waste production"
Cotton,2.1,10000,0.5,0.3680392156862745,High,131_im_2.png,Cotton,"Material: Cotton | Risk: High | Reason: High impact due to high water usage, high waste production","High impact due to high water usage, high waste production"
Cotton,2.1,10000,0.5,0.3680392156862745,High,1473_im_2.png,Cotton,"Material: Cotton | Risk: High | Reason: High impact due to high water usage, high waste production","High impact due to high water usage, high waste production"
Cotton,2.1,10000,0.5,0.3680392156862745,High,1275_im_2.png,Cotton,"Material: Cotton | Risk: High | Reason: High impact due to high water usage, high waste production","High impact due to high water usage, high waste production"
Cotton,2.1,10000,0.5,0.3680392156862745,High,180_im_2.png,Cotton,"Material: Cotton | Risk: High | Reason: High impact due to high water usage, high waste production","High impact due to high water usage, high waste production"
Cotton,2.1,10000,0.5,0.3680392156862745,High,744_im_2.png,Cotton,"Material: Cotton | Risk: High | Reason: High impact due to high water usage, high waste production","High impact due to high water usage, high waste production"
Cotton,2.1,10000,0.5,0.3680392156862745,High,278_im_2.png,Cotton,"Material: Cotton | Risk: High | Reason: High impact due to high water usage, high waste production","High impact due to high water usage, high waste production"
Cotton,2.1,10000,0.5,0.3680392156862745,High,1156_im_2.png,Cotton,"Material: Cotton | Risk: High | Reason: High impact due to high water usage, high waste production","High impact due to high water usage, high waste production"
Cotton,2.1,10000,0.5,0.3680392156862745,High,1220_im_2.png,Cotton,"Material: Cotton | Risk: High | Reason: High impact due to high water usage, high waste production","High impact due to high water usage, high waste production"
Cotton,2.1,10000,0.5,0.3680392156862745,High,1807_im_2.png,Cotton,"Material: Cotton | Risk: High | Reason: High impact due to high water usage, high waste production","High impact due to high water usage, high waste production"
Cotton,2.1,10000,0.5,0.3680392156862745,High,469_im_2.png,Cotton,"Material: Cotton | Risk: High | Reason: High impact due to high water usage, high waste production","High impact due to high water usage, high waste production"
Cotton,2.1,10000,0.5,0.3680392156862745,High,1729_im_2.png,Cotton,"Material: Cotton | Risk: High | Reason: High impact due to high water usage, high waste production","High impact due to high water usage, high waste production"
Cotton,2.1,10000,0.5,0.3680392156862745,High,1146_im_2.png,Blended,"Material: Cotton | Risk: High | Reason: High impact due to high water usage, high waste production","High impact due to high water usage, high waste production"
Cotton,2.1,10000,0.5,0.3680392156862745,High,698_im_2.png,Cotton,"Material: Cotton | Risk: High | Reason: High impact due to high water usage, high waste production","High impact due to high water usage, high waste production"
Cotton,2.1,10000,0.5,0.3680392156862745,High,101_im_2.png,Cotton,"Material: Cotton | Risk: High | Reason: High impact due to high water usage, high waste production","High impact due to high water usage, high waste production"
Cotton,2.1,10000,0.5,0.3680392156862745,High,441_im_2.png,Cotton,"Material: Cotton | Risk: High | Reason: High impact due to high water usage, high waste production","High impact due to high water usage, high waste production"
Cotton,2.1,10000,0.5,0.3680392156862745,High,1539_im_2.png,Blended,"Material: Cotton | Risk: High | Reason: High impact due to high water usage, high waste production","High impact due to high water usage, high waste production"
Cotton,2.1,10000,0.5,0.3680392156862745,High,1747_im_2.png,Cotton,"Material: Cotton | Risk: High | Reason: High impact due to high water usage, high waste production","High impact due to high water usage, high waste production"
Cotton,2.1,10000,0.5,0.3680392156862745,High,1574_im_2.png,Cotton,"Material: Cotton | Risk: High | Reason: High impact due to high water usage, high waste production","High impact due to high water usage, high waste production"
Cotton,2.1,10000,0.5,0.3680392156862745,High,1107_im_2.png,Denim,"Material: Cotton | Risk: High | Reason: High impact due to high water usage, high waste production","High impact due to high water usage, high waste production"
Cotton,2.1,10000,0.5,0.3680392156862745,High,3_im_2.png,Cotton,"Material: Cotton | Risk: High | Reason: High impact due to high water usage, high waste production","High impact due to high water usage, high waste production"
Cotton,2.1,10000,0.5,0.3680392156862745,High,400_im_2.png,Cotton,"Material: Cotton | Risk: High | Reason: High impact due to high water usage, high waste production","High impact due to high water usage, high waste production"
Cotton,2.1,10000,0.5,0.3680392156862745,High,1523_im_2.png,Cotton,"Material: Cotton | Risk: High | Reason: High impact due to high water usage, high waste production","High impact due to high water usage, high waste production"
Cotton,2.1,10000,0.5,0.3680392156862745,High,1760_im_2.png,Cotton,"Material: Cotton | Risk: High | Reason: High impact due to high water usage, high waste production","High impact due to high water usage, high waste production"
Cotton,2.1,10000,0.5,0.3680392156862745,High,1958_im_2.png,Cotton,"Material: Cotton | Risk: High | Reason: High impact due to high water usage, high waste production","High impact due to high water usage, high waste production"
Cotton,2.1,10000,0.5,0.3680392156862745,High,1743_im_2.png,Cotton,"Material: Cotton | Risk: High | Reason: High impact due to high water usage, high waste production","High impact due to high water usage, high waste production"
Cotton,2.1,10000,0.5,0.3680392156862745,High,1739_im_2.png,Cotton,"Material: Cotton | Risk: High | Reason: High impact due to high water usage, high waste production","High impact due to high water usage, high waste production"
Cotton,2.1,10000,0.5,0.3680392156862745,High,1943_im_2.png,Cotton,"Material: Cotton | Risk: High | Reason: High impact due to high water usage, high waste production","High impact due to high water usage, high waste production"
Cotton,2.1,10000,0.5,0.3680392156862745,High,1834_im_2.png,Cotton,"Material: Cotton | Risk: High | Reason: High impact due to high water usage, high waste production","High impact due to high water usage, high waste production"
Cotton,2.1,10000,0.5,0.3680392156862745,High,252_im_2.png,Cotton,"Material: Cotton | Risk: High | Reason: High impact due to high water usage, high waste production","High impact due to high water usage, high waste production"
Cotton,2.1,10000,0.5,0.3680392156862745,High,836_im_2.png,Blended,"Material: Cotton | Risk: High | Reason: High impact due to high water usage, high waste production","High impact due to high water usage, high waste production"
Cotton,2.1,10000,0.5,0.3680392156862745,High,1199_im_2.png,Cotton,"Material: Cotton | Risk: High | Reason: High impact due to high water usage, high waste production","High impact due to high water usage, high waste production"
Cotton,2.1,10000,0.5,0.3680392156862745,High,73_im_2.png,Cotton,"Material: Cotton | Risk: High | Reason: High impact due to high water usage, high waste production","High impact due to high water usage, high waste production"
Cotton,2.1,10000,0.5,0.3680392156862745,High,541_im_2.png,Cotton,"Material: Cotton | Risk: High | Reason: High impact due to high water usage, high waste production","High impact due to high water usage, high waste production"
Cotton,2.1,10000,0.5,0.3680392156862745,High,1886_im_2.png,Cotton,"Material: Cotton | Risk: High | Reason: High impact due to high water usage, high waste production","High impact due to high water usage, high waste production"
Cotton,2.1,10000,0.5,0.3680392156862745,High,1362_im_2.png,Cotton,"Material: Cotton | Risk: High | Reason: High impact due to high water usage, high waste production","High impact due to high water usage, high waste production"
Cotton,2.1,10000,0.5,0.3680392156862745,High,232_im_2.png,Cotton,"Material: Cotton | Risk: High | Reason: High impact due to high water usage, high waste production","High impact due to high water usage, high waste production"
Cotton,2.1,10000,0.5,0.3680392156862745,High,732_im_2.png,Cotton,"Material: Cotton | Risk: High | Reason: High impact due to high water usage, high waste production","High impact due to high water usage, high waste production"
Cotton,2.1,10000,0.5,0.3680392156862745,High,837_im_2.png,Blended,"Material: Cotton | Risk: High | Reason: High impact due to high water usage, high waste production","High impact due to high water usage, high waste production"
Cotton,2.1,10000,0.5,0.3680392156862745,High,238_im_2.png,Cotton,"Material: Cotton | Risk: High | Reason: High impact due to high water usage, high waste production","High impact due to high water usage, high waste production"
Cotton,2.1,10000,0.5,0.3680392156862745,High,1291_im_2.png,Cotton,"Material: Cotton | Risk: High | Reason: High impact due to high water usage, high waste production","High impact due to high water usage, high waste production"
Cotton,2.1,10000,0.5,0.3680392156862745,High,330_im_2.png,Cotton,"Material: Cotton | Risk: High | Reason: High impact due to high water usage, high waste production","High impact due to high water usage, high waste production"
Cotton,2.1,10000,0.5,0.3680392156862745,High,1735_im_2.png,Cotton,"Material: Cotton | Risk: High | Reason: High impact due to high water usage, high waste production","High impact due to high water usage, high waste production"
Cotton,2.1,10000,0.5,0.3680392156862745,High,210_im_2.png,Cotton,"Material: Cotton | Risk: High | Reason: High impact due to high water usage, high waste production","High impact due to high water usage, high waste production"
Cotton,2.1,10000,0.5,0.3680392156862745,High,416_im_2.png,Cotton,"Material: Cotton | Risk: High | Reason: High impact due to high water usage, high waste production","High impact due to high water usage, high waste production"
Cotton,2.1,10000,0.5,0.3680392156862745,High,1887_im_2.png,Cotton,"Material: Cotton | Risk: High | Reason: High impact due to high water usage, high waste production","High impact due to high water usage, high waste production"
Cotton,2.1,10000,0.5,0.3680392156862745,High,687_im_2.png,Cotton,"Material: Cotton | Risk: High | Reason: High impact due to high water usage, high waste production","High impact due to high water usage, high waste production"
Cotton,2.1,10000,0.5,0.3680392156862745,High,1222_im_2.png,Cotton,"Material: Cotton | Risk: High | Reason: High impact due to high water usage, high waste production","High impact due to high water usage, high waste production"
Cotton,2.1,10000,0.5,0.3680392156862745,High,1157_im_2.png,Cotton,"Material: Cotton | Risk: High | Reason: High impact due to high water usage, high waste production","High impact due to high water usage, high waste production"
Cotton,2.1,10000,0.5,0.3680392156862745,High,442_im_2.png,Denim,"Material: Cotton | Risk: High | Reason: High impact due to high water usage, high waste production","High impact due to high water usage, high waste production"
Cotton,2.1,10000,0.5,0.3680392156862745,High,1833_im_2.png,Cotton,"Material: Cotton | Risk: High | Reason: High impact due to high water usage, high waste production","High impact due to high water usage, high waste production"
Cotton,2.1,10000,0.5,0.3680392156862745,High,1552_im_2.png,Denim,"Material: Cotton | Risk: High | Reason: High impact due to high water usage, high waste production","High impact due to high water usage, high waste production"
Cotton,2.1,10000,0.5,0.3680392156862745,High,1400_im_2.png,Cotton,"Material: Cotton | Risk: High | Reason: High impact due to high water usage, high waste production","High impact due to high water usage, high waste production"
Cotton,2.1,10000,0.5,0.3680392156862745,High,1195_im_2.png,Blended,"Material: Cotton | Risk: High | Reason: High impact due to high water usage, high waste production","High impact due to high water usage, high waste production"
Cotton,2.1,10000,0.5,0.3680392156862745,High,1365_im_2.png,Cotton,"Material: Cotton | Risk: High | Reason: High impact due to high water usage, high waste production","High impact due to high water usage, high waste production"
Cotton,2.1,10000,0.5,0.3680392156862745,High,1766_im_2.png,Cotton,"Material: Cotton | Risk: High | Reason: High impact due to high water usage, high waste production","High impact due to high water usage, high waste production"
Cotton,2.1,10000,0.5,0.3680392156862745,High,1600_im_2.png,Cotton,"Material: Cotton | Risk: High | Reason: High impact due to high water usage, high waste production","High impact due to high water usage, high waste production"
Cotton,2.1,10000,0.5,0.3680392156862745,High,396_im_2.png,Cotton,"Material: Cotton | Risk: High | Reason: High impact due to high water usage, high waste production","High impact due to high water usage, high waste production"
Cotton,2.1,10000,0.5,0.3680392156862745,High,1363_im_2.png,Cotton,"Material: Cotton | Risk: High | Reason: High impact due to high water usage, high waste production","High impact due to high water usage, high waste production"
Cotton,2.1,10000,0.5,0.3680392156862745,High,1510_im_2.png,Cotton,"Material: Cotton | Risk: High | Reason: High impact due to high water usage, high waste production","High impact due to high water usage, high waste production"
Cotton,2.1,10000,0.5,0.3680392156862745,High,695_im_2.png,Cotton,"Material: Cotton | Risk: High | Reason: High impact due to high water usage, high waste production","High impact due to high water usage, high waste production"
Cotton,2.1,10000,0.5,0.3680392156862745,High,406_im_2.png,Cotton,"Material: Cotton | Risk: High | Reason: High impact due to high water usage, high waste production","High impact due to high water usage, high waste production"
Cotton,2.1,10000,0.5,0.3680392156862745,High,1757_im_2.png,Cotton,"Material: Cotton | Risk: High | Reason: High impact due to high water usage, high waste production","High impact due to high water usage, high waste production"
Cotton,2.1,10000,0.5,0.3680392156862745,High,1155_im_2.png,Cotton,"Material: Cotton | Risk: High | Reason: High impact due to high water usage, high waste production","High impact due to high water usage, high waste production"
Cotton,2.1,10000,0.5,0.3680392156862745,High,229_im_2.png,Cotton,"Material: Cotton | Risk: High | Reason: High impact due to high water usage, high waste production","High impact due to high water usage, high waste production"
Cotton,2.1,10000,0.5,0.3680392156862745,High,1374_im_2.png,Blended,"Material: Cotton | Risk: High | Reason: High impact due to high water usage, high waste production","High impact due to high water usage, high waste production"
Cotton,2.1,10000,0.5,0.3680392156862745,High,167_im_2.png,Cotton,"Material: Cotton | Risk: High | Reason: High impact due to high water usage, high waste production","High impact due to high water usage, high waste production"
Cotton,2.1,10000,0.5,0.3680392156862745,High,1122_im_2.png,Cotton,"Material: Cotton | Risk: High | Reason: High impact due to high water usage, high waste production","High impact due to high water usage, high waste production"
Cotton,2.1,10000,0.5,0.3680392156862745,High,194_im_2.png,Cotton,"Material: Cotton | Risk: High | Reason: High impact due to high water usage, high waste production","High impact due to high water usage, high waste production"
Cotton,2.1,10000,0.5,0.3680392156862745,High,1717_im_2.png,Cotton,"Material: Cotton | Risk: High | Reason: High impact due to high water usage, high waste production","High impact due to high water usage, high waste production"
Cotton,2.1,10000,0.5,0.3680392156862745,High,1759_im_2.png,Cotton,"Material: Cotton | Risk: High | Reason: High impact due to high water usage, high waste production","High impact due to high water usage, high waste production"
Cotton,2.1,10000,0.5,0.3680392156862745,High,1561_im_2.png,Cotton,"Material: Cotton | Risk: High | Reason: High impact due to high water usage, high waste production","High impact due to high water usage, high waste production"
Cotton,2.1,10000,0.5,0.3680392156862745,High,1756_im_2.png,Cotton,"Material: Cotton | Risk: High | Reason: High impact due to high water usage, high waste production","High impact due to high water usage, high waste production"
Cotton,2.1,10000,0.5,0.3680392156862745,High,1850_im_2.png,Cotton,"Material: Cotton | Risk: High | Reason: High impact due to high water usage, high waste production","High impact due to high water usage, high waste production"
Cotton,2.1,10000,0.5,0.3680392156862745,High,1274_im_2.png,Cotton,"Material: Cotton | Risk: High | Reason: High impact due to high water usage, high waste production","High impact due to high water usage, high waste production"
Cotton,2.1,10000,0.5,0.3680392156862745,High,743_im_2.png,Cotton,"Material: Cotton | Risk: High | Reason: High impact due to high water usage, high waste production","High impact due to high water usage, high waste production"
Cotton,2.1,10000,0.5,0.3680392156862745,High,385_im_2.png,Cotton,"Material: Cotton | Risk: High | Reason: High impact due to high water usage, high waste production","High impact due to high water usage, high waste production"
Cotton,2.1,10000,0.5,0.3680392156862745,High,277_im_2.png,Cotton,"Material: Cotton | Risk: High | Reason: High impact due to high water usage, high waste production","High impact due to high water usage, high waste production"
Cotton,2.1,10000,0.5,0.3680392156862745,High,1110_im_2.png,Cotton,"Material: Cotton | Risk: High | Reason: High impact due to high water usage, high waste production","High impact due to high water usage, high waste production"
Cotton,2.1,10000,0.5,0.3680392156862745,High,1164_im_2.png,Cotton,"Material: Cotton | Risk: High | Reason: High impact due to high water usage, high waste production","High impact due to high water usage, high waste production"
Cotton,2.1,10000,0.5,0.3680392156862745,High,102_im_2.png,Cotton,"Material: Cotton | Risk: High | Reason: High impact due to high water usage, high waste production","High impact due to high water usage, high waste production"
Cotton,2.1,10000,0.5,0.3680392156862745,High,250_im_2.png,Cotton,"Material: Cotton | Risk: High | Reason: High impact due to high water usage, high waste production","High impact due to high water usage, high waste production"
Cotton,2.1,10000,0.5,0.3680392156862745,High,386_im_2.png,Cotton,"Material: Cotton | Risk: High | Reason: High impact due to high water usage, high waste production","High impact due to high water usage, high waste production"
Cotton,2.1,10000,0.5,0.3680392156862745,High,1484_im_2.png,Cotton,"Material: Cotton | Risk: High | Reason: High impact due to high water usage, high waste production","High impact due to high water usage, high waste production"
Cotton,2.1,10000,0.5,0.3680392156862745,High,1518_im_2.png,Cotton,"Material: Cotton | Risk: High | Reason: High impact due to high water usage, high waste production","High impact due to high water usage, high waste production"
Cotton,2.1,10000,0.5,0.3680392156862745,High,1197_im_2.png,Cotton,"Material: Cotton | Risk: High | Reason: High impact due to high water usage, high waste production","High impact due to high water usage, high waste production"
Cotton,2.1,10000,0.5,0.3680392156862745,High,1488_im_2.png,Cotton,"Material: Cotton | Risk: High | Reason: High impact due to high water usage, high waste production","High impact due to high water usage, high waste production"
Cotton,2.1,10000,0.5,0.3680392156862745,High,217_im_2.png,Cotton,"Material: Cotton | Risk: High | Reason: High impact due to high water usage, high waste production","High impact due to high water usage, high waste production"
Cotton,2.1,10000,0.5,0.3680392156862745,High,1520_im_2.png,Cotton,"Material: Cotton | Risk: High | Reason: High impact due to high water usage, high waste production","High impact due to high water usage, high waste production"
Cotton,2.1,10000,0.5,0.3680392156862745,High,426_im_2.png,Cotton,"Material: Cotton | Risk: High | Reason: High impact due to high water usage, high waste production","High impact due to high water usage, high waste production"
Cotton,2.1,10000,0.5,0.3680392156862745,High,69_im_2.png,Cotton,"Material: Cotton | Risk: High | Reason: High impact due to high water usage, high waste production","High impact due to high water usage, high waste production"
Cotton,2.1,10000,0.5,0.3680392156862745,High,1849_im_2.png,Cotton,"Material: Cotton | Risk: High | Reason: High impact due to high water usage, high waste production","High impact due to high water usage, high waste production"
Cotton,2.1,10000,0.5,0.3680392156862745,High,434_im_2.png,Cotton,"Material: Cotton | Risk: High | Reason: High impact due to high water usage, high waste production","High impact due to high water usage, high waste production"
Cotton,2.1,10000,0.5,0.3680392156862745,High,1225_im_2.png,Cotton,"Material: Cotton | Risk: High | Reason: High impact due to high water usage, high waste production","High impact due to high water usage, high waste production"
Cotton,2.1,10000,0.5,0.3680392156862745,High,440_im_2.png,Cotton,"Material: Cotton | Risk: High | Reason: High impact due to high water usage, high waste production","High impact due to high water usage, high waste production"
Cotton,2.1,10000,0.5,0.3680392156862745,High,850_im_2.png,Cotton,"Material: Cotton | Risk: High | Reason: High impact due to high water usage, high waste production","High impact due to high water usage, high waste production"
Cotton,2.1,10000,0.5,0.3680392156862745,High,1556_im_2.png,Denim,"Material: Cotton | Risk: High | Reason: High impact due to high water usage, high waste production","High impact due to high water usage, high waste production"
Cotton,2.1,10000,0.5,0.3680392156862745,High,394_im_2.png,Cotton,"Material: Cotton | Risk: High | Reason: High impact due to high water usage, high waste production","High impact due to high water usage, high waste production"
Cotton,2.1,10000,0.5,0.3680392156862745,High,1399_im_2.png,Blended,"Material: Cotton | Risk: High | Reason: High impact due to high water usage, high waste production","High impact due to high water usage, high waste production"
Cotton,2.1,10000,0.5,0.3680392156862745,High,1380_im_2.png,Cotton,"Material: Cotton | Risk: High | Reason: High impact due to high water usage, high waste production","High impact due to high water usage, high waste production"
Cotton,2.1,10000,0.5,0.3680392156862745,High,1179_im_2.png,Cotton,"Material: Cotton | Risk: High | Reason: High impact due to high water usage, high waste production","High impact due to high water usage, high waste production"
Cotton,2.1,10000,0.5,0.3680392156862745,High,1501_im_2.png,Cotton,"Material: Cotton | Risk: High | Reason: High impact due to high water usage, high waste production","High impact due to high water usage, high waste production"
Cotton,2.1,10000,0.5,0.3680392156862745,High,405_im_2.png,Cotton,"Material: Cotton | Risk: High | Reason: High impact due to high water usage, high waste production","High impact due to high water usage, high waste production"
Cotton,2.1,10000,0.5,0.3680392156862745,High,1467_im_2.png,Cotton,"Material: Cotton | Risk: High | Reason: High impact due to high water usage, high waste production","High impact due to high water usage, high waste production"
Cotton,2.1,10000,0.5,0.3680392156862745,High,1366_im_2.png,Cotton,"Material: Cotton | Risk: High | Reason: High impact due to high water usage, high waste production","High impact due to high water usage, high waste production"
Cotton,2.1,10000,0.5,0.3680392156862745,High,1375_im_2.png,Cotton,"Material: Cotton | Risk: High | Reason: High impact due to high water usage, high waste production","High impact due to high water usage, high waste production"
Cotton,2.1,10000,0.5,0.3680392156862745,High,112_im_2.png,Cotton,"Material: Cotton | Risk: High | Reason: High impact due to high water usage, high waste production","High impact due to high water usage, high waste production"
Cotton,2.1,10000,0.5,0.3680392156862745,High,408_im_2.png,Cotton,"Material: Cotton | Risk: High | Reason: High impact due to high water usage, high waste production","High impact due to high water usage, high waste production"
Cotton,2.1,10000,0.5,0.3680392156862745,High,462_im_2.png,Cotton,"Material: Cotton | Risk: High | Reason: High impact due to high water usage, high waste production","High impact due to high water usage, high waste production"
Cotton,2.1,10000,0.5,0.3680392156862745,High,1180_im_2.png,Cotton,"Material: Cotton | Risk: High | Reason: High impact due to high water usage, high waste production","High impact due to high water usage, high waste production"
Cotton,2.1,10000,0.5,0.3680392156862745,High,1716_im_2.png,Cotton,"Material: Cotton | Risk: High | Reason: High impact due to high water usage, high waste production","High impact due to high water usage, high waste production"
Cotton,2.1,10000,0.5,0.3680392156862745,High,1500_im_2.png,Cotton,"Material: Cotton | Risk: High | Reason: High impact due to high water usage, high waste production","High impact due to high water usage, high waste production"
Cotton,2.1,10000,0.5,0.3680392156862745,High,1486_im_2.png,Cotton,"Material: Cotton | Risk: High | Reason: High impact due to high water usage, high waste production","High impact due to high water usage, high waste production"
Cotton,2.1,10000,0.5,0.3680392156862745,High,1495_im_2.png,Cotton,"Material: Cotton | Risk: High | Reason: High impact due to high water usage, high waste production","High impact due to high water usage, high waste production"
Cotton,2.1,10000,0.5,0.3680392156862745,High,1390_im_2.png,Cotton,"Material: Cotton | Risk: High | Reason: High impact due to high water usage, high waste production","High impact due to high water usage, high waste production"
Cotton,2.1,10000,0.5,0.3680392156862745,High,251_im_2.png,Cotton,"Material: Cotton | Risk: High | Reason: High impact due to high water usage, high waste production","High impact due to high water usage, high waste production"
Cotton,2.1,10000,0.5,0.3680392156862745,High,1295_im_2.png,Cotton,"Material: Cotton | Risk: High | Reason: High impact due to high water usage, high waste production","High impact due to high water usage, high waste production"
Cotton,2.1,10000,0.5,0.3680392156862745,High,174_im_2.png,Cotton,"Material: Cotton | Risk: High | Reason: High impact due to high water usage, high waste production","High impact due to high water usage, high waste production"
Cotton,2.1,10000,0.5,0.3680392156862745,High,153_im_2.png,Cotton,"Material: Cotton | Risk: High | Reason: High impact due to high water usage, high waste production","High impact due to high water usage, high waste production"
Cotton,2.1,10000,0.5,0.3680392156862745,High,1476_im_2.png,Cotton,"Material: Cotton | Risk: High | Reason: High impact due to high water usage, high waste production","High impact due to high water usage, high waste production"
Cotton,2.1,10000,0.5,0.3680392156862745,High,1460_im_2.png,Cotton,"Material: Cotton | Risk: High | Reason: High impact due to high water usage, high waste production","High impact due to high water usage, high waste production"
Cotton,2.1,10000,0.5,0.3680392156862745,High,1376_im_2.png,Denim,"Material: Cotton | Risk: High | Reason: High impact due to high water usage, high waste production","High impact due to high water usage, high waste production"
Cotton,2.1,10000,0.5,0.3680392156862745,High,227_im_2.png,Cotton,"Material: Cotton | Risk: High | Reason: High impact due to high water usage, high waste production","High impact due to high water usage, high waste production"
Cotton,2.1,10000,0.5,0.3680392156862745,High,50_im_2.png,Cotton,"Material: Cotton | Risk: High | Reason: High impact due to high water usage, high waste production","High impact due to high water usage, high waste production"
Cotton,2.1,10000,0.5,0.3680392156862745,High,78_im_2.png,Cotton,"Material: Cotton | Risk: High | Reason: High impact due to high water usage, high waste production","High impact due to high water usage, high waste production"
Cotton,2.1,10000,0.5,0.3680392156862745,High,465_im_2.png,Cotton,"Material: Cotton | Risk: High | Reason: High impact due to high water usage, high waste production","High impact due to high water usage, high waste production"
Cotton,2.1,10000,0.5,0.3680392156862745,High,342_im_2.png,Cotton,"Material: Cotton | Risk: High | Reason: High impact due to high water usage, high waste production","High impact due to high water usage, high waste production"
Cotton,2.1,10000,0.5,0.3680392156862745,High,403_im_2.png,Cotton,"Material: Cotton | Risk: High | Reason: High impact due to high water usage, high waste production","High impact due to high water usage, high waste production"
Cotton,2.1,10000,0.5,0.3680392156862745,High,239_im_2.png,Cotton,"Material: Cotton | Risk: High | Reason: High impact due to high water usage, high waste production","High impact due to high water usage, high waste production"
Cotton,2.1,10000,0.5,0.3680392156862745,High,1498_im_2.png,Cotton,"Material: Cotton | Risk: High | Reason: High impact due to high water usage, high waste production","High impact due to high water usage, high waste production"
Cotton,2.1,10000,0.5,0.3680392156862745,High,728_im_2.png,Cotton,"Material: Cotton | Risk: High | Reason: High impact due to high water usage, high waste production","High impact due to high water usage, high waste production"
Cotton,2.1,10000,0.5,0.3680392156862745,High,1750_im_2.png,Cotton,"Material: Cotton | Risk: High | Reason: High impact due to high water usage, high waste production","High impact due to high water usage, high waste production"
Cotton,2.1,10000,0.5,0.3680392156862745,High,529_im_2.png,Cotton,"Material: Cotton | Risk: High | Reason: High impact due to high water usage, high waste production","High impact due to high water usage, high waste production"
Cotton,2.1,10000,0.5,0.3680392156862745,High,1141_im_2.png,Denim,"Material: Cotton | Risk: High | Reason: High impact due to high water usage, high waste production","High impact due to high water usage, high waste production"
Cotton,2.1,10000,0.5,0.3680392156862745,High,1242_im_2.png,Cotton,"Material: Cotton | Risk: High | Reason: High impact due to high water usage, high waste production","High impact due to high water usage, high waste production"
Cotton,2.1,10000,0.5,0.3680392156862745,High,74_im_2.png,Cotton,"Material: Cotton | Risk: High | Reason: High impact due to high water usage, high waste production","High impact due to high water usage, high waste production"
Cotton,2.1,10000,0.5,0.3680392156862745,High,1401_im_2.png,Cotton,"Material: Cotton | Risk: High | Reason: High impact due to high water usage, high waste production","High impact due to high water usage, high waste production"
Cotton,2.1,10000,0.5,0.3680392156862745,High,1239_im_2.png,Denim,"Material: Cotton | Risk: High | Reason: High impact due to high water usage, high waste production","High impact due to high water usage, high waste production"
Cotton,2.1,10000,0.5,0.3680392156862745,High,212_im_2.png,Cotton,"Material: Cotton | Risk: High | Reason: High impact due to high water usage, high waste production","High impact due to high water usage, high waste production"
Cotton,2.1,10000,0.5,0.3680392156862745,High,1221_im_2.png,Cotton,"Material: Cotton | Risk: High | Reason: High impact due to high water usage, high waste production","High impact due to high water usage, high waste production"
Cotton,2.1,10000,0.5,0.3680392156862745,High,1493_im_2.png,Cotton,"Material: Cotton | Risk: High | Reason: High impact due to high water usage, high waste production","High impact due to high water usage, high waste production"
Cotton,2.1,10000,0.5,0.3680392156862745,High,1516_im_2.png,Cotton,"Material: Cotton | Risk: High | Reason: High impact due to high water usage, high waste production","High impact due to high water usage, high waste production"
Cotton,2.1,10000,0.5,0.3680392156862745,High,1843_im_2.png,Cotton,"Material: Cotton | Risk: High | Reason: High impact due to high water usage, high waste production","High impact due to high water usage, high waste production"
Cotton,2.1,10000,0.5,0.3680392156862745,High,219_im_2.png,Cotton,"Material: Cotton | Risk: High | Reason: High impact due to high water usage, high waste production","High impact due to high water usage, high waste production"
Cotton,2.1,10000,0.5,0.3680392156862745,High,1245_im_2.png,Cotton,"Material: Cotton | Risk: High | Reason: High impact due to high water usage, high waste production","High impact due to high water usage, high waste production"
Cotton,2.1,10000,0.5,0.3680392156862745,High,1193_im_2.png,Cotton,"Material: Cotton | Risk: High | Reason: High impact due to high water usage, high waste production","High impact due to high water usage, high waste production"
Cotton,2.1,10000,0.5,0.3680392156862745,High,1143_im_2.png,Cotton,"Material: Cotton | Risk: High | Reason: High impact due to high water usage, high waste production","High impact due to high water usage, high waste production"
Cotton,2.1,10000,0.5,0.3680392156862745,High,255_im_2.png,Cotton,"Material: Cotton | Risk: High | Reason: High impact due to high water usage, high waste production","High impact due to high water usage, high waste production"
Cotton,2.1,10000,0.5,0.3680392156862745,High,1746_im_2.png,Cotton,"Material: Cotton | Risk: High | Reason: High impact due to high water usage, high waste production","High impact due to high water usage, high waste production"
Cotton,2.1,10000,0.5,0.3680392156862745,High,1847_im_2.png,Cotton,"Material: Cotton | Risk: High | Reason: High impact due to high water usage, high waste production","High impact due to high water usage, high waste production"
Cotton,2.1,10000,0.5,0.3680392156862745,High,1838_im_2.png,Cotton,"Material: Cotton | Risk: High | Reason: High impact due to high water usage, high waste production","High impact due to high water usage, high waste production"
Cotton,2.1,10000,0.5,0.3680392156862745,High,1181_im_2.png,Cotton,"Material: Cotton | Risk: High | Reason: High impact due to high water usage, high waste production","High impact due to high water usage, high waste production"
Cotton,2.1,10000,0.5,0.3680392156862745,High,1099_im_2.png,Blended,"Material: Cotton | Risk: High | Reason: High impact due to high water usage, high waste production","High impact due to high water usage, high waste production"
Cotton,2.1,10000,0.5,0.3680392156862745,High,1150_im_2.png,Blended,"Material: Cotton | Risk: High | Reason: High impact due to high water usage, high waste production","High impact due to high water usage, high waste production"
Cotton,2.1,10000,0.5,0.3680392156862745,High,691_im_2.png,Cotton,"Material: Cotton | Risk: High | Reason: High impact due to high water usage, high waste production","High impact due to high water usage, high waste production"
Cotton,2.1,10000,0.5,0.3680392156862745,High,187_im_2.png,Cotton,"Material: Cotton | Risk: High | Reason: High impact due to high water usage, high waste production","High impact due to high water usage, high waste production"
Cotton,2.1,10000,0.5,0.3680392156862745,High,122_im_2.png,Cotton,"Material: Cotton | Risk: High | Reason: High impact due to high water usage, high waste production","High impact due to high water usage, high waste production"
Cotton,2.1,10000,0.5,0.3680392156862745,High,346_im_2.png,Cotton,"Material: Cotton | Risk: High | Reason: High impact due to high water usage, high waste production","High impact due to high water usage, high waste production"
Cotton,2.1,10000,0.5,0.3680392156862745,High,1153_im_2.png,Cotton,"Material: Cotton | Risk: High | Reason: High impact due to high water usage, high waste production","High impact due to high water usage, high waste production"
Cotton,2.1,10000,0.5,0.3680392156862745,High,1154_im_2.png,Cotton,"Material: Cotton | Risk: High | Reason: High impact due to high water usage, high waste production","High impact due to high water usage, high waste production"
Cotton,2.1,10000,0.5,0.3680392156862745,High,397_im_2.png,Cotton,"Material: Cotton | Risk: High | Reason: High impact due to high water usage, high waste production","High impact due to high water usage, high waste production"
Cotton,2.1,10000,0.5,0.3680392156862745,High,1184_im_2.png,Denim,"Material: Cotton | Risk: High | Reason: High impact due to high water usage, high waste production","High impact due to high water usage, high waste production"
Cotton,2.1,10000,0.5,0.3680392156862745,High,1124_im_2.png,Cotton,"Material: Cotton | Risk: High | Reason: High impact due to high water usage, high waste production","High impact due to high water usage, high waste production"
Chenille,2.1,10000,0.5,0.3680392156862745,High,863_im_2.png,Blended,"Material: Chenille | Risk: High | Reason: High impact due to high water usage, high waste production","High impact due to high water usage, high waste production"
Chenille,2.1,10000,0.5,0.3680392156862745,High,853_im_2.png,Cotton,"Material: Chenille | Risk: High | Reason: High impact due to high water usage, high waste production","High impact due to high water usage, high waste production"
Chenille,2.1,10000,0.5,0.3680392156862745,High,862_im_2.png,Cotton,"Material: Chenille | Risk: High | Reason: High impact due to high water usage, high waste production","High impact due to high water usage, high waste production"
Chenille,2.1,10000,0.5,0.3680392156862745,High,855_im_2.png,Cotton,"Material: Chenille | Risk: High | Reason: High impact due to high water usage, high waste production","High impact due to high water usage, high waste production"
Chenille,2.1,10000,0.5,0.3680392156862745,High,856_im_2.png,Blended,"Material: Chenille | Risk: High | Reason: High impact due to high water usage, high waste production","High impact due to high water usage, high waste production"
Chenille,2.1,10000,0.5,0.3680392156862745,High,852_im_2.png,Cotton,"Material: Chenille | Risk: High | Reason: High impact due to high water usage, high waste production","High impact due to high water usage, high waste production"
Chenille,2.1,10000,0.5,0.3680392156862745,High,860_im_2.png,Denim,"Material: Chenille | Risk: High | Reason: High impact due to high water usage, high waste production","High impact due to high water usage, high waste production"
Chenille,2.1,10000,0.5,0.3680392156862745,High,857_im_2.png,Cotton,"Material: Chenille | Risk: High | Reason: High impact due to high water usage, high waste production","High impact due to high water usage, high waste production"
Chenille,2.1,10000,0.5,0.3680392156862745,High,858_im_2.png,Cotton,"Material: Chenille | Risk: High | Reason: High impact due to high water usage, high waste production","High impact due to high water usage, high waste production"
Chenille,2.1,10000,0.5,0.3680392156862745,High,864_im_2.png,Cotton,"Material: Chenille | Risk: High | Reason: High impact due to high water usage, high waste production","High impact due to high water usage, high waste production"
Chenille,2.1,10000,0.5,0.3680392156862745,High,861_im_2.png,Denim,"Material: Chenille | Risk: High | Reason: High impact due to high water usage, high waste production","High impact due to high water usage, high waste production"
Chenille,2.1,10000,0.5,0.3680392156862745,High,854_im_2.png,Cotton,"Material: Chenille | Risk: High | Reason: High impact due to high water usage, high waste production","High impact due to high water usage, high waste production"
Chenille,2.1,10000,0.5,0.3680392156862745,High,859_im_2.png,Cotton,"Material: Chenille | Risk: High | Reason: High impact due to high water usage, high waste production","High impact due to high water usage, high waste production"
Viscose,4.0,5000,0.6,0.3117647058823529,Low,119_im_2.png,Cotton,Material: Viscose | Risk: Low | Reason: Overall low environmental impact,Overall low environmental impact
Viscose,4.0,5000,0.6,0.3117647058823529,Low,91_im_2.png,Cotton,Material: Viscose | Risk: Low | Reason: Overall low environmental impact,Overall low environmental impact
Viscose,4.0,5000,0.6,0.3117647058823529,Low,156_im_2.png,Cotton,Material: Viscose | Risk: Low | Reason: Overall low environmental impact,Overall low environmental impact
Viscose,4.0,5000,0.6,0.3117647058823529,Low,186_im_2.png,Cotton,Material: Viscose | Risk: Low | Reason: Overall low environmental impact,Overall low environmental impact
Viscose,4.0,5000,0.6,0.3117647058823529,Low,90_im_2.png,Cotton,Material: Viscose | Risk: Low | Reason: Overall low environmental impact,Overall low environmental impact
Viscose,4.0,5000,0.6,0.3117647058823529,Low,155_im_2.png,Cotton,Material: Viscose | Risk: Low | Reason: Overall low environmental impact,Overall low environmental impact
Viscose,4.0,5000,0.6,0.3117647058823529,Low,171_im_2.png,Cotton,Material: Viscose | Risk: Low | Reason: Overall low environmental impact,Overall low environmental impact
Viscose,4.0,5000,0.6,0.3117647058823529,Low,42_im_2.png,Cotton,Material: Viscose | Risk: Low | Reason: Overall low environmental impact,Overall low environmental impact
Viscose,4.0,5000,0.6,0.3117647058823529,Low,137_im_2.png,Cotton,Material: Viscose | Risk: Low | Reason: Overall low environmental impact,Overall low environmental impact
Viscose,4.0,5000,0.6,0.3117647058823529,Low,208_im_2.png,Cotton,Material: Viscose | Risk: Low | Reason: Overall low environmental impact,Overall low environmental impact
Viscose,4.0,5000,0.6,0.3117647058823529,Low,47_im_2.png,Denim,Material: Viscose | Risk: Low | Reason: Overall low environmental impact,Overall low environmental impact
Viscose,4.0,5000,0.6,0.3117647058823529,Low,200_im_2.png,Cotton,Material: Viscose | Risk: Low | Reason: Overall low environmental impact,Overall low environmental impact
Viscose,4.0,5000,0.6,0.3117647058823529,Low,280_im_2.png,Cotton,Material: Viscose | Risk: Low | Reason: Overall low environmental impact,Overall low environmental impact
Viscose,4.0,5000,0.6,0.3117647058823529,Low,199_im_2.png,Cotton,Material: Viscose | Risk: Low | Reason: Overall low environmental impact,Overall low environmental impact
Viscose,4.0,5000,0.6,0.3117647058823529,Low,196_im_2.png,Cotton,Material: Viscose | Risk: Low | Reason: Overall low environmental impact,Overall low environmental impact
Viscose,4.0,5000,0.6,0.3117647058823529,Low,281_im_2.png,Cotton,Material: Viscose | Risk: Low | Reason: Overall low environmental impact,Overall low environmental impact
Viscose,4.0,5000,0.6,0.3117647058823529,Low,97_im_2.png,Blended,Material: Viscose | Risk: Low | Reason: Overall low environmental impact,Overall low environmental impact
Viscose,4.0,5000,0.6,0.3117647058823529,Low,207_im_2.png,Cotton,Material: Viscose | Risk: Low | Reason: Overall low environmental impact,Overall low environmental impact
Viscose,4.0,5000,0.6,0.3117647058823529,Low,136_im_2.png,Cotton,Material: Viscose | Risk: Low | Reason: Overall low environmental impact,Overall low environmental impact
Viscose,4.0,5000,0.6,0.3117647058823529,Low,158_im_2.png,Cotton,Material: Viscose | Risk: Low | Reason: Overall low environmental impact,Overall low environmental impact
Viscose,4.0,5000,0.6,0.3117647058823529,Low,172_im_2.png,Cotton,Material: Viscose | Risk: Low | Reason: Overall low environmental impact,Overall low environmental impact
Viscose,4.0,5000,0.6,0.3117647058823529,Low,48_im_2.png,Cotton,Material: Viscose | Risk: Low | Reason: Overall low environmental impact,Overall low environmental impact
Viscose,4.0,5000,0.6,0.3117647058823529,Low,197_im_2.png,Cotton,Material: Viscose | Risk: Low | Reason: Overall low environmental impact,Overall low environmental impact
Viscose,4.0,5000,0.6,0.3117647058823529,Low,191_im_2.png,Cotton,Material: Viscose | Risk: Low | Reason: Overall low environmental impact,Overall low environmental impact
Viscose,4.0,5000,0.6,0.3117647058823529,Low,189_im_2.png,Cotton,Material: Viscose | Risk: Low | Reason: Overall low environmental impact,Overall low environmental impact
Viscose,4.0,5000,0.6,0.3117647058823529,Low,46_im_2.png,Cotton,Material: Viscose | Risk: Low | Reason: Overall low environmental impact,Overall low environmental impact
Viscose,4.0,5000,0.6,0.3117647058823529,Low,185_im_2.png,Cotton,Material: Viscose | Risk: Low | Reason: Overall low environmental impact,Overall low environmental impact
Viscose,4.0,5000,0.6,0.3117647058823529,Low,26_im_2.png,Cotton,Material: Viscose | Risk: Low | Reason: Overall low environmental impact,Overall low environmental impact
Viscose,4.0,5000,0.6,0.3117647058823529,Low,201_im_2.png,Cotton,Material: Viscose | Risk: Low | Reason: Overall low environmental impact,Overall low environmental impact
Viscose,4.0,5000,0.6,0.3117647058823529,Low,819_im_2.png,Denim,Material: Viscose | Risk: Low | Reason: Overall low environmental impact,Overall low environmental impact
Viscose,4.0,5000,0.6,0.3117647058823529,Low,190_im_2.png,Cotton,Material: Viscose | Risk: Low | Reason: Overall low environmental impact,Overall low environmental impact
Viscose,4.0,5000,0.6,0.3117647058823529,Low,98_im_2.png,Cotton,Material: Viscose | Risk: Low | Reason: Overall low environmental impact,Overall low environmental impact
Viscose,4.0,5000,0.6,0.3117647058823529,Low,198_im_2.png,Cotton,Material: Viscose | Risk: Low | Reason: Overall low environmental impact,Overall low environmental impact
Viscose,4.0,5000,0.6,0.3117647058823529,Low,279_im_2.png,Cotton,Material: Viscose | Risk: Low | Reason: Overall low environmental impact,Overall low environmental impact
Viscose,4.0,5000,0.6,0.3117647058823529,Low,54_im_2.png,Cotton,Material: Viscose | Risk: Low | Reason: Overall low environmental impact,Overall low environmental impact
Viscose,4.0,5000,0.6,0.3117647058823529,Low,157_im_2.png,Cotton,Material: Viscose | Risk: Low | Reason: Overall low environmental impact,Overall low environmental impact
Viscose,4.0,5000,0.6,0.3117647058823529,Low,118_im_2.png,Cotton,Material: Viscose | Risk: Low | Reason: Overall low environmental impact,Overall low environmental impact
