Material,Carbon,Water,Waste,EIS,Risk_Level,image,actual_class
Denim,2.1,10000,0.5,0.3680392156862745,High,1353_im_2.png,Denim
Denim,2.1,10000,0.5,0.3680392156862745,High,1337_im_2.png,Denim
Denim,2.1,10000,0.5,0.3680392156862745,High,1335_im_2.png,Denim
Denim,2.1,10000,0.5,0.3680392156862745,High,1339_im_2.png,Denim
Denim,2.1,10000,0.5,0.3680392156862745,High,1081_im_2.png,Denim
Denim,2.1,10000,0.5,0.3680392156862745,High,1402_im_2.png,Denim
Denim,2.1,10000,0.5,0.3680392156862745,High,1332_im_2.png,Denim
Denim,2.1,10000,0.5,0.3680392156862745,High,1249_im_2.png,Denim
Denim,2.1,10000,0.5,0.3680392156862745,High,1314_im_2.png,Denim
Denim,2.1,10000,0.5,0.3680392156862745,High,1074_im_2.png,Denim
Denim,2.1,10000,0.5,0.3680392156862745,High,1316_im_2.png,Denim
Denim,2.1,10000,0.5,0.3680392156862745,High,515_im_2.png,Denim
Denim,2.1,10000,0.5,0.3680392156862745,High,1320_im_2.png,Denim
Denim,2.1,10000,0.5,0.3680392156862745,High,1325_im_2.png,Denim
Denim,2.1,10000,0.5,0.3680392156862745,High,1303_im_2.png,Denim
Denim,2.1,10000,0.5,0.3680392156862745,High,1289_im_2.png,Denim
Denim,2.1,10000,0.5,0.3680392156862745,High,1063_im_2.png,Denim
Denim,2.1,10000,0.5,0.3680392156862745,High,1120_im_2.png,Denim
Denim,2.1,10000,0.5,0.3680392156862745,High,433_im_2.png,Denim
Denim,2.1,10000,0.5,0.3680392156862745,High,1342_im_2.png,Denim
Denim,2.1,10000,0.5,0.3680392156862745,High,300_im_2.png,Denim
Denim,2.1,10000,0.5,0.3680392156862745,High,1345_im_2.png,Denim
Denim,2.1,10000,0.5,0.3680392156862745,High,1310_im_2.png,Denim
Denim,2.1,10000,0.5,0.3680392156862745,High,1119_im_2.png,Denim
Denim,2.1,10000,0.5,0.3680392156862745,High,1328_im_2.png,Denim
Denim,2.1,10000,0.5,0.3680392156862745,High,420_im_2.png,Denim
Denim,2.1,10000,0.5,0.3680392156862745,High,1287_im_2.png,Denim
Denim,2.1,10000,0.5,0.3680392156862745,High,1052_im_2.png,Denim
Denim,2.1,10000,0.5,0.3680392156862745,High,1330_im_2.png,Denim
Denim,2.1,10000,0.5,0.3680392156862745,High,1056_im_2.png,Denim
Denim,2.1,10000,0.5,0.3680392156862745,High,1315_im_2.png,Denim
Denim,2.1,10000,0.5,0.3680392156862745,High,1333_im_2.png,Denim
Denim,2.1,10000,0.5,0.3680392156862745,High,1311_im_2.png,Denim
Denim,2.1,10000,0.5,0.3680392156862745,High,152_im_2.png,Denim
Denim,2.1,10000,0.5,0.3680392156862745,High,1343_im_2.png,Denim
Denim,2.1,10000,0.5,0.3680392156862745,High,1306_im_2.png,Denim
Denim,2.1,10000,0.5,0.3680392156862745,High,1319_im_2.png,Denim
Denim,2.1,10000,0.5,0.3680392156862745,High,1276_im_2.png,Denim
Denim,2.1,10000,0.5,0.3680392156862745,High,1351_im_2.png,Denim
Denim,2.1,10000,0.5,0.3680392156862745,High,1347_im_2.png,Denim
Denim,2.1,10000,0.5,0.3680392156862745,High,431_im_2.png,Denim
Denim,2.1,10000,0.5,0.3680392156862745,High,1327_im_2.png,Denim
Denim,2.1,10000,0.5,0.3680392156862745,High,1326_im_2.png,Denim
Denim,2.1,10000,0.5,0.3680392156862745,High,1250_im_2.png,Denim
Denim,2.1,10000,0.5,0.3680392156862745,High,1288_im_2.png,Denim
Denim,2.1,10000,0.5,0.3680392156862745,High,1051_im_2.png,Denim
Denim,2.1,10000,0.5,0.3680392156862745,High,1_im_2.png,Denim
Denim,2.1,10000,0.5,0.3680392156862745,High,421_im_2.png,Denim
Denim,2.1,10000,0.5,0.3680392156862745,High,1329_im_2.png,Denim
Denim,2.1,10000,0.5,0.3680392156862745,High,1324_im_2.png,Denim
Denim,2.1,10000,0.5,0.3680392156862745,High,1047_im_2.png,Denim
Denim,2.1,10000,0.5,0.3680392156862745,High,1317_im_2.png,Denim
Denim,2.1,10000,0.5,0.3680392156862745,High,1336_im_2.png,Denim
Denim,2.1,10000,0.5,0.3680392156862745,High,1321_im_2.png,Denim
Denim,2.1,10000,0.5,0.3680392156862745,High,1331_im_2.png,Denim
Denim,2.1,10000,0.5,0.3680392156862745,High,424_im_2.png,Denim
Denim,2.1,10000,0.5,0.3680392156862745,High,1350_im_2.png,Denim
Denim,2.1,10000,0.5,0.3680392156862745,High,1305_im_2.png,Denim
Denim,2.1,10000,0.5,0.3680392156862745,High,1190_im_2.png,Denim
Denim,2.1,10000,0.5,0.3680392156862745,High,1355_im_2.png,Denim
Denim,2.1,10000,0.5,0.3680392156862745,High,1349_im_2.png,Denim
Denim,2.1,10000,0.5,0.3680392156862745,High,225_im_2.png,Denim
Denim,2.1,10000,0.5,0.3680392156862745,High,1307_im_2.png,Denim
Denim,2.1,10000,0.5,0.3680392156862745,High,1277_im_2.png,Denim
Denim,2.1,10000,0.5,0.3680392156862745,High,516_im_2.png,Denim
Denim,2.1,10000,0.5,0.3680392156862745,High,1313_im_2.png,Denim
Denim,2.1,10000,0.5,0.3680392156862745,High,1354_im_2.png,Denim
Denim,2.1,10000,0.5,0.3680392156862745,High,1304_im_2.png,Denim
Denim,2.1,10000,0.5,0.3680392156862745,High,15_im_2.png,Denim
Denim,2.1,10000,0.5,0.3680392156862745,High,1344_im_2.png,Denim
Denim,2.1,10000,0.5,0.3680392156862745,High,432_im_2.png,Denim
Denim,2.1,10000,0.5,0.3680392156862745,High,1340_im_2.png,Denim
Denim,2.1,10000,0.5,0.3680392156862745,High,12_im_2.png,Denim
Denim,2.1,10000,0.5,0.3680392156862745,High,1073_im_2.png,Denim
Denim,2.1,10000,0.5,0.3680392156862745,High,1348_im_2.png,Denim
Denim,2.1,10000,0.5,0.3680392156862745,High,1235_im_2.png,Denim
Denim,2.1,10000,0.5,0.3680392156862745,High,151_im_2.png,Denim
Denim,2.1,10000,0.5,0.3680392156862745,High,1318_im_2.png,Denim
Denim,2.1,10000,0.5,0.3680392156862745,High,1309_im_2.png,Denim
Denim,2.1,10000,0.5,0.3680392156862745,High,1352_im_2.png,Denim
Denim,2.1,10000,0.5,0.3680392156862745,High,1346_im_2.png,Denim
Denim,2.1,10000,0.5,0.3680392156862745,High,1078_im_2.png,Denim
Denim,2.1,10000,0.5,0.3680392156862745,High,423_im_2.png,Denim
Denim,2.1,10000,0.5,0.3680392156862745,High,1072_im_2.png,Denim
Denim,2.1,10000,0.5,0.3680392156862745,High,301_im_2.png,Denim
Denim,2.1,10000,0.5,0.3680392156862745,High,150_im_2.png,Denim
Denim,2.1,10000,0.5,0.3680392156862745,High,422_im_2.png,Denim
Denim,2.1,10000,0.5,0.3680392156862745,High,1338_im_2.png,Denim
Denim,2.1,10000,0.5,0.3680392156862745,High,226_im_2.png,Denim
Denim,2.1,10000,0.5,0.3680392156862745,High,523_im_2.png,Silk
Denim,2.1,10000,0.5,0.3680392156862745,High,996_im_2.png,Silk
Denim,2.1,10000,0.5,0.3680392156862745,High,487_im_2.png,Terrycloth
Denim,2.1,10000,0.5,0.3680392156862745,High,1557_im_2.png,Cotton
Denim,2.1,10000,0.5,0.3680392156862745,High,443_im_2.png,Cotton
Denim,2.1,10000,0.5,0.3680392156862745,High,1109_im_2.png,Cotton
Denim,2.1,10000,0.5,0.3680392156862745,High,11_im_2.png,Cotton
Denim,2.1,10000,0.5,0.3680392156862745,High,1379_im_2.png,Cotton
Denim,2.1,10000,0.5,0.3680392156862745,High,1555_im_2.png,Cotton
Denim,2.1,10000,0.5,0.3680392156862745,High,1297_im_2.png,Cotton
Denim,2.1,10000,0.5,0.3680392156862745,High,1218_im_2.png,Cotton
Denim,2.1,10000,0.5,0.3680392156862745,High,1238_im_2.png,Cotton
Denim,2.1,10000,0.5,0.3680392156862745,High,1383_im_2.png,Cotton
Denim,2.1,10000,0.5,0.3680392156862745,High,1527_im_2.png,Cotton
Denim,2.1,10000,0.5,0.3680392156862745,High,245_im_2.png,Cotton
Denim,2.1,10000,0.5,0.3680392156862745,High,1554_im_2.png,Cotton
Denim,2.1,10000,0.5,0.3680392156862745,High,1382_im_2.png,Cotton
Denim,2.1,10000,0.5,0.3680392156862745,High,8_im_2.png,Cotton
Denim,2.1,10000,0.5,0.3680392156862745,High,1236_im_2.png,Cotton
Denim,2.1,10000,0.5,0.3680392156862745,High,236_im_2.png,Cotton
Denim,2.1,10000,0.5,0.3680392156862745,High,233_im_2.png,Cotton
Denim,2.1,10000,0.5,0.3680392156862745,High,1511_im_2.png,Cotton
Denim,2.1,10000,0.5,0.3680392156862745,High,1538_im_2.png,Cotton
Denim,2.1,10000,0.5,0.3680392156862745,High,1188_im_2.png,Cotton
Denim,2.1,10000,0.5,0.3680392156862745,High,1384_im_2.png,Cotton
Denim,2.1,10000,0.5,0.3680392156862745,High,1237_im_2.png,Cotton
Denim,2.1,10000,0.5,0.3680392156862745,High,1553_im_2.png,Cotton
Denim,2.1,10000,0.5,0.3680392156862745,High,1219_im_2.png,Cotton
Denim,2.1,10000,0.5,0.3680392156862745,High,1398_im_2.png,Cotton
Denim,2.1,10000,0.5,0.3680392156862745,High,1107_im_2.png,Cotton
Denim,2.1,10000,0.5,0.3680392156862745,High,442_im_2.png,Cotton
Denim,2.1,10000,0.5,0.3680392156862745,High,1552_im_2.png,Cotton
Denim,2.1,10000,0.5,0.3680392156862745,High,1556_im_2.png,Cotton
Denim,2.1,10000,0.5,0.3680392156862745,High,1376_im_2.png,Cotton
Denim,2.1,10000,0.5,0.3680392156862745,High,1141_im_2.png,Cotton
Denim,2.1,10000,0.5,0.3680392156862745,High,1239_im_2.png,Cotton
Denim,2.1,10000,0.5,0.3680392156862745,High,1184_im_2.png,Cotton
Denim,2.1,10000,0.5,0.3680392156862745,High,583_im_2.png,Polyester
Denim,2.1,10000,0.5,0.3680392156862745,High,37_im_2.png,Polyester
Denim,2.1,10000,0.5,0.3680392156862745,High,628_im_2.png,Polyester
Denim,2.1,10000,0.5,0.3680392156862745,High,627_im_2.png,Polyester
Denim,2.1,10000,0.5,0.3680392156862745,High,618_im_2.png,Polyester
Denim,2.1,10000,0.5,0.3680392156862745,High,625_im_2.png,Polyester
Denim,2.1,10000,0.5,0.3680392156862745,High,57_im_2.png,Wool
Denim,2.1,10000,0.5,0.3680392156862745,High,1437_im_2.png,Wool
Denim,2.1,10000,0.5,0.3680392156862745,High,1434_im_2.png,Wool
Denim,2.1,10000,0.5,0.3680392156862745,High,1433_im_2.png,Wool
Denim,2.1,10000,0.5,0.3680392156862745,High,1438_im_2.png,Wool
Denim,2.1,10000,0.5,0.3680392156862745,High,1432_im_2.png,Wool
Denim,2.1,10000,0.5,0.3680392156862745,High,1410_im_2.png,Wool
Denim,2.1,10000,0.5,0.3680392156862745,High,1430_im_2.png,Wool
Denim,2.1,10000,0.5,0.3680392156862745,High,1409_im_2.png,Wool
Denim,2.1,10000,0.5,0.3680392156862745,High,1425_im_2.png,Wool
Denim,2.1,10000,0.5,0.3680392156862745,High,1439_im_2.png,Wool
Denim,2.1,10000,0.5,0.3680392156862745,High,1414_im_2.png,Wool
Denim,2.1,10000,0.5,0.3680392156862745,High,1431_im_2.png,Wool
Denim,2.1,10000,0.5,0.3680392156862745,High,1405_im_2.png,Wool
Denim,2.1,10000,0.5,0.3680392156862745,High,1411_im_2.png,Wool
Denim,2.1,10000,0.5,0.3680392156862745,High,1418_im_2.png,Wool
Denim,2.1,10000,0.5,0.3680392156862745,High,1424_im_2.png,Wool
Denim,2.1,10000,0.5,0.3680392156862745,High,1404_im_2.png,Wool
Denim,2.1,10000,0.5,0.3680392156862745,High,1403_im_2.png,Wool
Denim,2.1,10000,0.5,0.3680392156862745,High,1440_im_2.png,Wool
Denim,2.1,10000,0.5,0.3680392156862745,High,947_im_2.png,Crepe
Denim,2.1,10000,0.5,0.3680392156862745,High,950_im_2.png,Crepe
Denim,2.1,10000,0.5,0.3680392156862745,High,951_im_2.png,Crepe
Denim,2.1,10000,0.5,0.3680392156862745,High,591_im_2.png,Blended
Denim,2.1,10000,0.5,0.3680392156862745,High,593_im_2.png,Blended
Denim,2.1,10000,0.5,0.3680392156862745,High,594_im_2.png,Blended
Denim,2.1,10000,0.5,0.3680392156862745,High,354_im_2.png,Blended
Denim,2.1,10000,0.5,0.3680392156862745,High,1092_im_2.png,Blended
Denim,2.1,10000,0.5,0.3680392156862745,High,1370_im_2.png,Blended
Denim,2.1,10000,0.5,0.3680392156862745,High,596_im_2.png,Blended
Denim,2.1,10000,0.5,0.3680392156862745,High,558_im_2.png,Blended
Denim,2.1,10000,0.5,0.3680392156862745,High,108_im_2.png,Blended
Denim,2.1,10000,0.5,0.3680392156862745,High,588_im_2.png,Blended
Denim,2.1,10000,0.5,0.3680392156862745,High,589_im_2.png,Blended
Denim,2.1,10000,0.5,0.3680392156862745,High,592_im_2.png,Blended
Denim,2.1,10000,0.5,0.3680392156862745,High,353_im_2.png,Blended
Denim,2.1,10000,0.5,0.3680392156862745,High,595_im_2.png,Blended
Denim,2.1,10000,0.5,0.3680392156862745,High,1103_im_2.png,Blended
Denim,2.1,10000,0.5,0.3680392156862745,High,587_im_2.png,Blended
Denim,2.1,10000,0.5,0.3680392156862745,High,1106_im_2.png,Blended
Denim,2.1,10000,0.5,0.3680392156862745,High,599_im_2.png,Blended
Denim,2.1,10000,0.5,0.3680392156862745,High,584_im_2.png,Blended
Denim,2.1,10000,0.5,0.3680392156862745,High,535_im_2.png,Blended
Denim,2.1,10000,0.5,0.3680392156862745,High,598_im_2.png,Blended
Denim,2.1,10000,0.5,0.3680392156862745,High,1104_im_2.png,Blended
Denim,2.1,10000,0.5,0.3680392156862745,High,597_im_2.png,Blended
Denim,2.1,10000,0.5,0.3680392156862745,High,1034_im_2.png,Blended
Denim,2.1,10000,0.5,0.3680392156862745,High,242_im_2.png,Blended
Denim,2.1,10000,0.5,0.3680392156862745,High,534_im_2.png,Blended
Denim,2.1,10000,0.5,0.3680392156862745,High,1102_im_2.png,Blended
Denim,2.1,10000,0.5,0.3680392156862745,High,549_im_2.png,Blended
Denim,2.1,10000,0.5,0.3680392156862745,High,931_im_2.png,Blended
Denim,2.1,10000,0.5,0.3680392156862745,High,590_im_2.png,Blended
Denim,2.1,10000,0.5,0.3680392156862745,High,1537_im_2.png,Blended
Denim,2.1,10000,0.5,0.3680392156862745,High,552_im_2.png,Blended
Denim,2.1,10000,0.5,0.3680392156862745,High,551_im_2.png,Blended
Denim,2.1,10000,0.5,0.3680392156862745,High,107_im_2.png,Blended
Denim,2.1,10000,0.5,0.3680392156862745,High,1093_im_2.png,Blended
Denim,2.1,10000,0.5,0.3680392156862745,High,1111_im_2.png,Blended
Denim,2.1,10000,0.5,0.3680392156862745,High,1095_im_2.png,Blended
Denim,2.1,10000,0.5,0.3680392156862745,High,1922_im_2.png,Blended
Denim,2.1,10000,0.5,0.3680392156862745,High,548_im_2.png,Blended
Denim,2.1,10000,0.5,0.3680392156862745,High,1105_im_2.png,Blended
Denim,2.1,10000,0.5,0.3680392156862745,High,1112_im_2.png,Blended
Denim,2.1,10000,0.5,0.3680392156862745,High,1114_im_2.png,Blended
Denim,2.1,10000,0.5,0.3680392156862745,High,241_im_2.png,Blended
Denim,2.1,10000,0.5,0.3680392156862745,High,1369_im_2.png,Blended
Denim,2.1,10000,0.5,0.3680392156862745,High,547_im_2.png,Blended
Denim,2.1,10000,0.5,0.3680392156862745,High,47_im_2.png,Viscose
Denim,2.1,10000,0.5,0.3680392156862745,High,819_im_2.png,Viscose
Denim,2.1,10000,0.5,0.3680392156862745,High,860_im_2.png,Chenille
Denim,2.1,10000,0.5,0.3680392156862745,High,861_im_2.png,Chenille
Cotton,2.1,10000,0.5,0.3680392156862745,High,1248_im_2.png,Denim
Cotton,2.1,10000,0.5,0.3680392156862745,High,1252_im_2.png,Denim
Cotton,2.1,10000,0.5,0.3680392156862745,High,1041_im_2.png,Denim
Cotton,2.1,10000,0.5,0.3680392156862745,High,1118_im_2.png,Denim
Cotton,2.1,10000,0.5,0.3680392156862745,High,1117_im_2.png,Denim
Cotton,2.1,10000,0.5,0.3680392156862745,High,1085_im_2.png,Denim
Cotton,2.1,10000,0.5,0.3680392156862745,High,1077_im_2.png,Denim
Cotton,2.1,10000,0.5,0.3680392156862745,High,1246_im_2.png,Denim
Cotton,2.1,10000,0.5,0.3680392156862745,High,1259_im_2.png,Denim
Cotton,2.1,10000,0.5,0.3680392156862745,High,1080_im_2.png,Denim
Cotton,2.1,10000,0.5,0.3680392156862745,High,1308_im_2.png,Denim
Cotton,2.1,10000,0.5,0.3680392156862745,High,1138_im_2.png,Denim
Cotton,2.1,10000,0.5,0.3680392156862745,High,1059_im_2.png,Denim
Cotton,2.1,10000,0.5,0.3680392156862745,High,1253_im_2.png,Denim
Cotton,2.1,10000,0.5,0.3680392156862745,High,1046_im_2.png,Denim
Cotton,2.1,10000,0.5,0.3680392156862745,High,1058_im_2.png,Denim
Cotton,2.1,10000,0.5,0.3680392156862745,High,1135_im_2.png,Denim
Cotton,2.1,10000,0.5,0.3680392156862745,High,1254_im_2.png,Denim
Cotton,2.1,10000,0.5,0.3680392156862745,High,1044_im_2.png,Denim
Cotton,2.1,10000,0.5,0.3680392156862745,High,1234_im_2.png,Denim
Cotton,2.1,10000,0.5,0.3680392156862745,High,1278_im_2.png,Denim
Cotton,2.1,10000,0.5,0.3680392156862745,High,1050_im_2.png,Denim
Cotton,2.1,10000,0.5,0.3680392156862745,High,1256_im_2.png,Denim
Cotton,2.1,10000,0.5,0.3680392156862745,High,1322_im_2.png,Denim
Cotton,2.1,10000,0.5,0.3680392156862745,High,1247_im_2.png,Denim
Cotton,2.1,10000,0.5,0.3680392156862745,High,429_im_2.png,Denim
Cotton,2.1,10000,0.5,0.3680392156862745,High,1191_im_2.png,Denim
Cotton,2.1,10000,0.5,0.3680392156862745,High,1075_im_2.png,Denim
Cotton,2.1,10000,0.5,0.3680392156862745,High,1082_im_2.png,Denim
Cotton,2.1,10000,0.5,0.3680392156862745,High,1192_im_2.png,Denim
Cotton,2.1,10000,0.5,0.3680392156862745,High,1079_im_2.png,Denim
Cotton,2.1,10000,0.5,0.3680392156862745,High,1301_im_2.png,Denim
Cotton,2.1,10000,0.5,0.3680392156862745,High,1057_im_2.png,Denim
Cotton,2.1,10000,0.5,0.3680392156862745,High,1086_im_2.png,Denim
Cotton,2.1,10000,0.5,0.3680392156862745,High,1255_im_2.png,Denim
Cotton,2.1,10000,0.5,0.3680392156862745,High,1279_im_2.png,Denim
Cotton,2.1,10000,0.5,0.3680392156862745,High,1042_im_2.png,Denim
Cotton,2.1,10000,0.5,0.3680392156862745,High,1087_im_2.png,Denim
Cotton,2.1,10000,0.5,0.3680392156862745,High,1251_im_2.png,Denim
Cotton,2.1,10000,0.5,0.3680392156862745,High,1045_im_2.png,Denim
Cotton,2.1,10000,0.5,0.3680392156862745,High,1334_im_2.png,Denim
Cotton,2.1,10000,0.5,0.3680392156862745,High,1136_im_2.png,Denim
Cotton,2.1,10000,0.5,0.3680392156862745,High,1260_im_2.png,Denim
Cotton,2.1,10000,0.5,0.3680392156862745,High,1054_im_2.png,Denim
Cotton,2.1,10000,0.5,0.3680392156862745,High,1067_im_2.png,Denim
Cotton,2.1,10000,0.5,0.3680392156862745,High,1040_im_2.png,Denim
Cotton,2.1,10000,0.5,0.3680392156862745,High,1048_im_2.png,Denim
Cotton,2.1,10000,0.5,0.3680392156862745,High,1341_im_2.png,Denim
Cotton,2.1,10000,0.5,0.3680392156862745,High,1323_im_2.png,Denim
Cotton,2.1,10000,0.5,0.3680392156862745,High,1302_im_2.png,Denim
Cotton,2.1,10000,0.5,0.3680392156862745,High,1049_im_2.png,Denim
Cotton,2.1,10000,0.5,0.3680392156862745,High,1134_im_2.png,Denim
Cotton,2.1,10000,0.5,0.3680392156862745,High,1066_im_2.png,Denim
Cotton,2.1,10000,0.5,0.3680392156862745,High,1139_im_2.png,Denim
Cotton,2.1,10000,0.5,0.3680392156862745,High,1137_im_2.png,Denim
Cotton,2.1,10000,0.5,0.3680392156862745,High,1286_im_2.png,Denim
Cotton,2.1,10000,0.5,0.3680392156862745,High,784_im_2.png,Silk
Cotton,2.1,10000,0.5,0.3680392156862745,High,1012_im_2.png,Silk
Cotton,2.1,10000,0.5,0.3680392156862745,High,1022_im_2.png,Silk
Cotton,2.1,10000,0.5,0.3680392156862745,High,489_im_2.png,Silk
Cotton,2.1,10000,0.5,0.3680392156862745,High,779_im_2.png,Silk
Cotton,2.1,10000,0.5,0.3680392156862745,High,1026_im_2.png,Silk
Cotton,2.1,10000,0.5,0.3680392156862745,High,1013_im_2.png,Silk
Cotton,2.1,10000,0.5,0.3680392156862745,High,1016_im_2.png,Silk
Cotton,2.1,10000,0.5,0.3680392156862745,High,781_im_2.png,Silk
Cotton,2.1,10000,0.5,0.3680392156862745,High,1017_im_2.png,Silk
Cotton,2.1,10000,0.5,0.3680392156862745,High,436_im_2.png,Silk
Cotton,2.1,10000,0.5,0.3680392156862745,High,1021_im_2.png,Silk
Cotton,2.1,10000,0.5,0.3680392156862745,High,1006_im_2.png,Silk
Cotton,2.1,10000,0.5,0.3680392156862745,High,488_im_2.png,Silk
Cotton,2.1,10000,0.5,0.3680392156862745,High,1020_im_2.png,Silk
Cotton,2.1,10000,0.5,0.3680392156862745,High,1010_im_2.png,Silk
Cotton,2.1,10000,0.5,0.3680392156862745,High,1009_im_2.png,Silk
Cotton,2.1,10000,0.5,0.3680392156862745,High,824_im_2.png,Silk
Cotton,2.1,10000,0.5,0.3680392156862745,High,823_im_2.png,Silk
Cotton,2.1,10000,0.5,0.3680392156862745,High,128_im_2.png,Silk
Cotton,2.1,10000,0.5,0.3680392156862745,High,997_im_2.png,Silk
Cotton,2.1,10000,0.5,0.3680392156862745,High,1019_im_2.png,Silk
Cotton,2.1,10000,0.5,0.3680392156862745,High,1024_im_2.png,Silk
Cotton,2.1,10000,0.5,0.3680392156862745,High,1025_im_2.png,Silk
Cotton,2.1,10000,0.5,0.3680392156862745,High,130_im_2.png,Silk
Cotton,2.1,10000,0.5,0.3680392156862745,High,1018_im_2.png,Silk
Cotton,2.1,10000,0.5,0.3680392156862745,High,1014_im_2.png,Silk
Cotton,2.1,10000,0.5,0.3680392156862745,High,522_im_2.png,Silk
Cotton,2.1,10000,0.5,0.3680392156862745,High,1007_im_2.png,Silk
Cotton,2.1,10000,0.5,0.3680392156862745,High,21_im_2.png,Silk
Cotton,2.1,10000,0.5,0.3680392156862745,High,1023_im_2.png,Silk
Cotton,2.1,10000,0.5,0.3680392156862745,High,777_im_2.png,Silk
Cotton,2.1,10000,0.5,0.3680392156862745,High,1005_im_2.png,Silk
Cotton,2.1,10000,0.5,0.3680392156862745,High,129_im_2.png,Silk
Cotton,2.1,10000,0.5,0.3680392156862745,High,1011_im_2.png,Silk
Cotton,2.1,10000,0.5,0.3680392156862745,High,1008_im_2.png,Silk
Cotton,2.1,10000,0.5,0.3680392156862745,High,1015_im_2.png,Silk
Cotton,2.1,10000,0.5,0.3680392156862745,High,20_im_2.png,Silk
Cotton,2.1,10000,0.5,0.3680392156862745,High,1027_im_2.png,Silk
Cotton,2.1,10000,0.5,0.3680392156862745,High,1029_im_2.png,Satin
Cotton,2.1,10000,0.5,0.3680392156862745,High,1012_im_2.png,Satin
Cotton,2.1,10000,0.5,0.3680392156862745,High,1028_im_2.png,Satin
Cotton,2.1,10000,0.5,0.3680392156862745,High,1013_im_2.png,Satin
Cotton,2.1,10000,0.5,0.3680392156862745,High,1016_im_2.png,Satin
Cotton,2.1,10000,0.5,0.3680392156862745,High,1017_im_2.png,Satin
Cotton,2.1,10000,0.5,0.3680392156862745,High,1033_im_2.png,Satin
Cotton,2.1,10000,0.5,0.3680392156862745,High,1006_im_2.png,Satin
Cotton,2.1,10000,0.5,0.3680392156862745,High,1010_im_2.png,Satin
Cotton,2.1,10000,0.5,0.3680392156862745,High,1009_im_2.png,Satin
Cotton,2.1,10000,0.5,0.3680392156862745,High,771_im_2.png,Satin
Cotton,2.1,10000,0.5,0.3680392156862745,High,1031_im_2.png,Satin
Cotton,2.1,10000,0.5,0.3680392156862745,High,770_im_2.png,Satin
Cotton,2.1,10000,0.5,0.3680392156862745,High,1014_im_2.png,Satin
Cotton,2.1,10000,0.5,0.3680392156862745,High,1032_im_2.png,Satin
Cotton,2.1,10000,0.5,0.3680392156862745,High,1007_im_2.png,Satin
Cotton,2.1,10000,0.5,0.3680392156862745,High,772_im_2.png,Satin
Cotton,2.1,10000,0.5,0.3680392156862745,High,1005_im_2.png,Satin
Cotton,2.1,10000,0.5,0.3680392156862745,High,1011_im_2.png,Satin
Cotton,2.1,10000,0.5,0.3680392156862745,High,1008_im_2.png,Satin
Cotton,2.1,10000,0.5,0.3680392156862745,High,1030_im_2.png,Satin
Cotton,2.1,10000,0.5,0.3680392156862745,High,1015_im_2.png,Satin
Cotton,2.1,10000,0.5,0.3680392156862745,High,773_im_2.png,Satin
Cotton,2.1,10000,0.5,0.3680392156862745,High,1207_im_2.png,Nylon
Cotton,2.1,10000,0.5,0.3680392156862745,High,461_im_2.png,Nylon
Cotton,2.1,10000,0.5,0.3680392156862745,High,1908_im_2.png,Nylon
Cotton,2.1,10000,0.5,0.3680392156862745,High,1805_im_2.png,Nylon
Cotton,2.1,10000,0.5,0.3680392156862745,High,1449_im_2.png,Nylon
Cotton,2.1,10000,0.5,0.3680392156862745,High,1214_im_2.png,Nylon
Cotton,2.1,10000,0.5,0.3680392156862745,High,1905_im_2.png,Nylon
Cotton,2.1,10000,0.5,0.3680392156862745,High,1203_im_2.png,Nylon
Cotton,2.1,10000,0.5,0.3680392156862745,High,538_im_2.png,Nylon
Cotton,2.1,10000,0.5,0.3680392156862745,High,140_im_2.png,Nylon
Cotton,2.1,10000,0.5,0.3680392156862745,High,1215_im_2.png,Nylon
Cotton,2.1,10000,0.5,0.3680392156862745,High,1441_im_2.png,Nylon
Cotton,2.1,10000,0.5,0.3680392156862745,High,1773_im_2.png,Nylon
Cotton,2.1,10000,0.5,0.3680392156862745,High,1445_im_2.png,Nylon
Cotton,2.1,10000,0.5,0.3680392156862745,High,1910_im_2.png,Nylon
Cotton,2.1,10000,0.5,0.3680392156862745,High,1779_im_2.png,Nylon
Cotton,2.1,10000,0.5,0.3680392156862745,High,1901_im_2.png,Nylon
Cotton,2.1,10000,0.5,0.3680392156862745,High,1778_im_2.png,Nylon
Cotton,2.1,10000,0.5,0.3680392156862745,High,1448_im_2.png,Nylon
Cotton,2.1,10000,0.5,0.3680392156862745,High,460_im_2.png,Nylon
Cotton,2.1,10000,0.5,0.3680392156862745,High,1919_im_2.png,Nylon
Cotton,2.1,10000,0.5,0.3680392156862745,High,1446_im_2.png,Nylon
Cotton,2.1,10000,0.5,0.3680392156862745,High,141_im_2.png,Nylon
Cotton,2.1,10000,0.5,0.3680392156862745,High,1909_im_2.png,Nylon
Cotton,2.1,10000,0.5,0.3680392156862745,High,1911_im_2.png,Nylon
Cotton,2.1,10000,0.5,0.3680392156862745,High,1447_im_2.png,Nylon
Cotton,2.1,10000,0.5,0.3680392156862745,High,1397_im_2.png,Nylon
Cotton,2.1,10000,0.5,0.3680392156862745,High,1206_im_2.png,Nylon
Cotton,2.1,10000,0.5,0.3680392156862745,High,1204_im_2.png,Nylon
Cotton,2.1,10000,0.5,0.3680392156862745,High,1780_im_2.png,Nylon
Cotton,2.1,10000,0.5,0.3680392156862745,High,1396_im_2.png,Nylon
Cotton,2.1,10000,0.5,0.3680392156862745,High,1442_im_2.png,Nylon
Cotton,2.1,10000,0.5,0.3680392156862745,High,1803_im_2.png,Nylon
Cotton,2.1,10000,0.5,0.3680392156862745,High,1920_im_2.png,Nylon
Cotton,2.1,10000,0.5,0.3680392156862745,High,1896_im_2.png,Nylon
Cotton,2.1,10000,0.5,0.3680392156862745,High,1804_im_2.png,Nylon
Cotton,2.1,10000,0.5,0.3680392156862745,High,1897_im_2.png,Nylon
Cotton,2.1,10000,0.5,0.3680392156862745,High,1898_im_2.png,Nylon
Cotton,2.1,10000,0.5,0.3680392156862745,High,1771_im_2.png,Nylon
Cotton,2.1,10000,0.5,0.3680392156862745,High,1900_im_2.png,Nylon
Cotton,2.1,10000,0.5,0.3680392156862745,High,1902_im_2.png,Nylon
Cotton,2.1,10000,0.5,0.3680392156862745,High,1907_im_2.png,Nylon
Cotton,2.1,10000,0.5,0.3680392156862745,High,1903_im_2.png,Nylon
Cotton,2.1,10000,0.5,0.3680392156862745,High,1770_im_2.png,Nylon
Cotton,2.1,10000,0.5,0.3680392156862745,High,1205_im_2.png,Nylon
Cotton,2.1,10000,0.5,0.3680392156862745,High,1814_im_2.png,Nylon
Cotton,2.1,10000,0.5,0.3680392156862745,High,1815_im_2.png,Nylon
Cotton,2.1,10000,0.5,0.3680392156862745,High,439_im_2.png,Nylon
Cotton,2.1,10000,0.5,0.3680392156862745,High,483_im_2.png,Nylon
Cotton,2.1,10000,0.5,0.3680392156862745,High,1450_im_2.png,Nylon
Cotton,2.1,10000,0.5,0.3680392156862745,High,1906_im_2.png,Nylon
Cotton,2.1,10000,0.5,0.3680392156862745,High,1443_im_2.png,Nylon
Cotton,2.1,10000,0.5,0.3680392156862745,High,1444_im_2.png,Nylon
Cotton,2.1,10000,0.5,0.3680392156862745,High,482_im_2.png,Nylon
Cotton,2.1,10000,0.5,0.3680392156862745,High,1899_im_2.png,Nylon
Cotton,2.1,10000,0.5,0.3680392156862745,High,1772_im_2.png,Nylon
Cotton,2.1,10000,0.5,0.3680392156862745,High,1372_im_2.png,Corduroy
Cotton,2.1,10000,0.5,0.3680392156862745,High,1227_im_2.png,Corduroy
Cotton,2.1,10000,0.5,0.3680392156862745,High,1230_im_2.png,Corduroy
Cotton,2.1,10000,0.5,0.3680392156862745,High,1228_im_2.png,Corduroy
Cotton,2.1,10000,0.5,0.3680392156862745,High,1226_im_2.png,Corduroy
Cotton,2.1,10000,0.5,0.3680392156862745,High,1793_im_2.png,Corduroy
Cotton,2.1,10000,0.5,0.3680392156862745,High,1791_im_2.png,Corduroy
Cotton,2.1,10000,0.5,0.3680392156862745,High,1762_im_2.png,Corduroy
Cotton,2.1,10000,0.5,0.3680392156862745,High,1359_im_2.png,Corduroy
Cotton,2.1,10000,0.5,0.3680392156862745,High,1764_im_2.png,Corduroy
Cotton,2.1,10000,0.5,0.3680392156862745,High,1357_im_2.png,Corduroy
Cotton,2.1,10000,0.5,0.3680392156862745,High,1817_im_2.png,Corduroy
Cotton,2.1,10000,0.5,0.3680392156862745,High,1792_im_2.png,Corduroy
Cotton,2.1,10000,0.5,0.3680392156862745,High,1763_im_2.png,Corduroy
Cotton,2.1,10000,0.5,0.3680392156862745,High,1816_im_2.png,Corduroy
Cotton,2.1,10000,0.5,0.3680392156862745,High,1358_im_2.png,Corduroy
Cotton,2.1,10000,0.5,0.3680392156862745,High,1794_im_2.png,Corduroy
Cotton,2.1,10000,0.5,0.3680392156862745,High,1765_im_2.png,Corduroy
Cotton,2.1,10000,0.5,0.3680392156862745,High,1356_im_2.png,Corduroy
Cotton,2.1,10000,0.5,0.3680392156862745,High,1371_im_2.png,Corduroy
Cotton,2.1,10000,0.5,0.3680392156862745,High,143_im_2.png,Terrycloth
Cotton,2.1,10000,0.5,0.3680392156862745,High,268_im_2.png,Terrycloth
Cotton,2.1,10000,0.5,0.3680392156862745,High,454_im_2.png,Terrycloth
Cotton,2.1,10000,0.5,0.3680392156862745,High,265_im_2.png,Terrycloth
Cotton,2.1,10000,0.5,0.3680392156862745,High,453_im_2.png,Terrycloth
Cotton,2.1,10000,0.5,0.3680392156862745,High,486_im_2.png,Terrycloth
Cotton,2.1,10000,0.5,0.3680392156862745,High,148_im_2.png,Terrycloth
Cotton,2.1,10000,0.5,0.3680392156862745,High,267_im_2.png,Terrycloth
Cotton,2.1,10000,0.5,0.3680392156862745,High,532_im_2.png,Terrycloth
Cotton,2.1,10000,0.5,0.3680392156862745,High,144_im_2.png,Terrycloth
Cotton,2.1,10000,0.5,0.3680392156862745,High,147_im_2.png,Terrycloth
Cotton,2.1,10000,0.5,0.3680392156862745,High,149_im_2.png,Terrycloth
Cotton,2.1,10000,0.5,0.3680392156862745,High,266_im_2.png,Terrycloth
Cotton,2.1,10000,0.5,0.3680392156862745,High,264_im_2.png,Terrycloth
Cotton,2.1,10000,0.5,0.3680392156862745,High,269_im_2.png,Terrycloth
Cotton,2.1,10000,0.5,0.3680392156862745,High,142_im_2.png,Terrycloth
Cotton,2.1,10000,0.5,0.3680392156862745,High,260_im_2.png,Terrycloth
Cotton,2.1,10000,0.5,0.3680392156862745,High,272_im_2.png,Terrycloth
Cotton,2.1,10000,0.5,0.3680392156862745,High,262_im_2.png,Terrycloth
Cotton,2.1,10000,0.5,0.3680392156862745,High,145_im_2.png,Terrycloth
Cotton,2.1,10000,0.5,0.3680392156862745,High,259_im_2.png,Terrycloth
Cotton,2.1,10000,0.5,0.3680392156862745,High,146_im_2.png,Terrycloth
Cotton,2.1,10000,0.5,0.3680392156862745,High,273_im_2.png,Terrycloth
Cotton,2.1,10000,0.5,0.3680392156862745,High,270_im_2.png,Terrycloth
Cotton,2.1,10000,0.5,0.3680392156862745,High,261_im_2.png,Terrycloth
Cotton,2.1,10000,0.5,0.3680392156862745,High,1142_im_2.png,Cotton
Cotton,2.1,10000,0.5,0.3680392156862745,High,1496_im_2.png,Cotton
Cotton,2.1,10000,0.5,0.3680392156862745,High,1240_im_2.png,Cotton
Cotton,2.1,10000,0.5,0.3680392156862745,High,349_im_2.png,Cotton
Cotton,2.1,10000,0.5,0.3680392156862745,High,1832_im_2.png,Cotton
Cotton,2.1,10000,0.5,0.3680392156862745,High,1767_im_2.png,Cotton
Cotton,2.1,10000,0.5,0.3680392156862745,High,1282_im_2.png,Cotton
Cotton,2.1,10000,0.5,0.3680392156862745,High,1509_im_2.png,Cotton
Cotton,2.1,10000,0.5,0.3680392156862745,High,1127_im_2.png,Cotton
Cotton,2.1,10000,0.5,0.3680392156862745,High,1839_im_2.png,Cotton
Cotton,2.1,10000,0.5,0.3680392156862745,High,114_im_2.png,Cotton
Cotton,2.1,10000,0.5,0.3680392156862745,High,1185_im_2.png,Cotton
Cotton,2.1,10000,0.5,0.3680392156862745,High,388_im_2.png,Cotton
Cotton,2.1,10000,0.5,0.3680392156862745,High,160_im_2.png,Cotton
Cotton,2.1,10000,0.5,0.3680392156862745,High,846_im_2.png,Cotton
Cotton,2.1,10000,0.5,0.3680392156862745,High,1830_im_2.png,Cotton
Cotton,2.1,10000,0.5,0.3680392156862745,High,243_im_2.png,Cotton
Cotton,2.1,10000,0.5,0.3680392156862745,High,1790_im_2.png,Cotton
Cotton,2.1,10000,0.5,0.3680392156862745,High,161_im_2.png,Cotton
Cotton,2.1,10000,0.5,0.3680392156862745,High,1733_im_2.png,Cotton
Cotton,2.1,10000,0.5,0.3680392156862745,High,1851_im_2.png,Cotton
Cotton,2.1,10000,0.5,0.3680392156862745,High,1213_im_2.png,Cotton
Cotton,2.1,10000,0.5,0.3680392156862745,High,1517_im_2.png,Cotton
Cotton,2.1,10000,0.5,0.3680392156862745,High,1290_im_2.png,Cotton
Cotton,2.1,10000,0.5,0.3680392156862745,High,1755_im_2.png,Cotton
Cotton,2.1,10000,0.5,0.3680392156862745,High,417_im_2.png,Cotton
Cotton,2.1,10000,0.5,0.3680392156862745,High,1715_im_2.png,Cotton
Cotton,2.1,10000,0.5,0.3680392156862745,High,1167_im_2.png,Cotton
Cotton,2.1,10000,0.5,0.3680392156862745,High,428_im_2.png,Cotton
Cotton,2.1,10000,0.5,0.3680392156862745,High,1395_im_2.png,Cotton
Cotton,2.1,10000,0.5,0.3680392156862745,High,845_im_2.png,Cotton
Cotton,2.1,10000,0.5,0.3680392156862745,High,741_im_2.png,Cotton
Cotton,2.1,10000,0.5,0.3680392156862745,High,169_im_2.png,Cotton
Cotton,2.1,10000,0.5,0.3680392156862745,High,331_im_2.png,Cotton
Cotton,2.1,10000,0.5,0.3680392156862745,High,490_im_2.png,Cotton
Cotton,2.1,10000,0.5,0.3680392156862745,High,1149_im_2.png,Cotton
Cotton,2.1,10000,0.5,0.3680392156862745,High,508_im_2.png,Cotton
Cotton,2.1,10000,0.5,0.3680392156862745,High,24_im_2.png,Cotton
Cotton,2.1,10000,0.5,0.3680392156862745,High,206_im_2.png,Cotton
Cotton,2.1,10000,0.5,0.3680392156862745,High,749_im_2.png,Cotton
Cotton,2.1,10000,0.5,0.3680392156862745,High,1386_im_2.png,Cotton
Cotton,2.1,10000,0.5,0.3680392156862745,High,1360_im_2.png,Cotton
Cotton,2.1,10000,0.5,0.3680392156862745,High,456_im_2.png,Cotton
Cotton,2.1,10000,0.5,0.3680392156862745,High,9_im_2.png,Cotton
Cotton,2.1,10000,0.5,0.3680392156862745,High,1504_im_2.png,Cotton
Cotton,2.1,10000,0.5,0.3680392156862745,High,737_im_2.png,Cotton
Cotton,2.1,10000,0.5,0.3680392156862745,High,1713_im_2.png,Cotton
Cotton,2.1,10000,0.5,0.3680392156862745,High,1461_im_2.png,Cotton
Cotton,2.1,10000,0.5,0.3680392156862745,High,1669_im_2.png,Cotton
Cotton,2.1,10000,0.5,0.3680392156862745,High,253_im_2.png,Cotton
Cotton,2.1,10000,0.5,0.3680392156862745,High,1795_im_2.png,Cotton
Cotton,2.1,10000,0.5,0.3680392156862745,High,1272_im_2.png,Cotton
Cotton,2.1,10000,0.5,0.3680392156862745,High,1159_im_2.png,Cotton
Cotton,2.1,10000,0.5,0.3680392156862745,High,1680_im_2.png,Cotton
Cotton,2.1,10000,0.5,0.3680392156862745,High,1724_im_2.png,Cotton
Cotton,2.1,10000,0.5,0.3680392156862745,High,1100_im_2.png,Cotton
Cotton,2.1,10000,0.5,0.3680392156862745,High,1769_im_2.png,Cotton
Cotton,2.1,10000,0.5,0.3680392156862745,High,132_im_2.png,Cotton
Cotton,2.1,10000,0.5,0.3680392156862745,High,1714_im_2.png,Cotton
Cotton,2.1,10000,0.5,0.3680392156862745,High,1521_im_2.png,Cotton
Cotton,2.1,10000,0.5,0.3680392156862745,High,1490_im_2.png,Cotton
Cotton,2.1,10000,0.5,0.3680392156862745,High,733_im_2.png,Cotton
Cotton,2.1,10000,0.5,0.3680392156862745,High,1373_im_2.png,Cotton
Cotton,2.1,10000,0.5,0.3680392156862745,High,735_im_2.png,Cotton
Cotton,2.1,10000,0.5,0.3680392156862745,High,507_im_2.png,Cotton
Cotton,2.1,10000,0.5,0.3680392156862745,High,1725_im_2.png,Cotton
Cotton,2.1,10000,0.5,0.3680392156862745,High,244_im_2.png,Cotton
Cotton,2.1,10000,0.5,0.3680392156862745,High,105_im_2.png,Cotton
Cotton,2.1,10000,0.5,0.3680392156862745,High,1809_im_2.png,Cotton
Cotton,2.1,10000,0.5,0.3680392156862745,High,1478_im_2.png,Cotton
Cotton,2.1,10000,0.5,0.3680392156862745,High,738_im_2.png,Cotton
Cotton,2.1,10000,0.5,0.3680392156862745,High,1168_im_2.png,Cotton
Cotton,2.1,10000,0.5,0.3680392156862745,High,739_im_2.png,Cotton
Cotton,2.1,10000,0.5,0.3680392156862745,High,1183_im_2.png,Cotton
Cotton,2.1,10000,0.5,0.3680392156862745,High,1200_im_2.png,Cotton
Cotton,2.1,10000,0.5,0.3680392156862745,High,495_im_2.png,Cotton
Cotton,2.1,10000,0.5,0.3680392156862745,High,387_im_2.png,Cotton
Cotton,2.1,10000,0.5,0.3680392156862745,High,1730_im_2.png,Cotton
Cotton,2.1,10000,0.5,0.3680392156862745,High,1522_im_2.png,Cotton
Cotton,2.1,10000,0.5,0.3680392156862745,High,159_im_2.png,Cotton
Cotton,2.1,10000,0.5,0.3680392156862745,High,1108_im_2.png,Cotton
Cotton,2.1,10000,0.5,0.3680392156862745,High,1169_im_2.png,Cotton
Cotton,2.1,10000,0.5,0.3680392156862745,High,1768_im_2.png,Cotton
Cotton,2.1,10000,0.5,0.3680392156862745,High,1292_im_2.png,Cotton
Cotton,2.1,10000,0.5,0.3680392156862745,High,1796_im_2.png,Cotton
Cotton,2.1,10000,0.5,0.3680392156862745,High,1147_im_2.png,Cotton
Cotton,2.1,10000,0.5,0.3680392156862745,High,466_im_2.png,Cotton
Cotton,2.1,10000,0.5,0.3680392156862745,High,1957_im_2.png,Cotton
Cotton,2.1,10000,0.5,0.3680392156862745,High,1941_im_2.png,Cotton
Cotton,2.1,10000,0.5,0.3680392156862745,High,1483_im_2.png,Cotton
Cotton,2.1,10000,0.5,0.3680392156862745,High,491_im_2.png,Cotton
Cotton,2.1,10000,0.5,0.3680392156862745,High,237_im_2.png,Cotton
Cotton,2.1,10000,0.5,0.3680392156862745,High,125_im_2.png,Cotton
Cotton,2.1,10000,0.5,0.3680392156862745,High,1284_im_2.png,Cotton
Cotton,2.1,10000,0.5,0.3680392156862745,High,1377_im_2.png,Cotton
Cotton,2.1,10000,0.5,0.3680392156862745,High,1740_im_2.png,Cotton
Cotton,2.1,10000,0.5,0.3680392156862745,High,1482_im_2.png,Cotton
Cotton,2.1,10000,0.5,0.3680392156862745,High,52_im_2.png,Cotton
Cotton,2.1,10000,0.5,0.3680392156862745,High,390_im_2.png,Cotton
Cotton,2.1,10000,0.5,0.3680392156862745,High,418_im_2.png,Cotton
Cotton,2.1,10000,0.5,0.3680392156862745,High,1144_im_2.png,Cotton
Cotton,2.1,10000,0.5,0.3680392156862745,High,1480_im_2.png,Cotton
Cotton,2.1,10000,0.5,0.3680392156862745,High,736_im_2.png,Cotton
Cotton,2.1,10000,0.5,0.3680392156862745,High,467_im_2.png,Cotton
Cotton,2.1,10000,0.5,0.3680392156862745,High,1211_im_2.png,Cotton
Cotton,2.1,10000,0.5,0.3680392156862745,High,1459_im_2.png,Cotton
Cotton,2.1,10000,0.5,0.3680392156862745,High,696_im_2.png,Cotton
Cotton,2.1,10000,0.5,0.3680392156862745,High,1508_im_2.png,Cotton
Cotton,2.1,10000,0.5,0.3680392156862745,High,1475_im_2.png,Cotton
Cotton,2.1,10000,0.5,0.3680392156862745,High,1502_im_2.png,Cotton
Cotton,2.1,10000,0.5,0.3680392156862745,High,205_im_2.png,Cotton
Cotton,2.1,10000,0.5,0.3680392156862745,High,1472_im_2.png,Cotton
Cotton,2.1,10000,0.5,0.3680392156862745,High,1503_im_2.png,Cotton
Cotton,2.1,10000,0.5,0.3680392156862745,High,71_im_2.png,Cotton
Cotton,2.1,10000,0.5,0.3680392156862745,High,319_im_2.png,Cotton
Cotton,2.1,10000,0.5,0.3680392156862745,High,1243_im_2.png,Cotton
Cotton,2.1,10000,0.5,0.3680392156862745,High,1161_im_2.png,Cotton
Cotton,2.1,10000,0.5,0.3680392156862745,High,1361_im_2.png,Cotton
Cotton,2.1,10000,0.5,0.3680392156862745,High,1126_im_2.png,Cotton
Cotton,2.1,10000,0.5,0.3680392156862745,High,697_im_2.png,Cotton
Cotton,2.1,10000,0.5,0.3680392156862745,High,1217_im_2.png,Cotton
Cotton,2.1,10000,0.5,0.3680392156862745,High,834_im_2.png,Cotton
Cotton,2.1,10000,0.5,0.3680392156862745,High,1468_im_2.png,Cotton
Cotton,2.1,10000,0.5,0.3680392156862745,High,1202_im_2.png,Cotton
Cotton,2.1,10000,0.5,0.3680392156862745,High,1385_im_2.png,Cotton
Cotton,2.1,10000,0.5,0.3680392156862745,High,1270_im_2.png,Cotton
Cotton,2.1,10000,0.5,0.3680392156862745,High,471_im_2.png,Cotton
Cotton,2.1,10000,0.5,0.3680392156862745,High,1281_im_2.png,Cotton
Cotton,2.1,10000,0.5,0.3680392156862745,High,175_im_2.png,Cotton
Cotton,2.1,10000,0.5,0.3680392156862745,High,181_im_2.png,Cotton
Cotton,2.1,10000,0.5,0.3680392156862745,High,1514_im_2.png,Cotton
Cotton,2.1,10000,0.5,0.3680392156862745,High,1575_im_2.png,Cotton
Cotton,2.1,10000,0.5,0.3680392156862745,High,1452_im_2.png,Cotton
Cotton,2.1,10000,0.5,0.3680392156862745,High,1774_im_2.png,Cotton
Cotton,2.1,10000,0.5,0.3680392156862745,High,1844_im_2.png,Cotton
Cotton,2.1,10000,0.5,0.3680392156862745,High,1494_im_2.png,Cotton
Cotton,2.1,10000,0.5,0.3680392156862745,High,162_im_2.png,Cotton
Cotton,2.1,10000,0.5,0.3680392156862745,High,415_im_2.png,Cotton
Cotton,2.1,10000,0.5,0.3680392156862745,High,1563_im_2.png,Cotton
Cotton,2.1,10000,0.5,0.3680392156862745,High,848_im_2.png,Cotton
Cotton,2.1,10000,0.5,0.3680392156862745,High,1752_im_2.png,Cotton
Cotton,2.1,10000,0.5,0.3680392156862745,High,1223_im_2.png,Cotton
Cotton,2.1,10000,0.5,0.3680392156862745,High,1562_im_2.png,Cotton
Cotton,2.1,10000,0.5,0.3680392156862745,High,1458_im_2.png,Cotton
Cotton,2.1,10000,0.5,0.3680392156862745,High,1261_im_2.png,Cotton
Cotton,2.1,10000,0.5,0.3680392156862745,High,1151_im_2.png,Cotton
Cotton,2.1,10000,0.5,0.3680392156862745,High,121_im_2.png,Cotton
Cotton,2.1,10000,0.5,0.3680392156862745,High,1244_im_2.png,Cotton
Cotton,2.1,10000,0.5,0.3680392156862745,High,427_im_2.png,Cotton
Cotton,2.1,10000,0.5,0.3680392156862745,High,470_im_2.png,Cotton
Cotton,2.1,10000,0.5,0.3680392156862745,High,19_im_2.png,Cotton
Cotton,2.1,10000,0.5,0.3680392156862745,High,320_im_2.png,Cotton
Cotton,2.1,10000,0.5,0.3680392156862745,High,1944_im_2.png,Cotton
Cotton,2.1,10000,0.5,0.3680392156862745,High,750_im_2.png,Cotton
Cotton,2.1,10000,0.5,0.3680392156862745,High,1801_im_2.png,Cotton
Cotton,2.1,10000,0.5,0.3680392156862745,High,1736_im_2.png,Cotton
Cotton,2.1,10000,0.5,0.3680392156862745,High,302_im_2.png,Cotton
Cotton,2.1,10000,0.5,0.3680392156862745,High,734_im_2.png,Cotton
Cotton,2.1,10000,0.5,0.3680392156862745,High,752_im_2.png,Cotton
Cotton,2.1,10000,0.5,0.3680392156862745,High,176_im_2.png,Cotton
Cotton,2.1,10000,0.5,0.3680392156862745,High,1182_im_2.png,Cotton
Cotton,2.1,10000,0.5,0.3680392156862745,High,409_im_2.png,Cotton
Cotton,2.1,10000,0.5,0.3680392156862745,High,693_im_2.png,Cotton
Cotton,2.1,10000,0.5,0.3680392156862745,High,474_im_2.png,Cotton
Cotton,2.1,10000,0.5,0.3680392156862745,High,1744_im_2.png,Cotton
Cotton,2.1,10000,0.5,0.3680392156862745,High,1216_im_2.png,Cotton
Cotton,2.1,10000,0.5,0.3680392156862745,High,1121_im_2.png,Cotton
Cotton,2.1,10000,0.5,0.3680392156862745,High,139_im_2.png,Cotton
Cotton,2.1,10000,0.5,0.3680392156862745,High,480_im_2.png,Cotton
Cotton,2.1,10000,0.5,0.3680392156862745,High,1940_im_2.png,Cotton
Cotton,2.1,10000,0.5,0.3680392156862745,High,746_im_2.png,Cotton
Cotton,2.1,10000,0.5,0.3680392156862745,High,844_im_2.png,Cotton
Cotton,2.1,10000,0.5,0.3680392156862745,High,341_im_2.png,Cotton
Cotton,2.1,10000,0.5,0.3680392156862745,High,1831_im_2.png,Cotton
Cotton,2.1,10000,0.5,0.3680392156862745,High,1758_im_2.png,Cotton
Cotton,2.1,10000,0.5,0.3680392156862745,High,425_im_2.png,Cotton
Cotton,2.1,10000,0.5,0.3680392156862745,High,1499_im_2.png,Cotton
Cotton,2.1,10000,0.5,0.3680392156862745,High,70_im_2.png,Cotton
Cotton,2.1,10000,0.5,0.3680392156862745,High,479_im_2.png,Cotton
Cotton,2.1,10000,0.5,0.3680392156862745,High,204_im_2.png,Cotton
Cotton,2.1,10000,0.5,0.3680392156862745,High,1491_im_2.png,Cotton
Cotton,2.1,10000,0.5,0.3680392156862745,High,1158_im_2.png,Cotton
Cotton,2.1,10000,0.5,0.3680392156862745,High,1751_im_2.png,Cotton
Cotton,2.1,10000,0.5,0.3680392156862745,High,1210_im_2.png,Cotton
Cotton,2.1,10000,0.5,0.3680392156862745,High,87_im_2.png,Cotton
Cotton,2.1,10000,0.5,0.3680392156862745,High,1487_im_2.png,Cotton
Cotton,2.1,10000,0.5,0.3680392156862745,High,1489_im_2.png,Cotton
Cotton,2.1,10000,0.5,0.3680392156862745,High,1679_im_2.png,Cotton
Cotton,2.1,10000,0.5,0.3680392156862745,High,452_im_2.png,Cotton
Cotton,2.1,10000,0.5,0.3680392156862745,High,75_im_2.png,Cotton
Cotton,2.1,10000,0.5,0.3680392156862745,High,1818_im_2.png,Cotton
Cotton,2.1,10000,0.5,0.3680392156862745,High,1477_im_2.png,Cotton
Cotton,2.1,10000,0.5,0.3680392156862745,High,99_im_2.png,Cotton
Cotton,2.1,10000,0.5,0.3680392156862745,High,699_im_2.png,Cotton
Cotton,2.1,10000,0.5,0.3680392156862745,High,1129_im_2.png,Cotton
Cotton,2.1,10000,0.5,0.3680392156862745,High,1737_im_2.png,Cotton
Cotton,2.1,10000,0.5,0.3680392156862745,High,25_im_2.png,Cotton
Cotton,2.1,10000,0.5,0.3680392156862745,High,1761_im_2.png,Cotton
Cotton,2.1,10000,0.5,0.3680392156862745,High,1942_im_2.png,Cotton
Cotton,2.1,10000,0.5,0.3680392156862745,High,451_im_2.png,Cotton
Cotton,2.1,10000,0.5,0.3680392156862745,High,742_im_2.png,Cotton
Cotton,2.1,10000,0.5,0.3680392156862745,High,1194_im_2.png,Cotton
Cotton,2.1,10000,0.5,0.3680392156862745,High,457_im_2.png,Cotton
Cotton,2.1,10000,0.5,0.3680392156862745,High,1364_im_2.png,Cotton
Cotton,2.1,10000,0.5,0.3680392156862745,High,213_im_2.png,Cotton
Cotton,2.1,10000,0.5,0.3680392156862745,High,303_im_2.png,Cotton
Cotton,2.1,10000,0.5,0.3680392156862745,High,694_im_2.png,Cotton
Cotton,2.1,10000,0.5,0.3680392156862745,High,164_im_2.png,Cotton
Cotton,2.1,10000,0.5,0.3680392156862745,High,327_im_2.png,Cotton
Cotton,2.1,10000,0.5,0.3680392156862745,High,1474_im_2.png,Cotton
Cotton,2.1,10000,0.5,0.3680392156862745,High,1273_im_2.png,Cotton
Cotton,2.1,10000,0.5,0.3680392156862745,High,230_im_2.png,Cotton
Cotton,2.1,10000,0.5,0.3680392156862745,High,10_im_2.png,Cotton
Cotton,2.1,10000,0.5,0.3680392156862745,High,86_im_2.png,Cotton
Cotton,2.1,10000,0.5,0.3680392156862745,High,1512_im_2.png,Cotton
Cotton,2.1,10000,0.5,0.3680392156862745,High,1888_im_2.png,Cotton
Cotton,2.1,10000,0.5,0.3680392156862745,High,1470_im_2.png,Cotton
Cotton,2.1,10000,0.5,0.3680392156862745,High,1293_im_2.png,Cotton
Cotton,2.1,10000,0.5,0.3680392156862745,High,170_im_2.png,Cotton
Cotton,2.1,10000,0.5,0.3680392156862745,High,1718_im_2.png,Cotton
Cotton,2.1,10000,0.5,0.3680392156862745,High,214_im_2.png,Cotton
Cotton,2.1,10000,0.5,0.3680392156862745,High,1601_im_2.png,Cotton
Cotton,2.1,10000,0.5,0.3680392156862745,High,209_im_2.png,Cotton
Cotton,2.1,10000,0.5,0.3680392156862745,High,178_im_2.png,Cotton
Cotton,2.1,10000,0.5,0.3680392156862745,High,1391_im_2.png,Cotton
Cotton,2.1,10000,0.5,0.3680392156862745,High,407_im_2.png,Cotton
Cotton,2.1,10000,0.5,0.3680392156862745,High,1497_im_2.png,Cotton
Cotton,2.1,10000,0.5,0.3680392156862745,High,1802_im_2.png,Cotton
Cotton,2.1,10000,0.5,0.3680392156862745,High,124_im_2.png,Cotton
Cotton,2.1,10000,0.5,0.3680392156862745,High,1201_im_2.png,Cotton
Cotton,2.1,10000,0.5,0.3680392156862745,High,240_im_2.png,Cotton
Cotton,2.1,10000,0.5,0.3680392156862745,High,234_im_2.png,Cotton
Cotton,2.1,10000,0.5,0.3680392156862745,High,173_im_2.png,Cotton
Cotton,2.1,10000,0.5,0.3680392156862745,High,1507_im_2.png,Cotton
Cotton,2.1,10000,0.5,0.3680392156862745,High,291_im_2.png,Cotton
Cotton,2.1,10000,0.5,0.3680392156862745,High,299_im_2.png,Cotton
Cotton,2.1,10000,0.5,0.3680392156862745,High,1722_im_2.png,Cotton
Cotton,2.1,10000,0.5,0.3680392156862745,High,163_im_2.png,Cotton
Cotton,2.1,10000,0.5,0.3680392156862745,High,106_im_2.png,Cotton
Cotton,2.1,10000,0.5,0.3680392156862745,High,1128_im_2.png,Cotton
Cotton,2.1,10000,0.5,0.3680392156862745,High,1294_im_2.png,Cotton
Cotton,2.1,10000,0.5,0.3680392156862745,High,475_im_2.png,Cotton
Cotton,2.1,10000,0.5,0.3680392156862745,High,231_im_2.png,Cotton
Cotton,2.1,10000,0.5,0.3680392156862745,High,168_im_2.png,Cotton
Cotton,2.1,10000,0.5,0.3680392156862745,High,1519_im_2.png,Cotton
Cotton,2.1,10000,0.5,0.3680392156862745,High,1513_im_2.png,Cotton
Cotton,2.1,10000,0.5,0.3680392156862745,High,847_im_2.png,Cotton
Cotton,2.1,10000,0.5,0.3680392156862745,High,1481_im_2.png,Cotton
Cotton,2.1,10000,0.5,0.3680392156862745,High,298_im_2.png,Cotton
Cotton,2.1,10000,0.5,0.3680392156862745,High,476_im_2.png,Cotton
Cotton,2.1,10000,0.5,0.3680392156862745,High,1125_im_2.png,Cotton
Cotton,2.1,10000,0.5,0.3680392156862745,High,296_im_2.png,Cotton
Cotton,2.1,10000,0.5,0.3680392156862745,High,1738_im_2.png,Cotton
Cotton,2.1,10000,0.5,0.3680392156862745,High,835_im_2.png,Cotton
Cotton,2.1,10000,0.5,0.3680392156862745,High,1749_im_2.png,Cotton
Cotton,2.1,10000,0.5,0.3680392156862745,High,72_im_2.png,Cotton
Cotton,2.1,10000,0.5,0.3680392156862745,High,690_im_2.png,Cotton
Cotton,2.1,10000,0.5,0.3680392156862745,High,195_im_2.png,Cotton
Cotton,2.1,10000,0.5,0.3680392156862745,High,177_im_2.png,Cotton
Cotton,2.1,10000,0.5,0.3680392156862745,High,51_im_2.png,Cotton
Cotton,2.1,10000,0.5,0.3680392156862745,High,218_im_2.png,Cotton
Cotton,2.1,10000,0.5,0.3680392156862745,High,1165_im_2.png,Cotton
Cotton,2.1,10000,0.5,0.3680392156862745,High,1170_im_2.png,Cotton
Cotton,2.1,10000,0.5,0.3680392156862745,High,1280_im_2.png,Cotton
Cotton,2.1,10000,0.5,0.3680392156862745,High,1734_im_2.png,Cotton
Cotton,2.1,10000,0.5,0.3680392156862745,High,842_im_2.png,Cotton
Cotton,2.1,10000,0.5,0.3680392156862745,High,312_im_2.png,Cotton
Cotton,2.1,10000,0.5,0.3680392156862745,High,1753_im_2.png,Cotton
Cotton,2.1,10000,0.5,0.3680392156862745,High,730_im_2.png,Cotton
Cotton,2.1,10000,0.5,0.3680392156862745,High,120_im_2.png,Cotton
Cotton,2.1,10000,0.5,0.3680392156862745,High,1835_im_2.png,Cotton
Cotton,2.1,10000,0.5,0.3680392156862745,High,1462_im_2.png,Cotton
Cotton,2.1,10000,0.5,0.3680392156862745,High,1241_im_2.png,Cotton
Cotton,2.1,10000,0.5,0.3680392156862745,High,325_im_2.png,Cotton
Cotton,2.1,10000,0.5,0.3680392156862745,High,1479_im_2.png,Cotton
Cotton,2.1,10000,0.5,0.3680392156862745,High,228_im_2.png,Cotton
Cotton,2.1,10000,0.5,0.3680392156862745,High,689_im_2.png,Cotton
Cotton,2.1,10000,0.5,0.3680392156862745,High,731_im_2.png,Cotton
Cotton,2.1,10000,0.5,0.3680392156862745,High,395_im_2.png,Cotton
Cotton,2.1,10000,0.5,0.3680392156862745,High,1840_im_2.png,Cotton
Cotton,2.1,10000,0.5,0.3680392156862745,High,290_im_2.png,Cotton
Cotton,2.1,10000,0.5,0.3680392156862745,High,1889_im_2.png,Cotton
Cotton,2.1,10000,0.5,0.3680392156862745,High,247_im_2.png,Cotton
Cotton,2.1,10000,0.5,0.3680392156862745,High,1848_im_2.png,Cotton
Cotton,2.1,10000,0.5,0.3680392156862745,High,419_im_2.png,Cotton
Cotton,2.1,10000,0.5,0.3680392156862745,High,748_im_2.png,Cotton
Cotton,2.1,10000,0.5,0.3680392156862745,High,1394_im_2.png,Cotton
Cotton,2.1,10000,0.5,0.3680392156862745,High,326_im_2.png,Cotton
Cotton,2.1,10000,0.5,0.3680392156862745,High,1745_im_2.png,Cotton
Cotton,2.1,10000,0.5,0.3680392156862745,High,463_im_2.png,Cotton
Cotton,2.1,10000,0.5,0.3680392156862745,High,249_im_2.png,Cotton
Cotton,2.1,10000,0.5,0.3680392156862745,High,1525_im_2.png,Cotton
Cotton,2.1,10000,0.5,0.3680392156862745,High,1471_im_2.png,Cotton
Cotton,2.1,10000,0.5,0.3680392156862745,High,1285_im_2.png,Cotton
Cotton,2.1,10000,0.5,0.3680392156862745,High,1789_im_2.png,Cotton
Cotton,2.1,10000,0.5,0.3680392156862745,High,1754_im_2.png,Cotton
Cotton,2.1,10000,0.5,0.3680392156862745,High,1451_im_2.png,Cotton
Cotton,2.1,10000,0.5,0.3680392156862745,High,740_im_2.png,Cotton
Cotton,2.1,10000,0.5,0.3680392156862745,High,179_im_2.png,Cotton
Cotton,2.1,10000,0.5,0.3680392156862745,High,1852_im_2.png,Cotton
Cotton,2.1,10000,0.5,0.3680392156862745,High,389_im_2.png,Cotton
Cotton,2.1,10000,0.5,0.3680392156862745,High,496_im_2.png,Cotton
Cotton,2.1,10000,0.5,0.3680392156862745,High,413_im_2.png,Cotton
Cotton,2.1,10000,0.5,0.3680392156862745,High,481_im_2.png,Cotton
Cotton,2.1,10000,0.5,0.3680392156862745,High,2_im_2.png,Cotton
Cotton,2.1,10000,0.5,0.3680392156862745,High,1393_im_2.png,Cotton
Cotton,2.1,10000,0.5,0.3680392156862745,High,435_im_2.png,Cotton
Cotton,2.1,10000,0.5,0.3680392156862745,High,531_im_2.png,Cotton
Cotton,2.1,10000,0.5,0.3680392156862745,High,1378_im_2.png,Cotton
Cotton,2.1,10000,0.5,0.3680392156862745,High,1123_im_2.png,Cotton
Cotton,2.1,10000,0.5,0.3680392156862745,High,188_im_2.png,Cotton
Cotton,2.1,10000,0.5,0.3680392156862745,High,1731_im_2.png,Cotton
Cotton,2.1,10000,0.5,0.3680392156862745,High,1262_im_2.png,Cotton
Cotton,2.1,10000,0.5,0.3680392156862745,High,1145_im_2.png,Cotton
Cotton,2.1,10000,0.5,0.3680392156862745,High,216_im_2.png,Cotton
Cotton,2.1,10000,0.5,0.3680392156862745,High,1381_im_2.png,Cotton
Cotton,2.1,10000,0.5,0.3680392156862745,High,688_im_2.png,Cotton
Cotton,2.1,10000,0.5,0.3680392156862745,High,751_im_2.png,Cotton
Cotton,2.1,10000,0.5,0.3680392156862745,High,468_im_2.png,Cotton
Cotton,2.1,10000,0.5,0.3680392156862745,High,530_im_2.png,Cotton
Cotton,2.1,10000,0.5,0.3680392156862745,High,391_im_2.png,Cotton
Cotton,2.1,10000,0.5,0.3680392156862745,High,246_im_2.png,Cotton
Cotton,2.1,10000,0.5,0.3680392156862745,High,1819_im_2.png,Cotton
Cotton,2.1,10000,0.5,0.3680392156862745,High,1392_im_2.png,Cotton
Cotton,2.1,10000,0.5,0.3680392156862745,High,224_im_2.png,Cotton
Cotton,2.1,10000,0.5,0.3680392156862745,High,1152_im_2.png,Cotton
Cotton,2.1,10000,0.5,0.3680392156862745,High,1212_im_2.png,Cotton
Cotton,2.1,10000,0.5,0.3680392156862745,High,215_im_2.png,Cotton
Cotton,2.1,10000,0.5,0.3680392156862745,High,438_im_2.png,Cotton
Cotton,2.1,10000,0.5,0.3680392156862745,High,692_im_2.png,Cotton
Cotton,2.1,10000,0.5,0.3680392156862745,High,399_im_2.png,Cotton
Cotton,2.1,10000,0.5,0.3680392156862745,High,414_im_2.png,Cotton
Cotton,2.1,10000,0.5,0.3680392156862745,High,313_im_2.png,Cotton
Cotton,2.1,10000,0.5,0.3680392156862745,High,840_im_2.png,Cotton
Cotton,2.1,10000,0.5,0.3680392156862745,High,318_im_2.png,Cotton
Cotton,2.1,10000,0.5,0.3680392156862745,High,211_im_2.png,Cotton
Cotton,2.1,10000,0.5,0.3680392156862745,High,77_im_2.png,Cotton
Cotton,2.1,10000,0.5,0.3680392156862745,High,1505_im_2.png,Cotton
Cotton,2.1,10000,0.5,0.3680392156862745,High,1506_im_2.png,Cotton
Cotton,2.1,10000,0.5,0.3680392156862745,High,324_im_2.png,Cotton
Cotton,2.1,10000,0.5,0.3680392156862745,High,747_im_2.png,Cotton
Cotton,2.1,10000,0.5,0.3680392156862745,High,477_im_2.png,Cotton
Cotton,2.1,10000,0.5,0.3680392156862745,High,1166_im_2.png,Cotton
Cotton,2.1,10000,0.5,0.3680392156862745,High,1171_im_2.png,Cotton
Cotton,2.1,10000,0.5,0.3680392156862745,High,729_im_2.png,Cotton
Cotton,2.1,10000,0.5,0.3680392156862745,High,1224_im_2.png,Cotton
Cotton,2.1,10000,0.5,0.3680392156862745,High,1172_im_2.png,Cotton
Cotton,2.1,10000,0.5,0.3680392156862745,High,1723_im_2.png,Cotton
Cotton,2.1,10000,0.5,0.3680392156862745,High,404_im_2.png,Cotton
Cotton,2.1,10000,0.5,0.3680392156862745,High,849_im_2.png,Cotton
Cotton,2.1,10000,0.5,0.3680392156862745,High,248_im_2.png,Cotton
Cotton,2.1,10000,0.5,0.3680392156862745,High,1296_im_2.png,Cotton
Cotton,2.1,10000,0.5,0.3680392156862745,High,1283_im_2.png,Cotton
Cotton,2.1,10000,0.5,0.3680392156862745,High,1732_im_2.png,Cotton
Cotton,2.1,10000,0.5,0.3680392156862745,High,347_im_2.png,Cotton
Cotton,2.1,10000,0.5,0.3680392156862745,High,123_im_2.png,Cotton
Cotton,2.1,10000,0.5,0.3680392156862745,High,113_im_2.png,Cotton
Cotton,2.1,10000,0.5,0.3680392156862745,High,1162_im_2.png,Cotton
Cotton,2.1,10000,0.5,0.3680392156862745,High,321_im_2.png,Cotton
Cotton,2.1,10000,0.5,0.3680392156862745,High,1808_im_2.png,Cotton
Cotton,2.1,10000,0.5,0.3680392156862745,High,851_im_2.png,Cotton
Cotton,2.1,10000,0.5,0.3680392156862745,High,1101_im_2.png,Cotton
Cotton,2.1,10000,0.5,0.3680392156862745,High,478_im_2.png,Cotton
Cotton,2.1,10000,0.5,0.3680392156862745,High,138_im_2.png,Cotton
Cotton,2.1,10000,0.5,0.3680392156862745,High,100_im_2.png,Cotton
Cotton,2.1,10000,0.5,0.3680392156862745,High,1160_im_2.png,Cotton
Cotton,2.1,10000,0.5,0.3680392156862745,High,1198_im_2.png,Cotton
Cotton,2.1,10000,0.5,0.3680392156862745,High,1748_im_2.png,Cotton
Cotton,2.1,10000,0.5,0.3680392156862745,High,223_im_2.png,Cotton
Cotton,2.1,10000,0.5,0.3680392156862745,High,832_im_2.png,Cotton
Cotton,2.1,10000,0.5,0.3680392156862745,High,254_im_2.png,Cotton
Cotton,2.1,10000,0.5,0.3680392156862745,High,154_im_2.png,Cotton
Cotton,2.1,10000,0.5,0.3680392156862745,High,833_im_2.png,Cotton
Cotton,2.1,10000,0.5,0.3680392156862745,High,1720_im_2.png,Cotton
Cotton,2.1,10000,0.5,0.3680392156862745,High,1485_im_2.png,Cotton
Cotton,2.1,10000,0.5,0.3680392156862745,High,1721_im_2.png,Cotton
Cotton,2.1,10000,0.5,0.3680392156862745,High,1668_im_2.png,Cotton
Cotton,2.1,10000,0.5,0.3680392156862745,High,1719_im_2.png,Cotton
Cotton,2.1,10000,0.5,0.3680392156862745,High,220_im_2.png,Cotton
Cotton,2.1,10000,0.5,0.3680392156862745,High,1806_im_2.png,Cotton
Cotton,2.1,10000,0.5,0.3680392156862745,High,1492_im_2.png,Cotton
Cotton,2.1,10000,0.5,0.3680392156862745,High,348_im_2.png,Cotton
Cotton,2.1,10000,0.5,0.3680392156862745,High,235_im_2.png,Cotton
Cotton,2.1,10000,0.5,0.3680392156862745,High,398_im_2.png,Cotton
Cotton,2.1,10000,0.5,0.3680392156862745,High,76_im_2.png,Cotton
Cotton,2.1,10000,0.5,0.3680392156862745,High,131_im_2.png,Cotton
Cotton,2.1,10000,0.5,0.3680392156862745,High,1473_im_2.png,Cotton
Cotton,2.1,10000,0.5,0.3680392156862745,High,1275_im_2.png,Cotton
Cotton,2.1,10000,0.5,0.3680392156862745,High,180_im_2.png,Cotton
Cotton,2.1,10000,0.5,0.3680392156862745,High,744_im_2.png,Cotton
Cotton,2.1,10000,0.5,0.3680392156862745,High,278_im_2.png,Cotton
Cotton,2.1,10000,0.5,0.3680392156862745,High,1156_im_2.png,Cotton
Cotton,2.1,10000,0.5,0.3680392156862745,High,1220_im_2.png,Cotton
Cotton,2.1,10000,0.5,0.3680392156862745,High,1807_im_2.png,Cotton
Cotton,2.1,10000,0.5,0.3680392156862745,High,469_im_2.png,Cotton
Cotton,2.1,10000,0.5,0.3680392156862745,High,1729_im_2.png,Cotton
Cotton,2.1,10000,0.5,0.3680392156862745,High,698_im_2.png,Cotton
Cotton,2.1,10000,0.5,0.3680392156862745,High,101_im_2.png,Cotton
Cotton,2.1,10000,0.5,0.3680392156862745,High,441_im_2.png,Cotton
Cotton,2.1,10000,0.5,0.3680392156862745,High,1747_im_2.png,Cotton
Cotton,2.1,10000,0.5,0.3680392156862745,High,1574_im_2.png,Cotton
Cotton,2.1,10000,0.5,0.3680392156862745,High,3_im_2.png,Cotton
Cotton,2.1,10000,0.5,0.3680392156862745,High,400_im_2.png,Cotton
Cotton,2.1,10000,0.5,0.3680392156862745,High,1523_im_2.png,Cotton
Cotton,2.1,10000,0.5,0.3680392156862745,High,1760_im_2.png,Cotton
Cotton,2.1,10000,0.5,0.3680392156862745,High,1958_im_2.png,Cotton
Cotton,2.1,10000,0.5,0.3680392156862745,High,1743_im_2.png,Cotton
Cotton,2.1,10000,0.5,0.3680392156862745,High,1739_im_2.png,Cotton
Cotton,2.1,10000,0.5,0.3680392156862745,High,1943_im_2.png,Cotton
Cotton,2.1,10000,0.5,0.3680392156862745,High,1834_im_2.png,Cotton
Cotton,2.1,10000,0.5,0.3680392156862745,High,252_im_2.png,Cotton
Cotton,2.1,10000,0.5,0.3680392156862745,High,1199_im_2.png,Cotton
Cotton,2.1,10000,0.5,0.3680392156862745,High,73_im_2.png,Cotton
Cotton,2.1,10000,0.5,0.3680392156862745,High,541_im_2.png,Cotton
Cotton,2.1,10000,0.5,0.3680392156862745,High,1886_im_2.png,Cotton
Cotton,2.1,10000,0.5,0.3680392156862745,High,1362_im_2.png,Cotton
Cotton,2.1,10000,0.5,0.3680392156862745,High,232_im_2.png,Cotton
Cotton,2.1,10000,0.5,0.3680392156862745,High,732_im_2.png,Cotton
Cotton,2.1,10000,0.5,0.3680392156862745,High,238_im_2.png,Cotton
Cotton,2.1,10000,0.5,0.3680392156862745,High,1291_im_2.png,Cotton
Cotton,2.1,10000,0.5,0.3680392156862745,High,330_im_2.png,Cotton
Cotton,2.1,10000,0.5,0.3680392156862745,High,1735_im_2.png,Cotton
Cotton,2.1,10000,0.5,0.3680392156862745,High,210_im_2.png,Cotton
Cotton,2.1,10000,0.5,0.3680392156862745,High,416_im_2.png,Cotton
Cotton,2.1,10000,0.5,0.3680392156862745,High,1887_im_2.png,Cotton
Cotton,2.1,10000,0.5,0.3680392156862745,High,687_im_2.png,Cotton
Cotton,2.1,10000,0.5,0.3680392156862745,High,1222_im_2.png,Cotton
Cotton,2.1,10000,0.5,0.3680392156862745,High,1157_im_2.png,Cotton
Cotton,2.1,10000,0.5,0.3680392156862745,High,1833_im_2.png,Cotton
Cotton,2.1,10000,0.5,0.3680392156862745,High,1400_im_2.png,Cotton
Cotton,2.1,10000,0.5,0.3680392156862745,High,1365_im_2.png,Cotton
Cotton,2.1,10000,0.5,0.3680392156862745,High,1766_im_2.png,Cotton
Cotton,2.1,10000,0.5,0.3680392156862745,High,1600_im_2.png,Cotton
Cotton,2.1,10000,0.5,0.3680392156862745,High,396_im_2.png,Cotton
Cotton,2.1,10000,0.5,0.3680392156862745,High,1363_im_2.png,Cotton
Cotton,2.1,10000,0.5,0.3680392156862745,High,1510_im_2.png,Cotton
Cotton,2.1,10000,0.5,0.3680392156862745,High,695_im_2.png,Cotton
Cotton,2.1,10000,0.5,0.3680392156862745,High,406_im_2.png,Cotton
Cotton,2.1,10000,0.5,0.3680392156862745,High,1757_im_2.png,Cotton
Cotton,2.1,10000,0.5,0.3680392156862745,High,1155_im_2.png,Cotton
Cotton,2.1,10000,0.5,0.3680392156862745,High,229_im_2.png,Cotton
Cotton,2.1,10000,0.5,0.3680392156862745,High,167_im_2.png,Cotton
Cotton,2.1,10000,0.5,0.3680392156862745,High,1122_im_2.png,Cotton
Cotton,2.1,10000,0.5,0.3680392156862745,High,194_im_2.png,Cotton
Cotton,2.1,10000,0.5,0.3680392156862745,High,1717_im_2.png,Cotton
Cotton,2.1,10000,0.5,0.3680392156862745,High,1759_im_2.png,Cotton
Cotton,2.1,10000,0.5,0.3680392156862745,High,1561_im_2.png,Cotton
Cotton,2.1,10000,0.5,0.3680392156862745,High,1756_im_2.png,Cotton
Cotton,2.1,10000,0.5,0.3680392156862745,High,1850_im_2.png,Cotton
Cotton,2.1,10000,0.5,0.3680392156862745,High,1274_im_2.png,Cotton
Cotton,2.1,10000,0.5,0.3680392156862745,High,743_im_2.png,Cotton
Cotton,2.1,10000,0.5,0.3680392156862745,High,385_im_2.png,Cotton
Cotton,2.1,10000,0.5,0.3680392156862745,High,277_im_2.png,Cotton
Cotton,2.1,10000,0.5,0.3680392156862745,High,1110_im_2.png,Cotton
Cotton,2.1,10000,0.5,0.3680392156862745,High,1164_im_2.png,Cotton
Cotton,2.1,10000,0.5,0.3680392156862745,High,102_im_2.png,Cotton
Cotton,2.1,10000,0.5,0.3680392156862745,High,250_im_2.png,Cotton
Cotton,2.1,10000,0.5,0.3680392156862745,High,386_im_2.png,Cotton
Cotton,2.1,10000,0.5,0.3680392156862745,High,1484_im_2.png,Cotton
Cotton,2.1,10000,0.5,0.3680392156862745,High,1518_im_2.png,Cotton
Cotton,2.1,10000,0.5,0.3680392156862745,High,1197_im_2.png,Cotton
Cotton,2.1,10000,0.5,0.3680392156862745,High,1488_im_2.png,Cotton
Cotton,2.1,10000,0.5,0.3680392156862745,High,217_im_2.png,Cotton
Cotton,2.1,10000,0.5,0.3680392156862745,High,1520_im_2.png,Cotton
Cotton,2.1,10000,0.5,0.3680392156862745,High,426_im_2.png,Cotton
Cotton,2.1,10000,0.5,0.3680392156862745,High,69_im_2.png,Cotton
Cotton,2.1,10000,0.5,0.3680392156862745,High,1849_im_2.png,Cotton
Cotton,2.1,10000,0.5,0.3680392156862745,High,434_im_2.png,Cotton
Cotton,2.1,10000,0.5,0.3680392156862745,High,1225_im_2.png,Cotton
Cotton,2.1,10000,0.5,0.3680392156862745,High,440_im_2.png,Cotton
Cotton,2.1,10000,0.5,0.3680392156862745,High,850_im_2.png,Cotton
Cotton,2.1,10000,0.5,0.3680392156862745,High,394_im_2.png,Cotton
Cotton,2.1,10000,0.5,0.3680392156862745,High,1380_im_2.png,Cotton
Cotton,2.1,10000,0.5,0.3680392156862745,High,1179_im_2.png,Cotton
Cotton,2.1,10000,0.5,0.3680392156862745,High,1501_im_2.png,Cotton
Cotton,2.1,10000,0.5,0.3680392156862745,High,405_im_2.png,Cotton
Cotton,2.1,10000,0.5,0.3680392156862745,High,1467_im_2.png,Cotton
Cotton,2.1,10000,0.5,0.3680392156862745,High,1366_im_2.png,Cotton
Cotton,2.1,10000,0.5,0.3680392156862745,High,1375_im_2.png,Cotton
Cotton,2.1,10000,0.5,0.3680392156862745,High,112_im_2.png,Cotton
Cotton,2.1,10000,0.5,0.3680392156862745,High,408_im_2.png,Cotton
Cotton,2.1,10000,0.5,0.3680392156862745,High,462_im_2.png,Cotton
Cotton,2.1,10000,0.5,0.3680392156862745,High,1180_im_2.png,Cotton
Cotton,2.1,10000,0.5,0.3680392156862745,High,1716_im_2.png,Cotton
Cotton,2.1,10000,0.5,0.3680392156862745,High,1500_im_2.png,Cotton
Cotton,2.1,10000,0.5,0.3680392156862745,High,1486_im_2.png,Cotton
Cotton,2.1,10000,0.5,0.3680392156862745,High,1495_im_2.png,Cotton
Cotton,2.1,10000,0.5,0.3680392156862745,High,1390_im_2.png,Cotton
Cotton,2.1,10000,0.5,0.3680392156862745,High,251_im_2.png,Cotton
Cotton,2.1,10000,0.5,0.3680392156862745,High,1295_im_2.png,Cotton
Cotton,2.1,10000,0.5,0.3680392156862745,High,174_im_2.png,Cotton
Cotton,2.1,10000,0.5,0.3680392156862745,High,153_im_2.png,Cotton
Cotton,2.1,10000,0.5,0.3680392156862745,High,1476_im_2.png,Cotton
Cotton,2.1,10000,0.5,0.3680392156862745,High,1460_im_2.png,Cotton
Cotton,2.1,10000,0.5,0.3680392156862745,High,227_im_2.png,Cotton
Cotton,2.1,10000,0.5,0.3680392156862745,High,50_im_2.png,Cotton
Cotton,2.1,10000,0.5,0.3680392156862745,High,78_im_2.png,Cotton
Cotton,2.1,10000,0.5,0.3680392156862745,High,465_im_2.png,Cotton
Cotton,2.1,10000,0.5,0.3680392156862745,High,342_im_2.png,Cotton
Cotton,2.1,10000,0.5,0.3680392156862745,High,403_im_2.png,Cotton
Cotton,2.1,10000,0.5,0.3680392156862745,High,239_im_2.png,Cotton
Cotton,2.1,10000,0.5,0.3680392156862745,High,1498_im_2.png,Cotton
Cotton,2.1,10000,0.5,0.3680392156862745,High,728_im_2.png,Cotton
Cotton,2.1,10000,0.5,0.3680392156862745,High,1750_im_2.png,Cotton
Cotton,2.1,10000,0.5,0.3680392156862745,High,529_im_2.png,Cotton
Cotton,2.1,10000,0.5,0.3680392156862745,High,1242_im_2.png,Cotton
Cotton,2.1,10000,0.5,0.3680392156862745,High,74_im_2.png,Cotton
Cotton,2.1,10000,0.5,0.3680392156862745,High,1401_im_2.png,Cotton
Cotton,2.1,10000,0.5,0.3680392156862745,High,212_im_2.png,Cotton
Cotton,2.1,10000,0.5,0.3680392156862745,High,1221_im_2.png,Cotton
Cotton,2.1,10000,0.5,0.3680392156862745,High,1493_im_2.png,Cotton
Cotton,2.1,10000,0.5,0.3680392156862745,High,1516_im_2.png,Cotton
Cotton,2.1,10000,0.5,0.3680392156862745,High,1843_im_2.png,Cotton
Cotton,2.1,10000,0.5,0.3680392156862745,High,219_im_2.png,Cotton
Cotton,2.1,10000,0.5,0.3680392156862745,High,1245_im_2.png,Cotton
Cotton,2.1,10000,0.5,0.3680392156862745,High,1193_im_2.png,Cotton
Cotton,2.1,10000,0.5,0.3680392156862745,High,1143_im_2.png,Cotton
Cotton,2.1,10000,0.5,0.3680392156862745,High,255_im_2.png,Cotton
Cotton,2.1,10000,0.5,0.3680392156862745,High,1746_im_2.png,Cotton
Cotton,2.1,10000,0.5,0.3680392156862745,High,1847_im_2.png,Cotton
Cotton,2.1,10000,0.5,0.3680392156862745,High,1838_im_2.png,Cotton
Cotton,2.1,10000,0.5,0.3680392156862745,High,1181_im_2.png,Cotton
Cotton,2.1,10000,0.5,0.3680392156862745,High,691_im_2.png,Cotton
Cotton,2.1,10000,0.5,0.3680392156862745,High,187_im_2.png,Cotton
Cotton,2.1,10000,0.5,0.3680392156862745,High,122_im_2.png,Cotton
Cotton,2.1,10000,0.5,0.3680392156862745,High,346_im_2.png,Cotton
Cotton,2.1,10000,0.5,0.3680392156862745,High,1153_im_2.png,Cotton
Cotton,2.1,10000,0.5,0.3680392156862745,High,1154_im_2.png,Cotton
Cotton,2.1,10000,0.5,0.3680392156862745,High,397_im_2.png,Cotton
Cotton,2.1,10000,0.5,0.3680392156862745,High,1124_im_2.png,Cotton
Cotton,2.1,10000,0.5,0.3680392156862745,High,1611_im_2.png,Polyester
Cotton,2.1,10000,0.5,0.3680392156862745,High,713_im_2.png,Polyester
Cotton,2.1,10000,0.5,0.3680392156862745,High,1610_im_2.png,Polyester
Cotton,2.1,10000,0.5,0.3680392156862745,High,1592_im_2.png,Polyester
Cotton,2.1,10000,0.5,0.3680392156862745,High,1868_im_2.png,Polyester
Cotton,2.1,10000,0.5,0.3680392156862745,High,525_im_2.png,Polyester
Cotton,2.1,10000,0.5,0.3680392156862745,High,1705_im_2.png,Polyester
Cotton,2.1,10000,0.5,0.3680392156862745,High,1710_im_2.png,Polyester
Cotton,2.1,10000,0.5,0.3680392156862745,High,1856_im_2.png,Polyester
Cotton,2.1,10000,0.5,0.3680392156862745,High,1708_im_2.png,Polyester
Cotton,2.1,10000,0.5,0.3680392156862745,High,447_im_2.png,Polyester
Cotton,2.1,10000,0.5,0.3680392156862745,High,998_im_2.png,Polyester
Cotton,2.1,10000,0.5,0.3680392156862745,High,1689_im_2.png,Polyester
Cotton,2.1,10000,0.5,0.3680392156862745,High,1916_im_2.png,Polyester
Cotton,2.1,10000,0.5,0.3680392156862745,High,705_im_2.png,Polyester
Cotton,2.1,10000,0.5,0.3680392156862745,High,62_im_2.png,Polyester
Cotton,2.1,10000,0.5,0.3680392156862745,High,1709_im_2.png,Polyester
Cotton,2.1,10000,0.5,0.3680392156862745,High,1264_im_2.png,Polyester
Cotton,2.1,10000,0.5,0.3680392156862745,High,68_im_2.png,Polyester
Cotton,2.1,10000,0.5,0.3680392156862745,High,36_im_2.png,Polyester
Cotton,2.1,10000,0.5,0.3680392156862745,High,1696_im_2.png,Polyester
Cotton,2.1,10000,0.5,0.3680392156862745,High,762_im_2.png,Polyester
Cotton,2.1,10000,0.5,0.3680392156862745,High,712_im_2.png,Polyester
Cotton,2.1,10000,0.5,0.3680392156862745,High,626_im_2.png,Polyester
Cotton,2.1,10000,0.5,0.3680392156862745,High,378_im_2.png,Polyester
Cotton,2.1,10000,0.5,0.3680392156862745,High,870_im_2.png,Polyester
Cotton,2.1,10000,0.5,0.3680392156862745,High,1617_im_2.png,Polyester
Cotton,2.1,10000,0.5,0.3680392156862745,High,1588_im_2.png,Polyester
Cotton,2.1,10000,0.5,0.3680392156862745,High,1650_im_2.png,Polyester
Cotton,2.1,10000,0.5,0.3680392156862745,High,1706_im_2.png,Polyester
Cotton,2.1,10000,0.5,0.3680392156862745,High,871_im_2.png,Polyester
Cotton,2.1,10000,0.5,0.3680392156862745,High,1651_im_2.png,Polyester
Cotton,2.1,10000,0.5,0.3680392156862745,High,681_im_2.png,Polyester
Cotton,2.1,10000,0.5,0.3680392156862745,High,758_im_2.png,Polyester
Cotton,2.1,10000,0.5,0.3680392156862745,High,703_im_2.png,Polyester
Cotton,2.1,10000,0.5,0.3680392156862745,High,1700_im_2.png,Polyester
Cotton,2.1,10000,0.5,0.3680392156862745,High,911_im_2.png,Polyester
Cotton,2.1,10000,0.5,0.3680392156862745,High,711_im_2.png,Polyester
Cotton,2.1,10000,0.5,0.3680392156862745,High,821_im_2.png,Polyester
Cotton,2.1,10000,0.5,0.3680392156862745,High,621_im_2.png,Polyester
Cotton,2.1,10000,0.5,0.3680392156862745,High,581_im_2.png,Polyester
Cotton,2.1,10000,0.5,0.3680392156862745,High,1945_im_2.png,Polyester
Cotton,2.1,10000,0.5,0.3680392156862745,High,517_im_2.png,Polyester
Cotton,2.1,10000,0.5,0.3680392156862745,High,1001_im_2.png,Polyester
Cotton,2.1,10000,0.5,0.3680392156862745,High,1855_im_2.png,Polyester
Cotton,2.1,10000,0.5,0.3680392156862745,High,1914_im_2.png,Polyester
Cotton,2.1,10000,0.5,0.3680392156862745,High,1857_im_2.png,Polyester
Cotton,2.1,10000,0.5,0.3680392156862745,High,402_im_2.png,Polyester
Cotton,2.1,10000,0.5,0.3680392156862745,High,907_im_2.png,Polyester
Cotton,2.1,10000,0.5,0.3680392156862745,High,449_im_2.png,Polyester
Cotton,2.1,10000,0.5,0.3680392156862745,High,766_im_2.png,Polyester
Cotton,2.1,10000,0.5,0.3680392156862745,High,1866_im_2.png,Polyester
Cotton,2.1,10000,0.5,0.3680392156862745,High,1576_im_2.png,Polyester
Cotton,2.1,10000,0.5,0.3680392156862745,High,258_im_2.png,Polyester
Cotton,2.1,10000,0.5,0.3680392156862745,High,710_im_2.png,Polyester
Cotton,2.1,10000,0.5,0.3680392156862745,High,872_im_2.png,Polyester
Cotton,2.1,10000,0.5,0.3680392156862745,High,665_im_2.png,Polyester
Cotton,2.1,10000,0.5,0.3680392156862745,High,1685_im_2.png,Polyester
Cotton,2.1,10000,0.5,0.3680392156862745,High,1704_im_2.png,Polyester
Cotton,2.1,10000,0.5,0.3680392156862745,High,518_im_2.png,Polyester
Cotton,2.1,10000,0.5,0.3680392156862745,High,1858_im_2.png,Polyester
Cotton,2.1,10000,0.5,0.3680392156862745,High,1583_im_2.png,Polyester
Cotton,2.1,10000,0.5,0.3680392156862745,High,1699_im_2.png,Polyester
Cotton,2.1,10000,0.5,0.3680392156862745,High,1646_im_2.png,Polyester
Cotton,2.1,10000,0.5,0.3680392156862745,High,679_im_2.png,Polyester
Cotton,2.1,10000,0.5,0.3680392156862745,High,67_im_2.png,Polyester
Cotton,2.1,10000,0.5,0.3680392156862745,High,1702_im_2.png,Polyester
Cotton,2.1,10000,0.5,0.3680392156862745,High,110_im_2.png,Polyester
Cotton,2.1,10000,0.5,0.3680392156862745,High,256_im_2.png,Polyester
Cotton,2.1,10000,0.5,0.3680392156862745,High,88_im_2.png,Polyester
Cotton,2.1,10000,0.5,0.3680392156862745,High,906_im_2.png,Polyester
Cotton,2.1,10000,0.5,0.3680392156862745,High,513_im_2.png,Polyester
Cotton,2.1,10000,0.5,0.3680392156862745,High,1608_im_2.png,Polyester
Cotton,2.1,10000,0.5,0.3680392156862745,High,1597_im_2.png,Polyester
Cotton,2.1,10000,0.5,0.3680392156862745,High,820_im_2.png,Polyester
Cotton,2.1,10000,0.5,0.3680392156862745,High,764_im_2.png,Polyester
Cotton,2.1,10000,0.5,0.3680392156862745,High,709_im_2.png,Polyester
Cotton,2.1,10000,0.5,0.3680392156862745,High,1577_im_2.png,Polyester
Cotton,2.1,10000,0.5,0.3680392156862745,High,514_im_2.png,Polyester
Cotton,2.1,10000,0.5,0.3680392156862745,High,104_im_2.png,Polyester
Cotton,2.1,10000,0.5,0.3680392156862745,High,1002_im_2.png,Polyester
Cotton,2.1,10000,0.5,0.3680392156862745,High,771_im_2.png,Polyester
Cotton,2.1,10000,0.5,0.3680392156862745,High,502_im_2.png,Polyester
Cotton,2.1,10000,0.5,0.3680392156862745,High,763_im_2.png,Polyester
Cotton,2.1,10000,0.5,0.3680392156862745,High,1687_im_2.png,Polyester
Cotton,2.1,10000,0.5,0.3680392156862745,High,1948_im_2.png,Polyester
Cotton,2.1,10000,0.5,0.3680392156862745,High,1596_im_2.png,Polyester
Cotton,2.1,10000,0.5,0.3680392156862745,High,653_im_2.png,Polyester
Cotton,2.1,10000,0.5,0.3680392156862745,High,284_im_2.png,Polyester
Cotton,2.1,10000,0.5,0.3680392156862745,High,624_im_2.png,Polyester
Cotton,2.1,10000,0.5,0.3680392156862745,High,1692_im_2.png,Polyester
Cotton,2.1,10000,0.5,0.3680392156862745,High,542_im_2.png,Polyester
Cotton,2.1,10000,0.5,0.3680392156862745,High,1693_im_2.png,Polyester
Cotton,2.1,10000,0.5,0.3680392156862745,High,323_im_2.png,Polyester
Cotton,2.1,10000,0.5,0.3680392156862745,High,999_im_2.png,Polyester
Cotton,2.1,10000,0.5,0.3680392156862745,High,1691_im_2.png,Polyester
Cotton,2.1,10000,0.5,0.3680392156862745,High,89_im_2.png,Polyester
Cotton,2.1,10000,0.5,0.3680392156862745,High,770_im_2.png,Polyester
Cotton,2.1,10000,0.5,0.3680392156862745,High,1593_im_2.png,Polyester
Cotton,2.1,10000,0.5,0.3680392156862745,High,1616_im_2.png,Polyester
Cotton,2.1,10000,0.5,0.3680392156862745,High,1614_im_2.png,Polyester
Cotton,2.1,10000,0.5,0.3680392156862745,High,257_im_2.png,Polyester
Cotton,2.1,10000,0.5,0.3680392156862745,High,1453_im_2.png,Polyester
Cotton,2.1,10000,0.5,0.3680392156862745,High,669_im_2.png,Polyester
Cotton,2.1,10000,0.5,0.3680392156862745,High,1594_im_2.png,Polyester
Cotton,2.1,10000,0.5,0.3680392156862745,High,1595_im_2.png,Polyester
Cotton,2.1,10000,0.5,0.3680392156862745,High,767_im_2.png,Polyester
Cotton,2.1,10000,0.5,0.3680392156862745,High,617_im_2.png,Polyester
Cotton,2.1,10000,0.5,0.3680392156862745,High,753_im_2.png,Polyester
Cotton,2.1,10000,0.5,0.3680392156862745,High,448_im_2.png,Polyester
Cotton,2.1,10000,0.5,0.3680392156862745,High,1605_im_2.png,Polyester
Cotton,2.1,10000,0.5,0.3680392156862745,High,512_im_2.png,Polyester
Cotton,2.1,10000,0.5,0.3680392156862745,High,519_im_2.png,Polyester
Cotton,2.1,10000,0.5,0.3680392156862745,High,1684_im_2.png,Polyester
Cotton,2.1,10000,0.5,0.3680392156862745,High,543_im_2.png,Polyester
Cotton,2.1,10000,0.5,0.3680392156862745,High,1606_im_2.png,Polyester
Cotton,2.1,10000,0.5,0.3680392156862745,High,760_im_2.png,Polyester
Cotton,2.1,10000,0.5,0.3680392156862745,High,666_im_2.png,Polyester
Cotton,2.1,10000,0.5,0.3680392156862745,High,1682_im_2.png,Polyester
Cotton,2.1,10000,0.5,0.3680392156862745,High,757_im_2.png,Polyester
Cotton,2.1,10000,0.5,0.3680392156862745,High,103_im_2.png,Polyester
Cotton,2.1,10000,0.5,0.3680392156862745,High,707_im_2.png,Polyester
Cotton,2.1,10000,0.5,0.3680392156862745,High,704_im_2.png,Polyester
Cotton,2.1,10000,0.5,0.3680392156862745,High,1618_im_2.png,Polyester
Cotton,2.1,10000,0.5,0.3680392156862745,High,1695_im_2.png,Polyester
Cotton,2.1,10000,0.5,0.3680392156862745,High,1946_im_2.png,Polyester
Cotton,2.1,10000,0.5,0.3680392156862745,High,1912_im_2.png,Polyester
Cotton,2.1,10000,0.5,0.3680392156862745,High,285_im_2.png,Polyester
Cotton,2.1,10000,0.5,0.3680392156862745,High,756_im_2.png,Polyester
Cotton,2.1,10000,0.5,0.3680392156862745,High,109_im_2.png,Polyester
Cotton,2.1,10000,0.5,0.3680392156862745,High,511_im_2.png,Polyester
Cotton,2.1,10000,0.5,0.3680392156862745,High,1915_im_2.png,Polyester
Cotton,2.1,10000,0.5,0.3680392156862745,High,903_im_2.png,Polyester
Cotton,2.1,10000,0.5,0.3680392156862745,High,1652_im_2.png,Polyester
Cotton,2.1,10000,0.5,0.3680392156862745,High,759_im_2.png,Polyester
Cotton,2.1,10000,0.5,0.3680392156862745,High,1581_im_2.png,Polyester
Cotton,2.1,10000,0.5,0.3680392156862745,High,1003_im_2.png,Polyester
Cotton,2.1,10000,0.5,0.3680392156862745,High,401_im_2.png,Polyester
Cotton,2.1,10000,0.5,0.3680392156862745,High,1867_im_2.png,Polyester
Cotton,2.1,10000,0.5,0.3680392156862745,High,1607_im_2.png,Polyester
Cotton,2.1,10000,0.5,0.3680392156862745,High,708_im_2.png,Polyester
Cotton,2.1,10000,0.5,0.3680392156862745,High,680_im_2.png,Polyester
Cotton,2.1,10000,0.5,0.3680392156862745,High,1649_im_2.png,Polyester
Cotton,2.1,10000,0.5,0.3680392156862745,High,772_im_2.png,Polyester
Cotton,2.1,10000,0.5,0.3680392156862745,High,1645_im_2.png,Polyester
Cotton,2.1,10000,0.5,0.3680392156862745,High,1690_im_2.png,Polyester
Cotton,2.1,10000,0.5,0.3680392156862745,High,1615_im_2.png,Polyester
Cotton,2.1,10000,0.5,0.3680392156862745,High,1586_im_2.png,Polyester
Cotton,2.1,10000,0.5,0.3680392156862745,High,1612_im_2.png,Polyester
Cotton,2.1,10000,0.5,0.3680392156862745,High,715_im_2.png,Polyester
Cotton,2.1,10000,0.5,0.3680392156862745,High,905_im_2.png,Polyester
Cotton,2.1,10000,0.5,0.3680392156862745,High,1263_im_2.png,Polyester
Cotton,2.1,10000,0.5,0.3680392156862745,High,1711_im_2.png,Polyester
Cotton,2.1,10000,0.5,0.3680392156862745,High,64_im_2.png,Polyester
Cotton,2.1,10000,0.5,0.3680392156862745,High,1952_im_2.png,Polyester
Cotton,2.1,10000,0.5,0.3680392156862745,High,1000_im_2.png,Polyester
Cotton,2.1,10000,0.5,0.3680392156862745,High,458_im_2.png,Polyester
Cotton,2.1,10000,0.5,0.3680392156862745,High,1609_im_2.png,Polyester
Cotton,2.1,10000,0.5,0.3680392156862745,High,1712_im_2.png,Polyester
Cotton,2.1,10000,0.5,0.3680392156862745,High,1587_im_2.png,Polyester
Cotton,2.1,10000,0.5,0.3680392156862745,High,1613_im_2.png,Polyester
Cotton,2.1,10000,0.5,0.3680392156862745,High,1869_im_2.png,Polyester
Cotton,2.1,10000,0.5,0.3680392156862745,High,1454_im_2.png,Polyester
Cotton,2.1,10000,0.5,0.3680392156862745,High,450_im_2.png,Polyester
Cotton,2.1,10000,0.5,0.3680392156862745,High,765_im_2.png,Polyester
Cotton,2.1,10000,0.5,0.3680392156862745,High,1688_im_2.png,Polyester
Cotton,2.1,10000,0.5,0.3680392156862745,High,1681_im_2.png,Polyester
Cotton,2.1,10000,0.5,0.3680392156862745,High,524_im_2.png,Polyester
Cotton,2.1,10000,0.5,0.3680392156862745,High,1653_im_2.png,Polyester
Cotton,2.1,10000,0.5,0.3680392156862745,High,682_im_2.png,Polyester
Cotton,2.1,10000,0.5,0.3680392156862745,High,1582_im_2.png,Polyester
Cotton,2.1,10000,0.5,0.3680392156862745,High,1917_im_2.png,Polyester
Cotton,2.1,10000,0.5,0.3680392156862745,High,904_im_2.png,Polyester
Cotton,2.1,10000,0.5,0.3680392156862745,High,755_im_2.png,Polyester
Cotton,2.1,10000,0.5,0.3680392156862745,High,761_im_2.png,Polyester
Cotton,2.1,10000,0.5,0.3680392156862745,High,769_im_2.png,Polyester
Cotton,2.1,10000,0.5,0.3680392156862745,High,1703_im_2.png,Polyester
Cotton,2.1,10000,0.5,0.3680392156862745,High,622_im_2.png,Polyester
Cotton,2.1,10000,0.5,0.3680392156862745,High,768_im_2.png,Polyester
Cotton,2.1,10000,0.5,0.3680392156862745,High,1580_im_2.png,Polyester
Cotton,2.1,10000,0.5,0.3680392156862745,High,459_im_2.png,Polyester
Cotton,2.1,10000,0.5,0.3680392156862745,High,1913_im_2.png,Polyester
Cotton,2.1,10000,0.5,0.3680392156862745,High,1686_im_2.png,Polyester
Cotton,2.1,10000,0.5,0.3680392156862745,High,685_im_2.png,Polyester
Cotton,2.1,10000,0.5,0.3680392156862745,High,1865_im_2.png,Polyester
Cotton,2.1,10000,0.5,0.3680392156862745,High,714_im_2.png,Polyester
Cotton,2.1,10000,0.5,0.3680392156862745,High,623_im_2.png,Polyester
Cotton,2.1,10000,0.5,0.3680392156862745,High,322_im_2.png,Polyester
Cotton,2.1,10000,0.5,0.3680392156862745,High,1701_im_2.png,Polyester
Cotton,2.1,10000,0.5,0.3680392156862745,High,1707_im_2.png,Polyester
Cotton,2.1,10000,0.5,0.3680392156862745,High,773_im_2.png,Polyester
Cotton,2.1,10000,0.5,0.3680392156862745,High,670_im_2.png,Polyester
Cotton,2.1,10000,0.5,0.3680392156862745,High,63_im_2.png,Polyester
Cotton,2.1,10000,0.5,0.3680392156862745,High,1694_im_2.png,Polyester
Cotton,2.1,10000,0.5,0.3680392156862745,High,686_im_2.png,Polyester
Cotton,2.1,10000,0.5,0.3680392156862745,High,706_im_2.png,Polyester
Cotton,2.1,10000,0.5,0.3680392156862745,High,377_im_2.png,Polyester
Cotton,2.1,10000,0.5,0.3680392156862745,High,1951_im_2.png,Polyester
Cotton,2.1,10000,0.5,0.3680392156862745,High,701_im_2.png,Polyester
Cotton,2.1,10000,0.5,0.3680392156862745,High,1918_im_2.png,Polyester
Cotton,2.1,10000,0.5,0.3680392156862745,High,973_im_2.png,Wool
Cotton,2.1,10000,0.5,0.3680392156862745,High,23_im_2.png,Wool
Cotton,2.1,10000,0.5,0.3680392156862745,High,60_im_2.png,Wool
Cotton,2.1,10000,0.5,0.3680392156862745,High,826_im_2.png,Wool
Cotton,2.1,10000,0.5,0.3680392156862745,High,662_im_2.png,Wool
Cotton,2.1,10000,0.5,0.3680392156862745,High,979_im_2.png,Wool
Cotton,2.1,10000,0.5,0.3680392156862745,High,970_im_2.png,Wool
Cotton,2.1,10000,0.5,0.3680392156862745,High,337_im_2.png,Wool
Cotton,2.1,10000,0.5,0.3680392156862745,High,983_im_2.png,Wool
Cotton,2.1,10000,0.5,0.3680392156862745,High,971_im_2.png,Wool
Cotton,2.1,10000,0.5,0.3680392156862745,High,1407_im_2.png,Wool
Cotton,2.1,10000,0.5,0.3680392156862745,High,808_im_2.png,Wool
Cotton,2.1,10000,0.5,0.3680392156862745,High,1422_im_2.png,Wool
Cotton,2.1,10000,0.5,0.3680392156862745,High,969_im_2.png,Wool
Cotton,2.1,10000,0.5,0.3680392156862745,High,444_im_2.png,Wool
Cotton,2.1,10000,0.5,0.3680392156862745,High,357_im_2.png,Wool
Cotton,2.1,10000,0.5,0.3680392156862745,High,336_im_2.png,Wool
Cotton,2.1,10000,0.5,0.3680392156862745,High,825_im_2.png,Wool
Cotton,2.1,10000,0.5,0.3680392156862745,High,7_im_2.png,Wool
Cotton,2.1,10000,0.5,0.3680392156862745,High,972_im_2.png,Wool
Cotton,2.1,10000,0.5,0.3680392156862745,High,1428_im_2.png,Wool
Cotton,2.1,10000,0.5,0.3680392156862745,High,809_im_2.png,Wool
Cotton,2.1,10000,0.5,0.3680392156862745,High,1436_im_2.png,Wool
Cotton,2.1,10000,0.5,0.3680392156862745,High,981_im_2.png,Wool
Cotton,2.1,10000,0.5,0.3680392156862745,High,1423_im_2.png,Wool
Cotton,2.1,10000,0.5,0.3680392156862745,High,817_im_2.png,Wool
Cotton,2.1,10000,0.5,0.3680392156862745,High,984_im_2.png,Wool
Cotton,2.1,10000,0.5,0.3680392156862745,High,986_im_2.png,Wool
Cotton,2.1,10000,0.5,0.3680392156862745,High,980_im_2.png,Wool
Cotton,2.1,10000,0.5,0.3680392156862745,High,355_im_2.png,Wool
Cotton,2.1,10000,0.5,0.3680392156862745,High,985_im_2.png,Wool
Cotton,2.1,10000,0.5,0.3680392156862745,High,59_im_2.png,Wool
Cotton,2.1,10000,0.5,0.3680392156862745,High,446_im_2.png,Wool
Cotton,2.1,10000,0.5,0.3680392156862745,High,1435_im_2.png,Wool
Cotton,2.1,10000,0.5,0.3680392156862745,High,358_im_2.png,Wool
Cotton,2.1,10000,0.5,0.3680392156862745,High,1408_im_2.png,Wool
Cotton,2.1,10000,0.5,0.3680392156862745,High,1413_im_2.png,Wool
Cotton,2.1,10000,0.5,0.3680392156862745,High,1420_im_2.png,Wool
Cotton,2.1,10000,0.5,0.3680392156862745,High,661_im_2.png,Wool
Cotton,2.1,10000,0.5,0.3680392156862745,High,660_im_2.png,Wool
Cotton,2.1,10000,0.5,0.3680392156862745,High,1412_im_2.png,Wool
Cotton,2.1,10000,0.5,0.3680392156862745,High,818_im_2.png,Wool
Cotton,2.1,10000,0.5,0.3680392156862745,High,1415_im_2.png,Wool
Cotton,2.1,10000,0.5,0.3680392156862745,High,1426_im_2.png,Wool
Cotton,2.1,10000,0.5,0.3680392156862745,High,987_im_2.png,Wool
Cotton,2.1,10000,0.5,0.3680392156862745,High,967_im_2.png,Wool
Cotton,2.1,10000,0.5,0.3680392156862745,High,1429_im_2.png,Wool
Cotton,2.1,10000,0.5,0.3680392156862745,High,22_im_2.png,Wool
Cotton,2.1,10000,0.5,0.3680392156862745,High,1427_im_2.png,Wool
Cotton,2.1,10000,0.5,0.3680392156862745,High,356_im_2.png,Wool
Cotton,2.1,10000,0.5,0.3680392156862745,High,445_im_2.png,Wool
Cotton,2.1,10000,0.5,0.3680392156862745,High,982_im_2.png,Wool
Cotton,2.1,10000,0.5,0.3680392156862745,High,373_im_2.png,Wool
Cotton,2.1,10000,0.5,0.3680392156862745,High,1029_im_2.png,Crepe
Cotton,2.1,10000,0.5,0.3680392156862745,High,927_im_2.png,Crepe
Cotton,2.1,10000,0.5,0.3680392156862745,High,998_im_2.png,Crepe
Cotton,2.1,10000,0.5,0.3680392156862745,High,1028_im_2.png,Crepe
Cotton,2.1,10000,0.5,0.3680392156862745,High,1033_im_2.png,Crepe
Cotton,2.1,10000,0.5,0.3680392156862745,High,1001_im_2.png,Crepe
Cotton,2.1,10000,0.5,0.3680392156862745,High,929_im_2.png,Crepe
Cotton,2.1,10000,0.5,0.3680392156862745,High,1002_im_2.png,Crepe
Cotton,2.1,10000,0.5,0.3680392156862745,High,999_im_2.png,Crepe
Cotton,2.1,10000,0.5,0.3680392156862745,High,1031_im_2.png,Crepe
Cotton,2.1,10000,0.5,0.3680392156862745,High,1032_im_2.png,Crepe
Cotton,2.1,10000,0.5,0.3680392156862745,High,949_im_2.png,Crepe
Cotton,2.1,10000,0.5,0.3680392156862745,High,1003_im_2.png,Crepe
Cotton,2.1,10000,0.5,0.3680392156862745,High,945_im_2.png,Crepe
Cotton,2.1,10000,0.5,0.3680392156862745,High,1000_im_2.png,Crepe
Cotton,2.1,10000,0.5,0.3680392156862745,High,926_im_2.png,Crepe
Cotton,2.1,10000,0.5,0.3680392156862745,High,928_im_2.png,Crepe
Cotton,2.1,10000,0.5,0.3680392156862745,High,1030_im_2.png,Crepe
Cotton,2.1,10000,0.5,0.3680392156862745,High,952_im_2.png,Crepe
Cotton,2.1,10000,0.5,0.3680392156862745,High,948_im_2.png,Crepe
Cotton,2.1,10000,0.5,0.3680392156862745,High,1636_im_2.png,Blended
Cotton,2.1,10000,0.5,0.3680392156862745,High,1174_im_2.png,Blended
Cotton,2.1,10000,0.5,0.3680392156862745,High,1784_im_2.png,Blended
Cotton,2.1,10000,0.5,0.3680392156862745,High,1854_im_2.png,Blended
Cotton,2.1,10000,0.5,0.3680392156862745,High,1572_im_2.png,Blended
Cotton,2.1,10000,0.5,0.3680392156862745,High,1926_im_2.png,Blended
Cotton,2.1,10000,0.5,0.3680392156862745,High,656_im_2.png,Blended
Cotton,2.1,10000,0.5,0.3680392156862745,High,274_im_2.png,Blended
Cotton,2.1,10000,0.5,0.3680392156862745,High,934_im_2.png,Blended
Cotton,2.1,10000,0.5,0.3680392156862745,High,500_im_2.png,Blended
Cotton,2.1,10000,0.5,0.3680392156862745,High,1187_im_2.png,Blended
Cotton,2.1,10000,0.5,0.3680392156862745,High,550_im_2.png,Blended
Cotton,2.1,10000,0.5,0.3680392156862745,High,412_im_2.png,Blended
Cotton,2.1,10000,0.5,0.3680392156862745,High,1845_im_2.png,Blended
Cotton,2.1,10000,0.5,0.3680392156862745,High,1546_im_2.png,Blended
Cotton,2.1,10000,0.5,0.3680392156862745,High,94_im_2.png,Blended
Cotton,2.1,10000,0.5,0.3680392156862745,High,1455_im_2.png,Blended
Cotton,2.1,10000,0.5,0.3680392156862745,High,1178_im_2.png,Blended
Cotton,2.1,10000,0.5,0.3680392156862745,High,1826_im_2.png,Blended
Cotton,2.1,10000,0.5,0.3680392156862745,High,1466_im_2.png,Blended
Cotton,2.1,10000,0.5,0.3680392156862745,High,1590_im_2.png,Blended
Cotton,2.1,10000,0.5,0.3680392156862745,High,1949_im_2.png,Blended
Cotton,2.1,10000,0.5,0.3680392156862745,High,1269_im_2.png,Blended
Cotton,2.1,10000,0.5,0.3680392156862745,High,1088_im_2.png,Blended
Cotton,2.1,10000,0.5,0.3680392156862745,High,1892_im_2.png,Blended
Cotton,2.1,10000,0.5,0.3680392156862745,High,1632_im_2.png,Blended
Cotton,2.1,10000,0.5,0.3680392156862745,High,557_im_2.png,Blended
Cotton,2.1,10000,0.5,0.3680392156862745,High,1895_im_2.png,Blended
Cotton,2.1,10000,0.5,0.3680392156862745,High,1924_im_2.png,Blended
Cotton,2.1,10000,0.5,0.3680392156862745,High,1626_im_2.png,Blended
Cotton,2.1,10000,0.5,0.3680392156862745,High,1257_im_2.png,Blended
Cotton,2.1,10000,0.5,0.3680392156862745,High,873_im_2.png,Blended
Cotton,2.1,10000,0.5,0.3680392156862745,High,877_im_2.png,Blended
Cotton,2.1,10000,0.5,0.3680392156862745,High,1549_im_2.png,Blended
Cotton,2.1,10000,0.5,0.3680392156862745,High,1267_im_2.png,Blended
Cotton,2.1,10000,0.5,0.3680392156862745,High,1599_im_2.png,Blended
Cotton,2.1,10000,0.5,0.3680392156862745,High,1258_im_2.png,Blended
Cotton,2.1,10000,0.5,0.3680392156862745,High,1630_im_2.png,Blended
Cotton,2.1,10000,0.5,0.3680392156862745,High,316_im_2.png,Blended
Cotton,2.1,10000,0.5,0.3680392156862745,High,473_im_2.png,Blended
Cotton,2.1,10000,0.5,0.3680392156862745,High,292_im_2.png,Blended
Cotton,2.1,10000,0.5,0.3680392156862745,High,882_im_2.png,Blended
Cotton,2.1,10000,0.5,0.3680392156862745,High,1741_im_2.png,Blended
Cotton,2.1,10000,0.5,0.3680392156862745,High,193_im_2.png,Blended
Cotton,2.1,10000,0.5,0.3680392156862745,High,352_im_2.png,Blended
Cotton,2.1,10000,0.5,0.3680392156862745,High,876_im_2.png,Blended
Cotton,2.1,10000,0.5,0.3680392156862745,High,1643_im_2.png,Blended
Cotton,2.1,10000,0.5,0.3680392156862745,High,883_im_2.png,Blended
Cotton,2.1,10000,0.5,0.3680392156862745,High,1570_im_2.png,Blended
Cotton,2.1,10000,0.5,0.3680392156862745,High,1837_im_2.png,Blended
Cotton,2.1,10000,0.5,0.3680392156862745,High,1603_im_2.png,Blended
Cotton,2.1,10000,0.5,0.3680392156862745,High,559_im_2.png,Blended
Cotton,2.1,10000,0.5,0.3680392156862745,High,1639_im_2.png,Blended
Cotton,2.1,10000,0.5,0.3680392156862745,High,1621_im_2.png,Blended
Cotton,2.1,10000,0.5,0.3680392156862745,High,1641_im_2.png,Blended
Cotton,2.1,10000,0.5,0.3680392156862745,High,1038_im_2.png,Blended
Cotton,2.1,10000,0.5,0.3680392156862745,High,933_im_2.png,Blended
Cotton,2.1,10000,0.5,0.3680392156862745,High,1664_im_2.png,Blended
Cotton,2.1,10000,0.5,0.3680392156862745,High,956_im_2.png,Blended
Cotton,2.1,10000,0.5,0.3680392156862745,High,1568_im_2.png,Blended
Cotton,2.1,10000,0.5,0.3680392156862745,High,1787_im_2.png,Blended
Cotton,2.1,10000,0.5,0.3680392156862745,High,1698_im_2.png,Blended
Cotton,2.1,10000,0.5,0.3680392156862745,High,1367_im_2.png,Blended
Cotton,2.1,10000,0.5,0.3680392156862745,High,276_im_2.png,Blended
Cotton,2.1,10000,0.5,0.3680392156862745,High,674_im_2.png,Blended
Cotton,2.1,10000,0.5,0.3680392156862745,High,1268_im_2.png,Blended
Cotton,2.1,10000,0.5,0.3680392156862745,High,1598_im_2.png,Blended
Cotton,2.1,10000,0.5,0.3680392156862745,High,1113_im_2.png,Blended
Cotton,2.1,10000,0.5,0.3680392156862745,High,991_im_2.png,Blended
Cotton,2.1,10000,0.5,0.3680392156862745,High,55_im_2.png,Blended
Cotton,2.1,10000,0.5,0.3680392156862745,High,1578_im_2.png,Blended
Cotton,2.1,10000,0.5,0.3680392156862745,High,657_im_2.png,Blended
Cotton,2.1,10000,0.5,0.3680392156862745,High,875_im_2.png,Blended
Cotton,2.1,10000,0.5,0.3680392156862745,High,133_im_2.png,Blended
Cotton,2.1,10000,0.5,0.3680392156862745,High,1456_im_2.png,Blended
Cotton,2.1,10000,0.5,0.3680392156862745,High,82_im_2.png,Blended
Cotton,2.1,10000,0.5,0.3680392156862745,High,684_im_2.png,Blended
Cotton,2.1,10000,0.5,0.3680392156862745,High,95_im_2.png,Blended
Cotton,2.1,10000,0.5,0.3680392156862745,High,1039_im_2.png,Blended
Cotton,2.1,10000,0.5,0.3680392156862745,High,555_im_2.png,Blended
Cotton,2.1,10000,0.5,0.3680392156862745,High,1566_im_2.png,Blended
Cotton,2.1,10000,0.5,0.3680392156862745,High,1090_im_2.png,Blended
Cotton,2.1,10000,0.5,0.3680392156862745,High,304_im_2.png,Blended
Cotton,2.1,10000,0.5,0.3680392156862745,High,1640_im_2.png,Blended
Cotton,2.1,10000,0.5,0.3680392156862745,High,671_im_2.png,Blended
Cotton,2.1,10000,0.5,0.3680392156862745,High,288_im_2.png,Blended
Cotton,2.1,10000,0.5,0.3680392156862745,High,1678_im_2.png,Blended
Cotton,2.1,10000,0.5,0.3680392156862745,High,289_im_2.png,Blended
Cotton,2.1,10000,0.5,0.3680392156862745,High,362_im_2.png,Blended
Cotton,2.1,10000,0.5,0.3680392156862745,High,333_im_2.png,Blended
Cotton,2.1,10000,0.5,0.3680392156862745,High,1265_im_2.png,Blended
Cotton,2.1,10000,0.5,0.3680392156862745,High,1665_im_2.png,Blended
Cotton,2.1,10000,0.5,0.3680392156862745,High,930_im_2.png,Blended
Cotton,2.1,10000,0.5,0.3680392156862745,High,921_im_2.png,Blended
Cotton,2.1,10000,0.5,0.3680392156862745,High,667_im_2.png,Blended
Cotton,2.1,10000,0.5,0.3680392156862745,High,1175_im_2.png,Blended
Cotton,2.1,10000,0.5,0.3680392156862745,High,1648_im_2.png,Blended
Cotton,2.1,10000,0.5,0.3680392156862745,High,202_im_2.png,Blended
Cotton,2.1,10000,0.5,0.3680392156862745,High,127_im_2.png,Blended
Cotton,2.1,10000,0.5,0.3680392156862745,High,1929_im_2.png,Blended
Cotton,2.1,10000,0.5,0.3680392156862745,High,553_im_2.png,Blended
Cotton,2.1,10000,0.5,0.3680392156862745,High,1631_im_2.png,Blended
Cotton,2.1,10000,0.5,0.3680392156862745,High,576_im_2.png,Blended
Cotton,2.1,10000,0.5,0.3680392156862745,High,1591_im_2.png,Blended
Cotton,2.1,10000,0.5,0.3680392156862745,High,922_im_2.png,Blended
Cotton,2.1,10000,0.5,0.3680392156862745,High,1930_im_2.png,Blended
Cotton,2.1,10000,0.5,0.3680392156862745,High,940_im_2.png,Blended
Cotton,2.1,10000,0.5,0.3680392156862745,High,1923_im_2.png,Blended
Cotton,2.1,10000,0.5,0.3680392156862745,High,1676_im_2.png,Blended
Cotton,2.1,10000,0.5,0.3680392156862745,High,1096_im_2.png,Blended
Cotton,2.1,10000,0.5,0.3680392156862745,High,1925_im_2.png,Blended
Cotton,2.1,10000,0.5,0.3680392156862745,High,221_im_2.png,Blended
Cotton,2.1,10000,0.5,0.3680392156862745,High,135_im_2.png,Blended
Cotton,2.1,10000,0.5,0.3680392156862745,High,554_im_2.png,Blended
Cotton,2.1,10000,0.5,0.3680392156862745,High,411_im_2.png,Blended
Cotton,2.1,10000,0.5,0.3680392156862745,High,1529_im_2.png,Blended
Cotton,2.1,10000,0.5,0.3680392156862745,High,676_im_2.png,Blended
Cotton,2.1,10000,0.5,0.3680392156862745,High,203_im_2.png,Blended
Cotton,2.1,10000,0.5,0.3680392156862745,High,1091_im_2.png,Blended
Cotton,2.1,10000,0.5,0.3680392156862745,High,364_im_2.png,Blended
Cotton,2.1,10000,0.5,0.3680392156862745,High,1544_im_2.png,Blended
Cotton,2.1,10000,0.5,0.3680392156862745,High,1954_im_2.png,Blended
Cotton,2.1,10000,0.5,0.3680392156862745,High,544_im_2.png,Blended
Cotton,2.1,10000,0.5,0.3680392156862745,High,1781_im_2.png,Blended
Cotton,2.1,10000,0.5,0.3680392156862745,High,1828_im_2.png,Blended
Cotton,2.1,10000,0.5,0.3680392156862745,High,1189_im_2.png,Blended
Cotton,2.1,10000,0.5,0.3680392156862745,High,1813_im_2.png,Blended
Cotton,2.1,10000,0.5,0.3680392156862745,High,955_im_2.png,Blended
Cotton,2.1,10000,0.5,0.3680392156862745,High,1585_im_2.png,Blended
Cotton,2.1,10000,0.5,0.3680392156862745,High,363_im_2.png,Blended
Cotton,2.1,10000,0.5,0.3680392156862745,High,677_im_2.png,Blended
Cotton,2.1,10000,0.5,0.3680392156862745,High,1786_im_2.png,Blended
Cotton,2.1,10000,0.5,0.3680392156862745,High,1560_im_2.png,Blended
Cotton,2.1,10000,0.5,0.3680392156862745,High,332_im_2.png,Blended
Cotton,2.1,10000,0.5,0.3680392156862745,High,1545_im_2.png,Blended
Cotton,2.1,10000,0.5,0.3680392156862745,High,1824_im_2.png,Blended
Cotton,2.1,10000,0.5,0.3680392156862745,High,1810_im_2.png,Blended
Cotton,2.1,10000,0.5,0.3680392156862745,High,293_im_2.png,Blended
Cotton,2.1,10000,0.5,0.3680392156862745,High,93_im_2.png,Blended
Cotton,2.1,10000,0.5,0.3680392156862745,High,1728_im_2.png,Blended
Cotton,2.1,10000,0.5,0.3680392156862745,High,1623_im_2.png,Blended
Cotton,2.1,10000,0.5,0.3680392156862745,High,886_im_2.png,Blended
Cotton,2.1,10000,0.5,0.3680392156862745,High,305_im_2.png,Blended
Cotton,2.1,10000,0.5,0.3680392156862745,High,1674_im_2.png,Blended
Cotton,2.1,10000,0.5,0.3680392156862745,High,1782_im_2.png,Blended
Cotton,2.1,10000,0.5,0.3680392156862745,High,339_im_2.png,Blended
Cotton,2.1,10000,0.5,0.3680392156862745,High,1209_im_2.png,Blended
Cotton,2.1,10000,0.5,0.3680392156862745,High,1955_im_2.png,Blended
Cotton,2.1,10000,0.5,0.3680392156862745,High,6_im_2.png,Blended
Cotton,2.1,10000,0.5,0.3680392156862745,High,917_im_2.png,Blended
Cotton,2.1,10000,0.5,0.3680392156862745,High,936_im_2.png,Blended
Cotton,2.1,10000,0.5,0.3680392156862745,High,1893_im_2.png,Blended
Cotton,2.1,10000,0.5,0.3680392156862745,High,310_im_2.png,Blended
Cotton,2.1,10000,0.5,0.3680392156862745,High,937_im_2.png,Blended
Cotton,2.1,10000,0.5,0.3680392156862745,High,545_im_2.png,Blended
Cotton,2.1,10000,0.5,0.3680392156862745,High,932_im_2.png,Blended
Cotton,2.1,10000,0.5,0.3680392156862745,High,1558_im_2.png,Blended
Cotton,2.1,10000,0.5,0.3680392156862745,High,546_im_2.png,Blended
Cotton,2.1,10000,0.5,0.3680392156862745,High,1644_im_2.png,Blended
Cotton,2.1,10000,0.5,0.3680392156862745,High,1635_im_2.png,Blended
Cotton,2.1,10000,0.5,0.3680392156862745,High,1836_im_2.png,Blended
Cotton,2.1,10000,0.5,0.3680392156862745,High,938_im_2.png,Blended
Cotton,2.1,10000,0.5,0.3680392156862745,High,1602_im_2.png,Blended
Cotton,2.1,10000,0.5,0.3680392156862745,High,92_im_2.png,Blended
Cotton,2.1,10000,0.5,0.3680392156862745,High,923_im_2.png,Blended
Cotton,2.1,10000,0.5,0.3680392156862745,High,1859_im_2.png,Blended
Cotton,2.1,10000,0.5,0.3680392156862745,High,1841_im_2.png,Blended
Cotton,2.1,10000,0.5,0.3680392156862745,High,1132_im_2.png,Blended
Cotton,2.1,10000,0.5,0.3680392156862745,High,1604_im_2.png,Blended
Cotton,2.1,10000,0.5,0.3680392156862745,High,1928_im_2.png,Blended
Cotton,2.1,10000,0.5,0.3680392156862745,High,1956_im_2.png,Blended
Cotton,2.1,10000,0.5,0.3680392156862745,High,1788_im_2.png,Blended
Cotton,2.1,10000,0.5,0.3680392156862745,High,1624_im_2.png,Blended
Cotton,2.1,10000,0.5,0.3680392156862745,High,959_im_2.png,Blended
Cotton,2.1,10000,0.5,0.3680392156862745,High,1094_im_2.png,Blended
Cotton,2.1,10000,0.5,0.3680392156862745,High,1953_im_2.png,Blended
Cotton,2.1,10000,0.5,0.3680392156862745,High,1727_im_2.png,Blended
Cotton,2.1,10000,0.5,0.3680392156862745,High,1663_im_2.png,Blended
Cotton,2.1,10000,0.5,0.3680392156862745,High,1131_im_2.png,Blended
Cotton,2.1,10000,0.5,0.3680392156862745,High,939_im_2.png,Blended
Cotton,2.1,10000,0.5,0.3680392156862745,High,1130_im_2.png,Blended
Cotton,2.1,10000,0.5,0.3680392156862745,High,885_im_2.png,Blended
Cotton,2.1,10000,0.5,0.3680392156862745,High,1534_im_2.png,Blended
Cotton,2.1,10000,0.5,0.3680392156862745,High,510_im_2.png,Blended
Cotton,2.1,10000,0.5,0.3680392156862745,High,351_im_2.png,Blended
Cotton,2.1,10000,0.5,0.3680392156862745,High,1927_im_2.png,Blended
Cotton,2.1,10000,0.5,0.3680392156862745,High,1543_im_2.png,Blended
Cotton,2.1,10000,0.5,0.3680392156862745,High,1535_im_2.png,Blended
Cotton,2.1,10000,0.5,0.3680392156862745,High,308_im_2.png,Blended
Cotton,2.1,10000,0.5,0.3680392156862745,High,393_im_2.png,Blended
Cotton,2.1,10000,0.5,0.3680392156862745,High,307_im_2.png,Blended
Cotton,2.1,10000,0.5,0.3680392156862745,High,275_im_2.png,Blended
Cotton,2.1,10000,0.5,0.3680392156862745,High,1647_im_2.png,Blended
Cotton,2.1,10000,0.5,0.3680392156862745,High,192_im_2.png,Blended
Cotton,2.1,10000,0.5,0.3680392156862745,High,1368_im_2.png,Blended
Cotton,2.1,10000,0.5,0.3680392156862745,High,580_im_2.png,Blended
Cotton,2.1,10000,0.5,0.3680392156862745,High,1812_im_2.png,Blended
Cotton,2.1,10000,0.5,0.3680392156862745,High,96_im_2.png,Blended
Cotton,2.1,10000,0.5,0.3680392156862745,High,365_im_2.png,Blended
Cotton,2.1,10000,0.5,0.3680392156862745,High,1579_im_2.png,Blended
Cotton,2.1,10000,0.5,0.3680392156862745,High,1266_im_2.png,Blended
Cotton,2.1,10000,0.5,0.3680392156862745,High,664_im_2.png,Blended
Cotton,2.1,10000,0.5,0.3680392156862745,High,990_im_2.png,Blended
Cotton,2.1,10000,0.5,0.3680392156862745,High,1846_im_2.png,Blended
Cotton,2.1,10000,0.5,0.3680392156862745,High,1820_im_2.png,Blended
Cotton,2.1,10000,0.5,0.3680392156862745,High,673_im_2.png,Blended
Cotton,2.1,10000,0.5,0.3680392156862745,High,1584_im_2.png,Blended
Cotton,2.1,10000,0.5,0.3680392156862745,High,315_im_2.png,Blended
Cotton,2.1,10000,0.5,0.3680392156862745,High,79_im_2.png,Blended
Cotton,2.1,10000,0.5,0.3680392156862745,High,1177_im_2.png,Blended
Cotton,2.1,10000,0.5,0.3680392156862745,High,1853_im_2.png,Blended
Cotton,2.1,10000,0.5,0.3680392156862745,High,350_im_2.png,Blended
Cotton,2.1,10000,0.5,0.3680392156862745,High,1628_im_2.png,Blended
Cotton,2.1,10000,0.5,0.3680392156862745,High,672_im_2.png,Blended
Cotton,2.1,10000,0.5,0.3680392156862745,High,1950_im_2.png,Blended
Cotton,2.1,10000,0.5,0.3680392156862745,High,1573_im_2.png,Blended
Cotton,2.1,10000,0.5,0.3680392156862745,High,1776_im_2.png,Blended
Cotton,2.1,10000,0.5,0.3680392156862745,High,1622_im_2.png,Blended
Cotton,2.1,10000,0.5,0.3680392156862745,High,1672_im_2.png,Blended
Cotton,2.1,10000,0.5,0.3680392156862745,High,165_im_2.png,Blended
Cotton,2.1,10000,0.5,0.3680392156862745,High,1811_im_2.png,Blended
Cotton,2.1,10000,0.5,0.3680392156862745,High,1633_im_2.png,Blended
Cotton,2.1,10000,0.5,0.3680392156862745,High,134_im_2.png,Blended
Cotton,2.1,10000,0.5,0.3680392156862745,High,533_im_2.png,Blended
Cotton,2.1,10000,0.5,0.3680392156862745,High,989_im_2.png,Blended
Cotton,2.1,10000,0.5,0.3680392156862745,High,874_im_2.png,Blended
Cotton,2.1,10000,0.5,0.3680392156862745,High,1208_im_2.png,Blended
Cotton,2.1,10000,0.5,0.3680392156862745,High,1035_im_2.png,Blended
Cotton,2.1,10000,0.5,0.3680392156862745,High,1829_im_2.png,Blended
Cotton,2.1,10000,0.5,0.3680392156862745,High,1666_im_2.png,Blended
Cotton,2.1,10000,0.5,0.3680392156862745,High,309_im_2.png,Blended
Cotton,2.1,10000,0.5,0.3680392156862745,High,14_im_2.png,Blended
Cotton,2.1,10000,0.5,0.3680392156862745,High,1536_im_2.png,Blended
Cotton,2.1,10000,0.5,0.3680392156862745,High,577_im_2.png,Blended
Cotton,2.1,10000,0.5,0.3680392156862745,High,392_im_2.png,Blended
Cotton,2.1,10000,0.5,0.3680392156862745,High,1115_im_2.png,Blended
Cotton,2.1,10000,0.5,0.3680392156862745,High,1548_im_2.png,Blended
Cotton,2.1,10000,0.5,0.3680392156862745,High,1625_im_2.png,Blended
Cotton,2.1,10000,0.5,0.3680392156862745,High,1785_im_2.png,Blended
Cotton,2.1,10000,0.5,0.3680392156862745,High,126_im_2.png,Blended
Cotton,2.1,10000,0.5,0.3680392156862745,High,311_im_2.png,Blended
Cotton,2.1,10000,0.5,0.3680392156862745,High,1629_im_2.png,Blended
Cotton,2.1,10000,0.5,0.3680392156862745,High,1036_im_2.png,Blended
Cotton,2.1,10000,0.5,0.3680392156862745,High,1186_im_2.png,Blended
Cotton,2.1,10000,0.5,0.3680392156862745,High,1540_im_2.png,Blended
Cotton,2.1,10000,0.5,0.3680392156862745,High,1133_im_2.png,Blended
Cotton,2.1,10000,0.5,0.3680392156862745,High,1823_im_2.png,Blended
Cotton,2.1,10000,0.5,0.3680392156862745,High,585_im_2.png,Blended
Cotton,2.1,10000,0.5,0.3680392156862745,High,1726_im_2.png,Blended
Cotton,2.1,10000,0.5,0.3680392156862745,High,1634_im_2.png,Blended
Cotton,2.1,10000,0.5,0.3680392156862745,High,556_im_2.png,Blended
Cotton,2.1,10000,0.5,0.3680392156862745,High,678_im_2.png,Blended
Cotton,2.1,10000,0.5,0.3680392156862745,High,1637_im_2.png,Blended
Cotton,2.1,10000,0.5,0.3680392156862745,High,1417_im_2.png,Blended
Cotton,2.1,10000,0.5,0.3680392156862745,High,297_im_2.png,Blended
Cotton,2.1,10000,0.5,0.3680392156862745,High,1890_im_2.png,Blended
Cotton,2.1,10000,0.5,0.3680392156862745,High,1569_im_2.png,Blended
Cotton,2.1,10000,0.5,0.3680392156862745,High,166_im_2.png,Blended
Cotton,2.1,10000,0.5,0.3680392156862745,High,1675_im_2.png,Blended
Cotton,2.1,10000,0.5,0.3680392156862745,High,1098_im_2.png,Blended
Cotton,2.1,10000,0.5,0.3680392156862745,High,1697_im_2.png,Blended
Cotton,2.1,10000,0.5,0.3680392156862745,High,1842_im_2.png,Blended
Cotton,2.1,10000,0.5,0.3680392156862745,High,1777_im_2.png,Blended
Cotton,2.1,10000,0.5,0.3680392156862745,High,942_im_2.png,Blended
Cotton,2.1,10000,0.5,0.3680392156862745,High,953_im_2.png,Blended
Cotton,2.1,10000,0.5,0.3680392156862745,High,317_im_2.png,Blended
Cotton,2.1,10000,0.5,0.3680392156862745,High,306_im_2.png,Blended
Cotton,2.1,10000,0.5,0.3680392156862745,High,668_im_2.png,Blended
Cotton,2.1,10000,0.5,0.3680392156862745,High,1547_im_2.png,Blended
Cotton,2.1,10000,0.5,0.3680392156862745,High,314_im_2.png,Blended
Cotton,2.1,10000,0.5,0.3680392156862745,High,663_im_2.png,Blended
Cotton,2.1,10000,0.5,0.3680392156862745,High,1642_im_2.png,Blended
Cotton,2.1,10000,0.5,0.3680392156862745,High,1827_im_2.png,Blended
Cotton,2.1,10000,0.5,0.3680392156862745,High,509_im_2.png,Blended
Cotton,2.1,10000,0.5,0.3680392156862745,High,1550_im_2.png,Blended
Cotton,2.1,10000,0.5,0.3680392156862745,High,1825_im_2.png,Blended
Cotton,2.1,10000,0.5,0.3680392156862745,High,1542_im_2.png,Blended
Cotton,2.1,10000,0.5,0.3680392156862745,High,1097_im_2.png,Blended
Cotton,2.1,10000,0.5,0.3680392156862745,High,916_im_2.png,Blended
Cotton,2.1,10000,0.5,0.3680392156862745,High,992_im_2.png,Blended
Cotton,2.1,10000,0.5,0.3680392156862745,High,1531_im_2.png,Blended
Cotton,2.1,10000,0.5,0.3680392156862745,High,1667_im_2.png,Blended
Cotton,2.1,10000,0.5,0.3680392156862745,High,1638_im_2.png,Blended
Cotton,2.1,10000,0.5,0.3680392156862745,High,1465_im_2.png,Blended
Cotton,2.1,10000,0.5,0.3680392156862745,High,58_im_2.png,Blended
Cotton,2.1,10000,0.5,0.3680392156862745,High,1530_im_2.png,Blended
Cotton,2.1,10000,0.5,0.3680392156862745,High,1822_im_2.png,Blended
Cotton,2.1,10000,0.5,0.3680392156862745,High,1742_im_2.png,Blended
Cotton,2.1,10000,0.5,0.3680392156862745,High,941_im_2.png,Blended
Cotton,2.1,10000,0.5,0.3680392156862745,High,520_im_2.png,Blended
Cotton,2.1,10000,0.5,0.3680392156862745,High,472_im_2.png,Blended
Cotton,2.1,10000,0.5,0.3680392156862745,High,1541_im_2.png,Blended
Cotton,2.1,10000,0.5,0.3680392156862745,High,925_im_2.png,Blended
Cotton,2.1,10000,0.5,0.3680392156862745,High,675_im_2.png,Blended
Cotton,2.1,10000,0.5,0.3680392156862745,High,1891_im_2.png,Blended
Cotton,2.1,10000,0.5,0.3680392156862745,High,1173_im_2.png,Blended
Cotton,2.1,10000,0.5,0.3680392156862745,High,1894_im_2.png,Blended
Cotton,2.1,10000,0.5,0.3680392156862745,High,1783_im_2.png,Blended
Cotton,2.1,10000,0.5,0.3680392156862745,High,1627_im_2.png,Blended
Cotton,2.1,10000,0.5,0.3680392156862745,High,1037_im_2.png,Blended
Cotton,2.1,10000,0.5,0.3680392156862745,High,1571_im_2.png,Blended
Cotton,2.1,10000,0.5,0.3680392156862745,High,1677_im_2.png,Blended
Cotton,2.1,10000,0.5,0.3680392156862745,High,1921_im_2.png,Blended
Cotton,2.1,10000,0.5,0.3680392156862745,High,1821_im_2.png,Blended
Cotton,2.1,10000,0.5,0.3680392156862745,High,340_im_2.png,Blended
Cotton,2.1,10000,0.5,0.3680392156862745,High,1116_im_2.png,Blended
Cotton,2.1,10000,0.5,0.3680392156862745,High,1860_im_2.png,Blended
Cotton,2.1,10000,0.5,0.3680392156862745,High,1176_im_2.png,Blended
Cotton,2.1,10000,0.5,0.3680392156862745,High,586_im_2.png,Blended
Cotton,2.1,10000,0.5,0.3680392156862745,High,683_im_2.png,Blended
Cotton,2.1,10000,0.5,0.3680392156862745,High,81_im_2.png,Blended
Cotton,2.1,10000,0.5,0.3680392156862745,High,1673_im_2.png,Blended
Cotton,2.1,10000,0.5,0.3680392156862745,High,222_im_2.png,Blended
Cotton,2.1,10000,0.5,0.3680392156862745,High,884_im_2.png,Blended
Cotton,2.1,10000,0.5,0.3680392156862745,High,116_im_2.png,Blended
Cotton,2.1,10000,0.5,0.3680392156862745,High,935_im_2.png,Blended
Cotton,2.1,10000,0.5,0.3680392156862745,High,1559_im_2.png,Blended
Cotton,2.1,10000,0.5,0.3680392156862745,High,119_im_2.png,Viscose
Cotton,2.1,10000,0.5,0.3680392156862745,High,91_im_2.png,Viscose
Cotton,2.1,10000,0.5,0.3680392156862745,High,156_im_2.png,Viscose
Cotton,2.1,10000,0.5,0.3680392156862745,High,186_im_2.png,Viscose
Cotton,2.1,10000,0.5,0.3680392156862745,High,90_im_2.png,Viscose
Cotton,2.1,10000,0.5,0.3680392156862745,High,155_im_2.png,Viscose
Cotton,2.1,10000,0.5,0.3680392156862745,High,171_im_2.png,Viscose
Cotton,2.1,10000,0.5,0.3680392156862745,High,42_im_2.png,Viscose
Cotton,2.1,10000,0.5,0.3680392156862745,High,137_im_2.png,Viscose
Cotton,2.1,10000,0.5,0.3680392156862745,High,208_im_2.png,Viscose
Cotton,2.1,10000,0.5,0.3680392156862745,High,200_im_2.png,Viscose
Cotton,2.1,10000,0.5,0.3680392156862745,High,280_im_2.png,Viscose
Cotton,2.1,10000,0.5,0.3680392156862745,High,199_im_2.png,Viscose
Cotton,2.1,10000,0.5,0.3680392156862745,High,196_im_2.png,Viscose
Cotton,2.1,10000,0.5,0.3680392156862745,High,281_im_2.png,Viscose
Cotton,2.1,10000,0.5,0.3680392156862745,High,207_im_2.png,Viscose
Cotton,2.1,10000,0.5,0.3680392156862745,High,136_im_2.png,Viscose
Cotton,2.1,10000,0.5,0.3680392156862745,High,158_im_2.png,Viscose
Cotton,2.1,10000,0.5,0.3680392156862745,High,172_im_2.png,Viscose
Cotton,2.1,10000,0.5,0.3680392156862745,High,48_im_2.png,Viscose
Cotton,2.1,10000,0.5,0.3680392156862745,High,197_im_2.png,Viscose
Cotton,2.1,10000,0.5,0.3680392156862745,High,191_im_2.png,Viscose
Cotton,2.1,10000,0.5,0.3680392156862745,High,189_im_2.png,Viscose
Cotton,2.1,10000,0.5,0.3680392156862745,High,46_im_2.png,Viscose
Cotton,2.1,10000,0.5,0.3680392156862745,High,185_im_2.png,Viscose
Cotton,2.1,10000,0.5,0.3680392156862745,High,26_im_2.png,Viscose
Cotton,2.1,10000,0.5,0.3680392156862745,High,201_im_2.png,Viscose
Cotton,2.1,10000,0.5,0.3680392156862745,High,190_im_2.png,Viscose
Cotton,2.1,10000,0.5,0.3680392156862745,High,98_im_2.png,Viscose
Cotton,2.1,10000,0.5,0.3680392156862745,High,198_im_2.png,Viscose
Cotton,2.1,10000,0.5,0.3680392156862745,High,279_im_2.png,Viscose
Cotton,2.1,10000,0.5,0.3680392156862745,High,54_im_2.png,Viscose
Cotton,2.1,10000,0.5,0.3680392156862745,High,157_im_2.png,Viscose
Cotton,2.1,10000,0.5,0.3680392156862745,High,118_im_2.png,Viscose
Cotton,2.1,10000,0.5,0.3680392156862745,High,853_im_2.png,Chenille
Cotton,2.1,10000,0.5,0.3680392156862745,High,862_im_2.png,Chenille
Cotton,2.1,10000,0.5,0.3680392156862745,High,855_im_2.png,Chenille
Cotton,2.1,10000,0.5,0.3680392156862745,High,852_im_2.png,Chenille
Cotton,2.1,10000,0.5,0.3680392156862745,High,857_im_2.png,Chenille
Cotton,2.1,10000,0.5,0.3680392156862745,High,858_im_2.png,Chenille
Cotton,2.1,10000,0.5,0.3680392156862745,High,864_im_2.png,Chenille
Cotton,2.1,10000,0.5,0.3680392156862745,High,854_im_2.png,Chenille
Cotton,2.1,10000,0.5,0.3680392156862745,High,859_im_2.png,Chenille
