product_id,Material_Type,Eco_Friendly_Manufacturing,Carbon_Footprint_MT,Water_Usage_Liters,Waste_Production_KG,Recycling_Programs,Certifications,Sustainability_Rating
1,4,0,1.75,4511152.79,97844.11,0,2,1
2,5,1,124.39,1951566.31,37267.75,0,2,1
3,5,0,336.66,467454.52,38385.92,0,0,4
4,0,0,152.04,899576.9,32665.45,0,3,1
5,0,1,415.63,1809219.9,37295.47,1,1,1
6,3,0,447.65,2244115.38,69017.63,1,0,3
7,1,1,345.64,1020265.49,18373.35,0,2,4
8,4,0,336.7,3847649.16,28717.69,0,3,2
9,3,1,386.68,1494891.28,45916.88,1,2,1
10,2,1,417.76,3489944.51,50610.02,1,1,3
11,4,1,164.83,4380926.36,39252.99,1,2,3
12,0,0,215.43,4210420.72,88315.18,1,3,1
13,3,1,227.94,1040405.39,98864.61,0,2,2
14,3,0,335.15,1068529.66,20532.15,0,2,1
15,0,0,173.93,434142.38,46905.65,0,2,3
16,5,0,489.19,1549017.38,17075.64,1,2,3
17,5,1,375.74,3398780.12,75519.58,1,0,1
18,3,1,240.91,4088887.9,53391.1,1,2,3
19,3,0,411.26,3981108.89,98686.02,1,0,1
20,2,0,234.31,2678432.31,40469.98,0,2,2
21,5,1,181.28,1471160.32,8540.04,1,3,2
22,2,1,72.78,4564734.97,68343.61,0,3,1
23,4,0,60.14,404782.57,11022.95,0,0,2
24,1,0,184.09,2206445.72,13839.54,1,2,3
25,0,1,157.86,1103107.94,23052.1,1,0,4
26,4,1,148.28,3912838.88,57197.09,0,3,1
27,5,1,356.24,2261695.47,78206.66,0,1,1
28,3,1,292.76,1978759.25,33864.19,1,1,3
29,5,0,485.95,1745500.04,84480.28,0,2,4
30,3,0,480.24,2518993.55,30367.21,0,1,2
31,3,1,255.32,4642986.14,63309.79,0,1,1
32,1,0,478.34,4592843.93,93815.42,0,0,2
33,2,0,418.25,2416857.95,11371.3,0,1,3
34,4,0,124.81,3578456.07,41009.2,0,2,4
35,1,1,295.57,2208679.26,88617.25,1,2,1
36,5,1,434.37,4485908.7,40551.74,0,3,4
37,3,1,315.39,4238166.74,85154.11,1,1,3
38,4,1,202.43,2935889.82,80999.76,0,0,1
39,1,0,288.0,2328411.6,76891.7,1,3,3
40,4,0,465.37,3438997.67,33956.03,0,0,4
41,5,0,58.32,2938317.57,4671.87,1,3,2
42,4,1,317.44,3386658.66,9311.63,0,0,1
43,5,1,83.24,65384.37,81487.65,1,3,3
44,5,1,168.32,3411667.16,24814.84,1,1,3
45,3,1,134.29,1675918.75,13866.46,1,2,3
46,0,0,176.94,1706304.02,98388.45,1,1,2
47,3,1,459.57,1262304.83,91860.83,1,1,3
48,3,1,317.48,3250619.98,14502.18,1,0,4
49,3,1,118.12,2650618.81,97895.52,0,1,2
50,3,0,448.75,2427744.85,35739.14,0,3,3
51,0,1,346.21,4431517.33,93177.22,1,0,1
52,1,0,221.83,3232837.62,97765.16,1,3,1
53,4,1,474.7,1580162.53,22732.05,0,2,2
54,5,1,74.32,4110376.09,89038.36,1,1,1
55,4,1,394.67,1424293.75,28854.77,1,1,2
56,5,0,121.11,1357557.81,69593.07,0,0,4
57,4,0,204.09,1863153.5,26493.93,0,3,3
58,5,1,77.71,1880107.35,30899.97,0,3,1
59,2,1,343.04,2475171.71,27182.05,0,0,3
60,5,0,358.73,1568552.21,78799.16,0,0,3
61,4,1,204.77,1962249.61,35066.22,0,3,2
62,2,1,75.48,4650439.21,28599.2,1,0,2
63,3,0,44.34,2044130.86,2395.39,0,3,1
64,3,0,199.92,2488315.29,74339.23,0,2,2
65,5,1,291.79,3203689.5,50000.66,0,2,1
66,5,1,475.14,4548945.26,42811.53,0,3,2
67,5,0,152.06,3389499.28,58440.36,0,2,1
68,4,0,264.41,2637824.7,7912.57,0,3,3
69,5,0,364.82,2186640.3,5824.14,0,0,3
70,5,1,384.95,3477669.16,24539.14,0,0,3
71,0,0,53.16,357792.7,59407.19,0,0,1
72,4,1,123.64,4612093.6,56884.63,0,1,4
73,5,0,347.56,3505851.91,51945.53,0,2,2
74,4,0,186.63,2218131.45,98925.73,1,2,2
75,2,0,252.22,958875.53,53722.85,1,0,3
76,3,0,481.39,4906438.37,27322.55,0,1,3
77,1,1,242.61,1934618.84,63190.78,0,2,1
78,3,0,427.13,3641910.27,17326.87,1,3,3
79,0,1,47.65,1331967.52,18425.04,1,2,4
80,1,1,360.09,3732137.92,77538.73,0,1,4
81,1,0,316.7,1408780.91,51791.04,1,2,2
82,5,1,63.55,3546692.49,61813.16,1,1,1
83,5,0,409.37,1329572.99,70682.62,1,0,4
84,4,0,18.34,1971538.81,49206.09,0,1,4
85,4,1,419.84,4900485.4,92114.78,1,1,1
86,5,0,279.42,3242822.34,59473.38,1,0,3
87,0,0,17.89,2958385.59,30934.79,0,2,2
88,1,0,178.13,3408139.71,66214.85,0,1,2
89,0,0,149.42,105902.81,15054.43,0,3,1
90,3,0,233.99,2595245.48,41516.78,0,1,4
91,1,0,359.68,2487675.57,62073.72,0,0,3
92,2,1,197.43,3327856.95,1026.38,0,2,2
93,0,0,12.75,2839840.43,70815.72,1,0,4
94,4,1,291.47,2972854.6,37791.12,1,3,1
95,1,1,125.39,1453757.85,29933.59,0,3,2
96,5,1,147.3,2497654.23,11487.46,0,3,3
97,4,1,441.4,3541423.74,84810.02,0,2,4
98,2,0,437.36,4610075.73,55101.57,1,1,4
99,0,0,394.71,3737612.39,47507.88,1,1,1
100,3,0,54.25,4598900.27,1203.32,0,1,3
101,1,0,499.82,4390878.58,75657.34,0,2,3
102,4,1,190.42,1482288.75,41553.33,0,1,3
103,1,0,499.89,4771068.92,84972.17,0,3,4
104,4,0,297.74,1168392.22,9798.28,1,0,4
105,2,0,296.75,3925788.39,84842.78,0,0,2
106,4,0,305.66,2630130.72,43360.72,1,1,3
107,2,1,95.73,3643293.99,46696.11,0,3,3
108,0,1,445.67,4773997.53,54824.14,1,1,2
109,1,0,332.24,1819385.59,95549.41,0,1,3
110,0,1,15.44,3331973.79,5114.72,1,1,2
111,0,1,164.31,3982288.22,60704.84,0,2,3
112,1,1,374.79,581419.83,40911.13,1,1,4
113,4,0,184.92,262604.96,63384.21,0,3,1
114,3,0,351.17,4076142.85,22978.82,1,2,3
115,3,0,309.84,3542368.46,11357.08,1,3,4
116,1,1,482.8,757408.83,62932.02,1,0,3
117,1,0,243.15,3172294.5,98984.45,0,3,3
118,1,1,1.61,4070653.06,45663.62,1,0,1
119,2,0,302.58,3627022.42,24060.1,0,2,2
120,5,0,58.51,4706391.87,10851.45,0,3,1
121,0,1,321.76,768139.01,45242.69,0,3,2
122,4,0,72.99,3543945.17,78175.07,0,0,2
123,4,1,268.11,3333587.49,55919.39,1,3,2
124,4,0,367.23,4428538.42,16475.73,1,2,2
125,3,1,484.3,4159619.25,33831.46,1,0,3
126,4,1,464.76,2823867.02,90445.27,0,0,4
127,5,0,49.09,1488899.49,34403.32,1,3,3
128,1,1,376.08,2280369.67,41246.45,0,1,4
129,2,0,112.55,4600761.17,24615.69,1,2,1
130,3,1,194.09,2297024.64,30322.01,1,0,3
131,1,0,310.24,3058443.05,71771.27,1,2,4
132,5,0,171.53,4349678.82,6898.77,1,2,3
133,0,0,94.76,76517.96,23062.35,0,1,3
134,2,0,147.84,4602705.14,45328.91,0,2,1
135,2,0,236.5,3297390.45,47502.47,1,2,4
136,1,0,274.42,2911175.45,72056.77,1,2,3
137,1,1,229.15,2277871.36,63581.26,0,2,3
138,2,1,40.01,3984337.24,28204.78,1,2,3
139,0,1,380.3,4427311.21,47574.38,0,3,4
140,0,1,295.12,3964493.5,42549.18,1,0,1
141,2,1,1.33,3407000.65,96799.08,1,2,2
142,0,1,344.71,406930.47,79639.11,0,1,4
143,1,0,402.76,1982948.35,34682.73,0,2,4
144,2,1,307.52,3731017.24,59023.01,0,0,1
145,5,0,378.19,1315561.96,43522.71,0,3,1
146,3,0,92.96,858534.76,10347.49,1,2,3
147,0,1,128.26,209134.71,14174.67,0,1,3
148,4,0,409.84,3747225.25,29074.79,1,3,4
149,1,0,429.34,54484.49,17209.58,0,2,4
150,2,1,229.33,4895683.9,96516.5,1,1,4
151,0,1,431.56,4947047.2,76475.84,0,2,2
152,5,0,463.02,3119576.1,97898.86,1,0,4
153,5,1,316.26,1723552.02,27806.8,1,0,2
154,5,0,441.9,3897505.37,58605.69,1,0,1
155,1,0,207.42,3206140.55,82538.61,1,1,3
156,0,0,215.83,3252720.54,41294.92,0,2,4
157,4,1,85.62,4575682.55,66804.49,1,2,2
158,4,0,45.97,3431078.72,42577.35,1,3,2
159,1,1,113.24,3792173.73,20182.93,0,2,3
160,3,1,135.93,4604643.49,21353.76,0,3,1
161,5,0,409.95,4235223.46,67203.66,1,2,2
162,2,1,187.78,2447833.25,43866.04,1,2,1
163,1,0,456.1,4076570.42,32729.28,0,1,4
164,1,1,393.08,417763.86,49542.77,0,0,1
165,5,1,358.33,3127245.84,86674.08,1,3,3
166,1,1,60.27,2970341.87,58607.16,0,2,1
167,0,0,401.5,182462.67,63446.83,0,2,4
168,3,1,52.33,1991922.54,89818.41,1,1,4
169,5,1,170.42,2364473.29,29751.48,1,2,1
170,0,0,316.91,1521750.57,60810.32,0,2,2
171,3,0,440.72,1131876.86,19126.25,1,2,4
172,5,1,252.89,3592593.46,92908.39,1,1,1
173,1,1,354.79,4097191.58,11195.55,1,2,4
174,3,0,9.25,3018460.08,28390.56,1,0,2
175,0,0,39.92,199893.69,43999.6,0,2,3
176,3,1,215.87,3456943.82,58520.48,0,1,2
177,1,0,22.95,3253387.11,74409.86,0,3,1
178,4,0,368.3,3282464.12,15895.44,1,1,4
179,3,1,360.08,786734.6,23578.97,0,3,3
180,5,0,476.19,3180896.37,34466.59,0,2,1
181,2,0,244.42,3957474.39,20465.35,1,2,2
182,0,0,473.36,1782635.86,8835.13,1,0,4
183,3,1,361.5,2582180.84,60117.7,0,0,3
184,0,1,248.57,1871302.45,9327.98,0,3,4
185,0,1,456.18,2298106.26,27290.31,1,0,1
186,0,1,378.81,4844735.17,68574.16,1,3,4
187,3,0,231.13,3424325.21,70666.53,0,1,2
188,2,0,30.14,3625310.39,87699.99,1,0,3
189,1,1,424.64,2608089.35,50577.02,1,2,2
190,3,0,358.62,2880415.06,62712.33,1,3,2
191,5,0,212.98,3320356.38,6752.44,1,2,3
192,0,1,405.24,3048329.01,76273.29,0,1,1
193,5,0,429.1,3040963.86,97688.11,0,3,4
194,2,0,405.73,1261626.18,7281.79,0,3,3
195,0,1,241.81,2263789.87,53968.69,1,0,4
196,4,0,268.02,1902924.59,14200.93,0,1,3
197,0,0,489.8,2188946.02,24376.21,1,0,4
198,2,1,342.09,2545356.06,16136.8,0,1,4
199,1,0,188.71,2388298.54,40810.24,1,3,3
200,4,0,235.52,2357676.46,37785.6,0,0,4
201,4,1,21.21,3735763.17,40921.6,0,0,1
202,3,0,314.68,279217.99,97637.91,0,2,3
203,1,1,370.35,174958.64,32439.23,0,2,4
204,0,0,428.15,4278770.23,41612.19,1,2,3
205,2,0,391.59,381064.38,59819.43,0,3,2
206,1,1,105.99,2376533.15,42301.34,1,2,2
207,3,1,341.15,3977970.71,19036.08,0,0,3
208,0,0,378.96,3538383.43,46348.86,1,2,4
209,0,0,416.73,3947337.39,88881.07,0,3,2
210,0,0,274.48,4611213.12,50524.49,0,3,1
211,1,1,249.48,1669637.51,61559.0,1,2,3
212,2,0,307.03,1977925.04,93930.71,1,3,4
213,5,1,146.9,2888736.49,25305.94,0,3,3
214,4,0,84.22,4834356.76,82780.35,1,3,2
215,1,0,292.56,2826311.89,25654.3,0,3,4
216,3,0,288.15,1341652.16,73498.48,1,1,2
217,0,1,158.6,4626059.81,73967.7,0,0,2
218,3,0,111.47,4113496.87,90494.24,0,2,1
219,0,1,227.96,3890391.92,33710.74,1,2,3
220,1,1,421.99,295419.6,81480.02,0,1,1
221,1,0,460.59,1087178.59,16766.49,0,3,4
222,3,0,64.95,179431.01,44900.82,1,0,2
223,0,0,451.3,203329.13,26472.94,1,0,1
224,0,1,101.57,1115145.63,48201.13,0,3,3
225,3,1,317.71,1842437.73,66520.48,1,1,2
226,3,1,82.69,4421283.9,47982.06,0,1,2
227,3,1,92.62,3965263.66,65421.2,0,0,3
228,5,0,18.94,838928.41,36003.89,1,3,1
229,1,0,246.43,3263741.45,6177.09,0,1,2
230,0,1,109.86,4313210.42,33106.79,1,0,2
231,0,1,186.18,4555852.04,45798.65,0,0,2
232,0,0,468.72,1856635.79,97962.21,0,2,1
233,4,0,153.28,1610499.22,48552.21,0,2,3
234,2,1,175.69,1854383.31,55037.31,1,3,1
235,1,0,182.74,476772.03,81231.84,0,0,2
236,0,0,218.29,1224197.33,1756.57,1,0,4
237,5,1,242.69,2546119.76,45770.2,1,1,2
238,1,1,93.85,1154039.08,34386.65,0,2,2
239,4,1,232.78,2719635.79,13820.9,1,2,2
240,5,0,299.79,1583652.84,7923.49,1,2,4
241,1,1,155.25,3514888.93,41578.57,0,0,1
242,3,0,110.91,1416583.03,88478.0,0,3,3
243,1,1,233.8,2525104.91,74594.21,1,2,4
244,3,0,412.2,3102335.14,2979.28,1,1,2
245,0,0,347.55,3391509.89,11004.88,1,2,1
246,5,1,342.44,1707917.21,93574.99,1,1,3
247,1,0,330.19,2544666.29,50093.44,1,3,4
248,2,0,130.83,3251702.31,57570.41,1,2,3
249,4,1,381.07,3532037.08,51894.28,1,2,2
250,1,0,285.18,3174834.11,49732.34,0,2,2
251,0,0,200.8,2273686.14,25016.14,0,2,1
252,4,0,240.45,3862388.49,53205.79,1,0,3
253,5,1,429.31,1711165.29,38929.02,0,0,2
254,4,1,426.88,233853.33,40305.81,1,2,1
255,2,1,445.94,4219453.35,16867.51,0,0,1
256,4,1,92.04,3302579.86,36972.8,0,2,3
257,0,1,257.55,4228678.0,57248.59,0,1,1
258,4,0,95.04,3371818.05,67591.97,0,1,1
259,3,1,71.81,546189.02,43746.73,0,1,3
260,3,0,247.08,2050795.79,95320.79,0,0,4
261,3,1,279.67,1070856.35,68331.45,1,1,3
262,5,0,473.58,1669616.21,95790.93,0,0,2
263,0,0,291.23,4111432.76,90327.33,0,2,3
264,3,0,189.13,3595068.12,10319.44,1,3,3
265,4,1,128.36,4930518.62,11960.54,1,1,4
266,2,1,86.69,2022535.26,66621.05,1,2,3
267,2,0,33.19,805391.19,85326.01,1,1,4
268,1,1,441.86,493338.39,76112.03,0,0,4
269,1,0,469.99,3651352.1,31182.5,1,0,1
270,3,1,370.32,91423.69,96637.83,0,3,2
271,5,1,290.71,267076.88,62010.62,1,1,1
272,0,0,81.98,604010.15,46063.12,0,0,3
273,5,1,266.21,2553304.72,92564.83,1,3,2
274,3,1,159.92,3514061.14,5821.49,1,2,2
275,3,1,201.0,1525468.84,69895.58,1,0,3
276,0,1,188.89,4508670.45,84953.64,0,3,2
277,0,1,325.16,1905318.69,61017.52,1,2,1
278,4,1,268.05,3257393.89,34821.94,0,2,1
279,3,1,49.65,4217200.78,32991.78,0,0,1
280,2,1,403.74,4734369.86,60175.21,0,2,1
281,2,0,217.15,3396888.68,69574.9,0,2,1
282,4,1,431.43,631831.66,78198.83,1,0,2
283,3,0,293.46,686442.68,95261.57,1,2,2
284,4,1,3.58,3983398.15,34366.34,1,0,1
285,0,0,494.61,4779130.49,12212.4,1,3,4
286,4,0,218.0,114093.6,98091.37,0,3,1
287,3,1,293.87,2733977.16,74862.6,0,0,3
288,1,1,346.28,204456.96,7098.54,1,2,3
289,1,1,386.41,3084607.87,88243.89,1,2,3
290,5,1,388.35,1494494.83,92200.02,0,2,2
291,1,0,75.22,3367967.17,35035.28,0,3,1
292,2,1,417.55,4447290.49,58208.95,0,2,1
293,3,1,382.34,429079.99,8282.33,0,2,3
294,3,1,214.55,1436548.82,41940.2,0,0,2
295,4,1,361.16,1418808.35,86084.42,1,1,2
296,5,0,353.66,4526066.5,77346.87,1,1,2
297,5,0,231.86,633550.34,93929.29,1,3,2
298,1,1,444.64,3391473.42,7432.5,1,0,4
299,5,1,369.27,3033377.71,78010.68,1,0,4
300,0,0,17.72,2214309.98,27219.27,0,3,1
301,4,0,16.06,2063060.47,78908.07,0,0,2
302,5,1,26.0,75879.18,28608.67,0,1,3
303,2,1,79.98,1065832.36,55416.96,1,3,1
304,5,1,96.71,3621038.88,10891.97,1,3,4
305,3,1,342.75,2790245.13,60111.4,0,1,2
306,5,1,207.74,1998801.61,35769.73,1,3,3
307,0,0,59.51,3594533.66,1343.91,0,0,3
308,3,1,270.66,3814256.14,74723.9,1,2,4
309,0,0,208.05,3706960.31,5665.43,1,1,3
310,5,1,319.9,1018127.88,99898.66,0,0,1
311,0,0,173.35,4205654.46,6463.05,1,0,4
312,1,0,95.45,3686917.73,90258.29,1,0,3
313,2,0,137.05,2654537.88,52094.2,1,0,2
314,1,0,73.86,1690745.29,23152.18,0,1,4
315,1,0,128.07,1238469.56,54421.74,1,0,2
316,3,1,246.54,3168122.69,54295.5,0,0,3
317,3,0,463.64,918953.86,69613.53,1,0,3
318,5,1,26.56,3003710.98,96000.36,0,0,3
319,1,1,257.09,3991350.14,23397.26,0,2,1
320,0,1,472.72,464476.71,26009.83,1,2,2
321,3,0,317.26,160691.41,23177.0,1,2,2
322,0,1,52.62,4556696.16,87148.52,1,2,2
323,3,0,179.77,827124.39,84339.09,1,1,1
324,3,1,310.49,1272488.93,12390.3,0,2,4
325,1,0,17.33,460485.41,2556.61,1,3,1
326,4,1,153.37,836182.93,42677.17,1,3,2
327,3,0,37.6,1049306.07,82455.06,1,0,4
328,0,0,42.36,1583260.58,94792.1,1,2,2
329,3,1,335.15,2278847.29,51594.61,0,0,2
330,3,0,286.36,4818202.51,45667.62,1,3,2
331,4,1,176.13,4707828.74,80001.09,0,2,3
332,2,1,354.9,1495895.89,64033.12,1,1,4
333,2,1,218.79,4425403.09,85400.38,1,3,2
334,2,1,187.85,1287023.2,53690.32,0,1,1
335,4,0,357.72,4585286.3,3364.91,0,2,4
336,3,1,302.15,2997800.31,26586.23,0,1,4
337,3,1,185.93,804036.64,96722.35,1,1,3
338,2,0,266.23,1332561.45,55571.32,1,0,4
339,4,0,118.87,2878062.8,14101.45,1,0,4
340,3,0,430.21,605764.0,6785.66,1,2,1
341,0,1,429.68,4244492.73,97692.72,0,0,3
342,3,1,360.25,3688661.47,65832.36,1,3,4
343,2,1,232.89,3393578.46,96650.43,0,2,3
344,5,1,251.71,2947610.36,94518.65,0,2,2
345,4,1,49.75,1231142.49,83016.19,1,3,4
346,4,0,230.52,2839100.87,28158.21,1,3,1
347,5,0,128.36,1760113.79,80497.83,1,3,4
348,4,0,88.04,2048908.5,2261.83,1,0,1
349,4,0,411.45,4014104.59,37178.65,0,3,2
350,5,0,337.74,351357.5,7759.92,1,3,3
351,2,1,210.64,1776026.24,5311.23,0,0,1
352,2,1,400.42,2517413.75,64804.68,0,0,4
353,1,0,246.06,3476034.11,57263.22,0,2,1
354,1,0,123.13,4626364.72,28215.68,1,1,3
355,5,1,306.66,2755208.48,10936.82,0,0,3
356,0,1,255.35,2241228.56,87395.98,1,0,3
357,3,1,289.71,2863506.31,4925.81,0,0,3
358,4,0,382.91,791788.69,57456.69,0,0,1
359,0,1,432.33,3849626.94,20156.23,0,2,3
360,2,0,46.58,2161891.35,6746.85,1,3,4
361,5,1,31.57,3041228.65,56771.7,0,3,1
362,3,0,234.71,3188711.74,95756.49,0,1,1
363,2,1,337.42,1233896.04,52024.34,1,1,2
364,2,1,97.86,3721735.67,46648.3,0,2,4
365,2,0,479.98,834506.51,96359.6,1,3,2
366,1,0,300.89,1403797.51,51651.02,1,3,2
367,5,1,259.39,4217653.48,56376.79,1,0,3
368,0,0,137.37,1994932.05,71832.86,1,2,3
369,5,1,319.87,3368494.49,52147.84,0,0,4
370,1,0,437.15,4755546.84,3281.86,1,2,3
371,2,1,172.19,2301935.12,81300.74,1,3,1
372,3,0,499.6,4512536.49,33451.4,0,3,1
373,0,0,190.23,4666341.85,88242.58,0,1,1
374,5,0,432.32,657953.69,80805.31,1,1,1
375,2,0,456.05,1644292.16,66247.76,1,2,4
376,2,1,318.85,673499.07,62205.53,1,0,4
377,0,0,102.73,3279685.41,60218.23,0,3,2
378,3,1,180.9,3110018.96,9692.65,0,2,2
379,3,1,271.68,2165240.38,40763.45,0,0,2
380,5,0,26.56,2069060.8,85712.97,1,1,3
381,0,0,329.04,1796631.8,14313.67,1,3,2
382,4,0,129.36,4761824.14,85259.98,0,3,4
383,1,1,140.03,2765217.87,95271.9,1,0,3
384,1,1,64.44,4785178.84,72583.02,0,3,3
385,3,0,404.51,2587941.55,76185.15,0,0,1
386,4,0,286.24,595004.11,58735.31,1,0,3
387,1,0,85.24,716327.63,55456.01,0,0,1
388,5,1,194.81,3615897.44,90744.8,0,1,1
389,4,0,304.76,4080428.33,47474.64,0,1,1
390,0,0,39.51,514283.31,91453.97,0,3,2
391,2,0,140.84,4325041.29,1773.11,1,3,2
392,1,1,286.58,4700187.29,93292.4,1,0,3
393,4,1,201.35,155687.52,51009.23,1,1,3
394,0,1,456.03,260365.03,80547.15,1,3,4
395,0,0,61.01,4734444.74,61359.8,0,1,3
396,0,1,59.48,981356.74,61728.06,1,1,3
397,2,0,145.76,3980832.39,63411.32,0,1,4
398,2,1,308.83,4344935.25,36852.24,1,0,3
399,3,1,170.9,4156918.5,11787.06,1,2,1
400,2,1,131.63,3401429.92,43134.5,1,0,2
401,5,1,196.71,4434542.65,64556.12,1,3,4
402,3,0,269.88,1394934.4,44338.35,0,2,4
403,3,0,393.51,2546056.5,30769.8,1,3,4
404,0,1,202.15,2277933.52,87348.4,1,0,2
405,3,1,449.31,2297370.28,87311.03,1,2,3
406,1,0,336.5,4921312.67,51242.17,0,2,4
407,1,1,260.41,2070464.18,29013.0,1,2,1
408,0,1,224.19,1987495.17,40362.93,1,0,1
409,0,1,234.08,4905966.89,36913.34,0,2,3
410,0,0,168.09,395019.09,91874.29,0,3,4
411,4,1,318.99,1636290.41,18901.65,1,2,4
412,1,0,419.46,1410240.05,68787.03,1,3,4
413,1,1,132.4,2548502.46,31324.83,1,3,4
414,1,1,153.23,2322922.19,74339.94,0,0,1
415,0,1,308.26,349475.98,78268.42,1,2,3
416,1,1,103.2,2235208.8,74224.72,0,0,2
417,0,1,109.36,2680038.74,39742.32,0,1,1
418,1,0,293.77,3590757.13,68019.71,1,3,1
419,2,0,373.02,2114511.57,85238.5,0,0,4
420,3,1,427.83,1973837.14,15543.07,0,3,2
421,1,1,396.07,2031559.95,72242.29,1,3,4
422,3,0,449.6,3933264.63,84542.63,0,1,3
423,0,1,491.94,3930911.45,15640.51,1,2,4
424,0,0,424.29,1864729.81,50722.99,0,2,1
425,4,0,486.54,161770.8,42935.52,0,1,4
426,1,0,330.66,2491038.53,9291.28,0,3,1
427,3,1,433.68,1839713.28,81350.18,1,1,1
428,3,0,356.99,4235780.25,43736.26,1,1,1
429,5,1,451.1,4057355.34,29053.67,0,3,4
430,2,1,66.87,4160851.3,32350.46,1,3,3
431,3,0,179.98,4598963.97,31857.63,1,1,1
432,1,0,95.69,3619572.75,50141.12,1,3,3
433,2,1,238.0,4611134.76,31944.35,1,2,2
434,2,0,471.22,3904192.87,81025.65,0,2,4
435,3,0,235.36,366922.84,37983.55,0,1,2
436,5,0,383.41,920021.51,93353.91,0,2,4
437,5,1,353.21,4463631.33,72264.02,1,1,2
438,5,1,11.1,3772339.58,50247.68,1,2,1
439,4,0,479.33,3331125.2,35785.2,1,2,2
440,0,0,437.92,611213.0,20261.44,1,0,1
441,4,1,257.76,4647654.03,66740.2,1,3,2
442,3,0,430.97,601592.62,22891.62,0,2,1
443,2,0,11.3,648907.03,51023.46,0,2,1
444,0,1,33.94,4624110.75,27947.73,1,2,3
445,5,1,275.31,2434527.22,94942.79,1,2,3
446,1,1,294.12,3077996.27,83908.39,1,0,1
447,5,1,137.58,2502829.25,42225.05,1,2,3
448,4,1,317.56,174669.78,42128.46,0,0,3
449,4,0,293.77,730283.5,88534.99,0,3,3
450,2,0,275.39,406789.47,63814.91,0,2,4
451,0,1,73.53,2871686.24,71456.34,1,3,2
452,4,0,346.79,1375683.07,62796.45,0,1,1
453,3,0,65.32,3615345.61,32642.21,1,0,3
454,4,1,65.21,4976169.41,3424.84,0,3,4
455,0,1,476.37,3742558.72,51512.79,1,2,2
456,2,1,207.33,4996484.49,66873.61,0,1,3
457,5,1,163.49,1845785.09,25822.54,1,3,3
458,0,0,187.97,1883933.77,55248.26,0,0,4
459,5,1,228.47,4491568.79,38665.06,1,2,2
460,0,1,85.18,918085.98,38623.44,1,3,2
461,2,0,21.75,4025817.44,35980.1,0,3,3
462,5,0,435.78,1665989.29,74256.77,0,0,2
463,2,1,335.54,2065274.15,50783.84,0,1,4
464,0,1,222.85,182136.0,6549.42,0,1,3
465,3,1,481.22,2495943.65,26644.95,0,0,2
466,0,1,191.38,3611313.2,78928.25,0,0,4
467,2,0,134.85,3339945.0,96335.05,0,0,4
468,5,1,75.17,2537770.16,50120.48,1,0,2
469,0,0,310.98,1874799.11,58455.85,0,2,4
470,3,0,203.85,754336.8,24350.15,0,0,1
471,2,1,201.7,2094645.66,29889.58,0,0,1
472,0,1,7.11,1396459.23,63504.95,1,1,2
473,1,0,307.56,1336645.98,52329.34,1,0,3
474,4,0,336.56,2113858.83,5074.78,1,1,4
475,5,0,422.03,3741722.72,1090.04,0,3,2
476,2,0,17.3,3157564.93,30309.47,0,1,2
477,4,0,374.63,2890443.96,37102.18,0,2,4
478,1,0,45.3,2647194.71,87388.69,0,1,4
479,4,0,14.43,3997164.18,9392.32,1,0,1
480,1,1,280.84,3789488.55,82141.92,1,2,2
481,1,1,30.74,4560087.0,85752.11,0,1,2
482,2,0,198.89,1379286.39,23164.24,1,3,1
483,4,1,235.08,3466936.95,62607.78,0,3,3
484,5,0,333.25,731095.02,59996.84,1,0,2
485,2,0,54.76,3298689.71,9148.76,1,0,4
486,3,1,498.31,4337696.8,34715.82,0,1,3
487,0,0,16.71,215344.69,68531.38,0,3,4
488,4,0,328.94,2671589.23,29015.07,0,3,2
489,0,1,299.71,2358652.35,23233.89,0,2,2
490,2,1,365.08,1991311.55,48021.01,0,1,1
491,3,1,420.49,4705440.12,88149.86,1,2,2
492,0,0,264.11,1972120.03,57494.11,0,1,3
493,0,0,168.64,2306022.72,30732.12,0,1,3
494,1,1,373.74,1856025.14,14625.2,1,0,1
495,0,0,391.13,1729722.26,31817.05,1,3,1
496,0,1,385.2,4180863.13,15162.44,1,0,4
497,2,1,278.92,524391.31,52985.19,0,1,1
498,4,0,126.85,875064.82,37609.27,0,1,3
499,0,1,44.64,1194643.13,86602.57,1,2,3
500,2,1,37.85,4843275.83,61604.41,1,0,2
501,3,0,416.71,524550.59,51521.54,1,2,1
502,4,1,71.04,4822233.5,44244.23,0,0,4
503,5,0,145.78,2418452.62,96610.99,1,1,2
504,4,0,14.53,4983559.94,50064.42,0,2,1
505,3,0,324.73,4641887.85,89099.15,1,3,1
506,3,0,337.81,450083.09,53998.72,0,2,4
507,3,0,75.62,958720.91,97358.66,1,1,2
508,5,1,280.68,1388505.59,76604.95,1,1,3
509,0,1,202.82,3693726.02,39224.05,1,2,3
510,2,0,150.62,313315.63,99747.46,1,2,2
511,4,0,365.78,820950.26,98335.3,0,1,4
512,4,0,102.99,4463849.89,16540.93,0,3,2
513,4,0,301.22,2693331.26,97354.54,1,3,1
514,3,0,92.63,4214698.59,69418.84,0,3,3
515,0,0,186.74,4593832.41,16312.84,1,2,3
516,0,0,363.51,342978.98,62239.22,1,0,3
517,1,1,131.41,272694.64,60920.9,0,1,2
518,4,1,365.57,533828.79,25563.63,0,2,1
519,4,1,296.33,3241499.22,48283.93,0,0,3
520,4,1,370.37,3917809.31,7053.08,1,0,3
521,4,1,168.59,4753632.13,38701.29,0,1,1
522,0,1,178.75,2094135.67,54407.52,1,2,1
523,0,0,427.54,3399782.89,41791.41,1,1,2
524,3,1,251.43,2029889.8,97889.18,1,3,4
525,0,0,50.27,837945.86,87305.49,1,0,4
526,0,0,8.42,2993635.57,47291.24,0,3,1
527,2,0,471.24,2815288.52,53616.13,0,3,2
528,4,1,265.2,892927.35,97032.07,0,0,2
529,5,1,485.88,1180658.15,15017.05,1,2,1
530,3,0,499.25,1939985.79,7145.91,0,1,2
531,2,1,314.56,4555229.3,51644.81,1,1,3
532,1,1,49.25,1017458.2,30786.96,1,0,1
533,5,1,120.71,2680593.82,21225.95,1,2,1
534,0,1,2.62,2378409.73,52209.74,0,3,2
535,1,1,99.8,1392929.52,53702.55,1,0,2
536,4,1,390.65,3847577.53,58756.29,0,3,3
537,0,0,462.72,2376654.56,46035.05,1,2,3
538,1,0,316.3,2796733.27,99891.58,1,2,1
539,4,1,202.45,3717951.16,43820.43,1,0,1
540,3,1,431.4,1580948.18,68180.03,0,3,2
541,3,1,51.66,1977739.54,42873.81,1,2,1
542,2,1,464.1,684042.06,33104.45,1,2,4
543,1,1,497.95,1591197.17,88504.95,1,3,3
544,5,1,461.97,3067498.02,54077.9,0,3,3
545,2,0,22.87,3837569.05,91194.23,1,0,1
546,1,1,264.62,3266274.55,44382.9,0,2,3
547,4,1,319.46,311154.78,17090.83,1,1,1
548,1,1,222.37,2143310.58,68305.5,0,1,1
549,4,0,432.84,79486.54,82961.55,0,3,2
550,1,1,469.03,533980.39,92591.9,0,0,4
551,3,1,242.02,862351.99,14115.78,0,1,4
552,3,1,246.98,1637704.07,42171.35,1,2,1
553,1,1,472.7,4979630.53,6665.8,0,3,1
554,5,1,58.93,1005371.2,79165.58,0,3,3
555,4,1,345.87,670177.98,58061.44,1,0,2
556,1,0,371.86,4318078.65,30860.21,1,2,2
557,0,1,183.24,929151.56,51161.44,0,1,2
558,1,1,409.13,427814.65,70484.15,1,1,1
559,5,0,116.07,4877054.5,2163.83,0,2,3
560,1,0,276.72,503486.21,79029.85,1,2,3
561,2,0,320.74,1994832.3,40048.73,0,3,3
562,5,0,371.45,1277850.61,56454.34,1,2,2
563,4,1,329.09,3319813.36,84052.15,0,1,3
564,4,1,387.37,3778636.44,87304.53,1,2,1
565,2,0,126.01,4584379.6,73934.28,1,1,1
566,2,0,478.6,719352.85,34589.81,0,3,2
567,3,1,423.81,4903183.86,49365.68,0,0,2
568,4,0,372.61,4983654.73,47211.36,0,1,1
569,1,1,57.42,1390260.39,74765.28,1,2,2
570,1,0,3.34,381641.32,79047.03,0,3,4
571,1,0,330.3,2299485.5,52063.82,0,3,4
572,0,0,120.41,1604355.06,74406.09,0,0,4
573,1,1,141.84,3870528.22,95906.77,1,2,1
574,2,1,403.07,3042074.47,88285.66,1,1,2
575,2,0,383.54,1306927.6,85346.44,1,1,3
576,1,1,374.66,2645851.1,99613.01,0,1,4
577,1,1,298.73,707667.93,26757.84,1,2,3
578,2,1,235.96,819671.66,50112.27,1,3,3
579,4,0,320.2,2747678.05,22292.8,0,2,2
580,4,0,155.73,3867723.53,2042.67,1,1,1
581,3,0,361.92,2020313.24,35416.39,1,2,4
582,4,0,393.88,805916.1,27807.09,1,0,3
583,5,0,395.88,148769.93,44159.95,0,3,1
584,1,0,490.57,4690979.25,16365.46,0,2,3
585,0,0,391.19,1009227.39,8188.39,1,3,3
586,4,0,67.23,4838153.88,57899.07,0,2,2
587,3,0,439.75,282362.88,31198.44,1,3,3
588,2,1,417.33,3432873.9,59720.02,0,3,4
589,4,1,246.15,2834343.29,59578.86,0,3,3
590,2,1,415.82,2449826.6,98067.03,0,0,2
591,1,1,403.7,4629553.38,33395.62,1,3,3
592,1,0,362.27,2915327.85,18760.19,0,2,1
593,0,1,477.51,2886301.92,36946.28,1,1,1
594,3,1,86.87,1514293.22,54013.98,1,2,2
595,2,1,316.57,3421563.16,10367.57,1,0,2
596,1,0,305.77,4382865.47,15815.86,1,1,2
597,3,1,245.74,4695532.27,55184.96,1,3,4
598,2,0,328.95,219571.53,20015.98,0,3,4
599,5,0,449.46,570267.76,63169.37,0,2,4
600,3,0,62.97,4990819.08,10074.1,1,0,4
601,3,0,366.55,3375793.32,91756.18,0,2,4
602,1,0,307.29,920975.34,27393.63,0,2,3
603,4,0,428.59,1302015.48,12136.97,1,1,2
604,1,0,299.12,783580.73,9109.28,1,3,2
605,4,1,214.77,1181608.02,56058.19,1,1,3
606,0,1,446.59,3504847.3,38005.94,1,0,1
607,1,0,481.37,1498516.89,32059.13,1,2,3
608,2,0,482.32,1676926.04,48866.01,0,0,3
609,4,0,398.64,2212313.27,10690.05,0,2,4
610,0,1,136.47,2177033.69,36955.25,1,1,1
611,5,1,444.42,1331022.8,27278.93,1,3,2
612,5,0,200.79,1574895.23,13564.93,1,1,2
613,3,0,286.31,2871542.07,11048.18,1,2,4
614,5,1,245.07,2365135.64,32201.5,0,1,4
615,0,0,98.16,4113888.85,24084.34,1,3,3
616,5,0,424.6,3624377.24,16735.72,0,3,2
617,1,0,9.16,593087.2,80832.96,0,1,1
618,0,1,280.52,2629964.32,67758.26,0,2,1
619,5,0,239.95,4310793.18,99172.34,1,3,1
620,4,0,32.99,2622392.99,40055.16,0,1,2
621,0,0,89.0,4446646.07,50314.07,0,1,1
622,0,0,321.74,1229332.67,90012.93,0,2,4
623,2,1,300.42,3782633.32,57155.03,1,3,4
624,1,1,275.56,3008721.44,74246.41,0,1,4
625,1,1,178.31,2783943.38,90381.43,0,3,2
626,3,0,120.73,803538.81,74851.71,1,3,2
627,5,1,359.58,4502676.72,90112.66,1,0,2
628,3,0,176.26,402139.79,6884.51,1,1,1
629,4,1,169.84,2147258.55,70045.29,1,2,4
630,4,1,274.64,3090730.5,18790.86,1,3,1
631,3,0,292.27,3414064.1,1951.57,1,3,4
632,2,1,65.12,3826257.14,74057.44,0,0,2
633,4,0,115.71,3839309.43,3041.12,0,1,2
634,1,1,170.61,3314218.34,4212.8,1,3,4
635,3,0,437.95,1611019.48,33174.07,1,3,2
636,0,0,451.76,702251.32,21084.02,0,3,1
637,0,0,138.51,4889968.2,33991.79,1,2,4
638,5,0,424.24,4815361.58,2168.56,1,0,1
639,1,0,10.49,2256291.69,87474.84,0,2,3
640,4,0,308.8,4169493.13,75103.73,0,0,4
641,5,0,139.97,793416.68,3177.58,0,0,4
642,4,0,422.55,2066620.44,48212.4,0,2,3
643,0,0,447.71,1856658.06,26046.76,1,1,1
644,2,0,348.3,4946002.5,1465.71,0,2,4
645,1,0,170.89,2337929.42,73530.62,1,3,2
646,1,1,61.01,4792098.48,66435.06,0,0,2
647,4,0,386.73,1055911.14,51530.31,1,0,3
648,3,1,321.86,3141658.96,86771.42,0,2,2
649,5,1,378.74,888879.22,83674.12,0,3,2
650,5,0,172.21,1346347.84,45374.52,1,1,1
651,3,1,192.68,4845664.71,70010.56,1,0,3
652,3,1,441.14,3095907.49,54241.68,1,2,3
653,5,0,276.55,3792665.6,40820.32,1,0,4
654,4,0,90.62,3572955.49,70609.74,0,3,4
655,2,1,402.92,1676931.92,42889.72,0,3,3
656,4,1,419.89,3366161.66,19115.57,1,1,1
657,2,0,132.02,3527912.3,68353.35,1,3,1
658,2,0,378.24,4340786.12,22275.23,0,0,3
659,5,1,371.7,2868742.9,7636.18,0,0,1
660,1,1,313.18,1714800.06,10378.57,1,0,1
661,0,0,291.13,4992975.21,9634.7,1,1,2
662,3,0,111.37,2686303.05,39167.21,0,0,3
663,1,0,421.24,1011418.79,74594.12,0,2,1
664,2,1,48.73,1907202.19,14248.7,1,1,3
665,5,0,55.28,4256149.71,46023.43,0,3,3
666,5,1,140.22,588831.44,57675.43,1,1,4
667,3,0,15.31,2969620.22,49550.59,1,3,4
668,0,1,236.99,1310500.24,60075.04,1,2,3
669,5,0,426.97,1443811.41,74135.41,0,3,4
670,5,0,378.86,2658259.72,31925.84,0,0,1
671,5,1,429.28,4359454.26,85757.53,0,3,4
672,2,0,293.02,3762158.15,82760.29,0,0,1
673,2,1,329.83,766279.13,93057.74,0,3,1
674,0,1,324.43,248942.04,19803.53,1,3,3
675,1,1,469.87,4204860.24,96879.99,0,1,3
676,2,1,425.66,3373362.23,94905.88,1,1,2
677,3,1,82.9,2306080.45,10379.22,0,2,4
678,0,0,311.33,2729736.86,54481.36,1,0,2
679,4,0,168.01,1110589.83,2428.69,1,0,2
680,1,0,389.48,3995852.69,76574.88,0,0,4
681,3,0,11.35,2751336.9,62508.72,1,1,2
682,3,1,89.25,4976718.23,16217.25,0,1,2
683,4,0,411.59,4798532.56,70381.24,1,0,4
684,3,1,422.95,801760.92,90809.13,1,3,4
685,3,0,1.52,3600838.66,96422.44,0,1,4
686,3,1,75.88,3548805.15,15098.35,0,2,2
687,3,1,66.48,223269.02,12377.96,0,2,4
688,2,1,188.54,4376452.2,22429.15,1,2,1
689,5,1,355.02,1003753.86,57508.24,0,2,4
690,1,1,352.97,3837351.72,56349.78,1,0,3
691,4,1,268.78,4768144.72,96080.12,1,1,4
692,5,1,475.9,2210832.28,6546.47,0,2,2
693,0,1,293.66,2393737.48,27572.55,0,1,4
694,1,0,348.38,1648121.62,89563.34,1,0,3
695,2,0,157.7,2695065.26,99314.94,0,2,3
696,3,1,52.16,921700.2,6602.18,1,0,1
697,2,0,363.03,3252330.37,39802.32,1,2,2
698,0,0,402.76,1465057.95,24389.74,0,2,4
699,4,1,98.22,3543633.2,23772.73,1,2,1
700,1,1,349.07,2952641.14,84119.98,1,2,4
701,1,1,36.39,3956951.6,95965.1,1,3,2
702,4,1,169.82,4302978.26,30765.54,1,0,2
703,3,0,435.76,2622840.2,3859.19,0,1,1
704,3,1,109.19,2398332.85,83506.71,0,1,1
705,2,0,355.2,3845049.63,15006.6,0,0,4
706,5,1,227.42,238820.31,40025.65,1,3,1
707,1,1,389.94,1029050.15,97010.02,1,2,1
708,1,0,195.03,3165186.59,93606.27,1,1,2
709,4,0,72.16,1837820.59,32667.74,0,1,1
710,2,1,52.99,1892606.18,31711.02,0,0,2
711,4,1,177.05,2334515.08,25153.47,0,1,4
712,3,0,155.13,3663933.45,24994.65,1,0,2
713,2,0,232.71,4349905.39,13173.78,1,0,3
714,0,0,119.01,1139845.89,63187.72,0,3,3
715,3,0,394.75,122622.87,55512.05,0,0,2
716,1,1,440.97,4531967.9,7230.29,0,0,4
717,0,0,233.78,3684605.41,97702.29,1,2,1
718,3,0,418.99,1742164.59,84943.52,0,2,1
719,5,1,390.18,3280463.51,13180.63,0,3,3
720,4,0,76.75,2604837.01,86151.75,1,1,2
721,2,1,121.81,1606553.84,73214.64,0,1,2
722,3,1,198.96,4677462.18,69060.37,1,1,1
723,5,1,235.84,3713295.22,82932.46,1,2,4
724,2,1,286.83,3604029.91,40996.84,0,0,2
725,1,1,396.45,496659.27,10006.85,1,1,2
726,3,0,457.91,1569577.37,65101.56,0,0,4
727,2,0,102.82,764642.01,53566.75,0,2,4
728,4,0,450.29,693820.1,9506.03,0,0,4
729,2,1,396.5,2575511.12,91784.31,1,3,1
730,2,0,346.36,2483383.11,73173.95,1,2,1
731,3,0,278.12,3203419.65,71441.97,0,1,1
732,0,0,408.95,3562748.45,8196.76,0,2,4
733,2,0,232.92,639432.21,29178.25,0,0,2
734,1,0,440.24,3051869.81,97090.03,1,0,3
735,0,0,474.88,1037364.56,88387.15,1,3,1
736,2,0,265.77,925669.51,49756.03,1,0,1
737,5,1,318.99,758686.29,37794.18,0,2,2
738,0,1,253.23,3306824.98,67822.11,1,0,3
739,2,0,238.98,4895197.34,94516.36,1,1,4
740,3,1,329.4,3784554.13,89461.9,0,2,3
741,0,1,264.99,4458819.2,74894.2,0,2,2
742,3,0,263.42,2446979.6,15846.81,1,3,1
743,3,0,452.93,1954433.06,92924.83,1,2,3
744,0,0,300.75,3413639.43,31081.26,1,3,1
745,4,0,393.64,3366572.83,79883.28,0,2,4
746,4,1,478.6,3525806.38,90072.57,0,0,1
747,1,1,311.47,1499083.47,98815.05,0,1,4
748,2,1,398.75,4830308.7,41197.18,1,2,3
749,0,1,352.86,4792979.9,88766.28,1,2,2
750,2,0,499.53,2459980.51,88023.92,0,1,1
751,4,1,289.1,2469054.6,93538.46,1,1,2
752,0,0,311.75,4148440.51,30055.53,1,3,4
753,0,1,241.94,4503184.43,23156.36,0,2,3
754,1,0,50.03,4509123.17,28387.07,1,2,1
755,3,0,45.04,1246038.5,61572.63,1,1,1
756,3,1,261.56,3291455.87,22386.13,0,2,3
757,0,0,205.74,3120076.49,40932.14,0,2,3
758,4,0,341.6,1220706.09,43339.22,0,1,1
759,2,1,285.81,293493.87,68898.15,1,0,4
760,5,0,271.29,584147.28,49139.11,1,0,4
761,0,1,356.52,969157.22,84097.93,0,3,4
762,1,1,4.8,3195449.64,83743.31,0,2,2
763,2,0,346.38,735518.46,3215.65,0,0,3
764,3,1,62.53,4324946.77,57488.81,0,1,2
765,4,0,237.6,3899376.9,74468.99,0,2,1
766,2,1,214.66,670778.26,28170.99,1,0,3
767,2,0,40.18,4882719.86,57482.04,0,3,4
768,1,0,346.33,687808.05,82438.58,1,1,3
769,5,1,433.95,222010.86,27498.67,0,1,3
770,3,0,299.76,3710989.48,85590.12,0,1,3
771,0,0,217.49,490976.75,93101.37,1,2,4
772,4,0,484.71,2647837.18,20525.25,1,1,1
773,3,1,260.67,2238055.93,82517.01,1,0,3
774,2,1,232.57,115099.02,4388.16,0,0,4
775,4,0,53.65,4493873.55,37027.33,1,3,3
776,1,0,336.22,3439801.02,83645.43,1,3,1
777,5,1,84.13,3101717.4,68241.61,1,2,3
778,2,0,50.92,3412234.18,47548.13,1,1,3
779,3,0,260.3,1879994.59,26928.37,1,3,2
780,1,0,37.01,3416547.04,79123.77,1,3,1
781,4,1,398.52,1183670.96,26144.18,1,0,2
782,3,0,170.2,226489.87,74546.44,0,1,1
783,0,1,92.5,4336439.76,4073.01,0,3,3
784,1,1,316.46,3323321.1,62615.2,0,3,4
785,2,1,191.06,3322779.71,41543.49,0,3,3
786,0,0,399.02,4432009.02,46700.37,1,3,4
787,2,1,174.97,1567516.73,17258.77,1,2,2
788,5,1,468.32,566094.37,28434.34,0,2,4
789,5,1,175.98,2261332.74,52574.89,1,1,3
790,1,1,400.82,2945443.99,55308.87,0,1,1
791,1,1,3.86,4446122.06,34337.9,0,3,1
792,5,1,337.27,3686874.1,54474.09,0,2,2
793,1,0,253.93,3957964.04,56503.15,0,2,3
794,1,1,98.37,483729.62,55754.36,0,1,3
795,3,0,188.67,4854856.47,15047.75,1,3,3
796,5,1,104.57,4059013.47,97845.91,0,0,4
797,0,1,57.55,1331366.14,1220.57,1,2,2
798,2,0,189.4,4470526.15,19422.99,1,2,4
799,3,1,6.82,137394.21,88578.11,1,0,4
800,0,0,122.46,1013099.4,25806.3,1,2,3
801,1,1,79.62,3470872.51,57361.4,0,3,3
802,3,0,35.73,467425.76,96482.31,0,2,4
803,2,0,259.98,3550906.13,94801.67,0,0,1
804,3,0,100.5,2818494.48,76869.77,1,3,2
805,2,0,387.41,3054145.69,53373.1,0,0,3
806,0,0,80.43,2584461.3,54813.2,1,0,1
807,2,1,91.82,3721592.47,27221.0,1,3,1
808,0,1,32.69,4198419.33,11096.32,0,0,4
809,2,1,15.18,889476.46,11826.98,0,0,4
810,3,0,201.16,4060710.04,60207.88,0,3,1
811,0,0,335.43,176580.53,28519.75,1,2,1
812,3,1,14.61,1732087.98,11069.46,0,0,3
813,3,1,111.73,4836556.71,78264.47,0,3,1
814,5,1,33.73,4267070.1,74596.49,1,1,3
815,1,0,302.31,2941798.17,4042.44,0,0,1
816,2,1,408.9,2504977.3,58164.48,1,2,4
817,0,1,94.01,3998841.45,84660.72,0,1,4
818,0,1,154.18,2761045.49,95033.29,0,2,1
819,5,1,76.42,814525.27,90924.55,1,1,2
820,3,0,8.1,3233399.64,63570.6,0,0,2
821,3,0,34.61,4037219.17,96471.33,1,3,4
822,0,1,314.73,1610601.88,94143.04,1,0,2
823,1,1,98.55,457609.63,49496.52,1,2,3
824,0,1,175.41,367325.74,78662.0,0,0,4
825,3,1,489.82,2142068.78,95232.2,0,1,3
826,3,1,159.73,650591.74,30521.91,0,1,1
827,0,1,92.94,1643324.08,53897.92,0,1,1
828,1,0,363.57,2590709.15,68953.68,0,3,4
829,1,1,97.55,1470313.66,63379.07,0,1,4
830,2,1,386.3,4987667.91,95944.58,0,1,3
831,3,1,313.18,4930056.86,80666.87,1,3,1
832,5,0,156.78,778050.61,65592.01,0,3,1
833,0,1,118.13,1141291.32,51312.27,0,3,4
834,3,0,447.65,2773503.96,28616.64,1,3,3
835,5,0,419.1,4080376.22,29288.06,0,2,4
836,3,1,314.99,2140533.29,76580.28,1,2,2
837,3,0,423.47,806264.7,7239.43,1,3,2
838,3,1,78.9,3217713.33,93507.57,0,1,2
839,1,1,303.78,3564578.17,6142.68,1,0,2
840,1,1,399.15,413003.66,52598.51,0,3,1
841,2,1,61.78,3115210.66,50656.96,0,1,3
842,0,0,95.14,1879469.06,20969.35,0,0,3
843,1,1,52.99,4619743.9,9921.39,1,1,2
844,4,1,157.39,1913905.23,80110.81,0,2,3
845,2,0,279.37,3160951.56,30755.85,1,3,1
846,0,1,171.66,3675602.79,30071.43,0,1,1
847,0,0,378.68,3323826.38,46696.45,0,1,2
848,1,0,275.4,2037252.25,58979.73,0,3,1
849,5,0,52.81,2223494.08,82116.62,1,2,4
850,0,0,131.43,4693614.28,28305.17,0,2,3
851,2,1,362.24,510482.13,4107.13,0,1,1
852,3,0,440.17,1224173.61,33049.92,1,3,4
853,2,1,324.88,4018026.57,8659.89,1,0,2
854,1,0,309.35,1993591.25,43134.11,0,1,1
855,2,1,339.7,3872751.55,98115.48,1,1,1
856,1,0,127.63,1589757.93,57785.05,1,1,3
857,5,1,381.18,630550.74,47082.28,0,2,2
858,5,1,167.91,4375070.06,23408.62,0,3,3
859,0,0,221.38,2743681.85,68462.87,1,3,1
860,0,0,59.42,4642320.66,58372.34,1,2,3
861,3,1,169.96,2071313.38,69035.71,0,0,2
862,0,0,455.41,1944089.81,32332.86,0,0,4
863,2,1,155.43,3675980.87,89983.09,0,3,4
864,3,0,279.85,4164730.13,70256.01,1,3,2
865,3,0,101.25,413985.1,19516.25,0,2,3
866,0,0,90.74,2998331.51,86118.62,0,2,2
867,3,1,387.11,882000.82,41088.43,1,3,1
868,3,0,149.48,1532339.46,98456.3,1,2,1
869,4,1,409.44,318910.46,11837.73,1,3,4
870,0,0,100.73,1148223.64,95605.26,1,3,1
871,5,1,38.42,2388826.16,5219.84,1,1,1
872,4,0,300.78,3843981.76,35681.68,1,3,1
873,0,0,395.92,4732783.51,29295.8,0,1,2
874,0,1,9.63,1762749.59,92835.24,0,2,1
875,5,1,293.32,3720607.98,96370.2,0,1,1
876,0,0,262.09,4501834.32,21301.34,0,3,4
877,3,1,335.28,4908563.63,8250.99,1,0,3
878,2,0,330.54,2402211.55,57566.62,1,2,2
879,4,0,426.23,209984.45,12062.63,0,3,1
880,5,1,327.36,4423046.04,59794.6,0,1,1
881,4,1,20.32,1606806.61,31768.82,1,1,1
882,1,1,192.47,376682.38,97937.34,0,3,1
883,2,0,258.04,2103556.62,29026.89,0,0,1
884,0,0,203.94,3084509.74,35948.99,1,3,4
885,1,1,14.28,2805384.98,22180.81,0,1,1
886,4,1,56.92,1737915.93,75053.94,1,1,1
887,5,1,198.3,2172560.42,2056.18,0,0,2
888,0,1,22.24,3791705.81,28146.88,1,1,1
889,1,1,251.37,4540800.06,55167.22,1,3,3
890,1,1,447.1,1855698.79,58458.16,1,3,3
891,0,0,149.8,359102.14,34662.64,0,2,3
892,4,1,46.64,1039406.97,41962.2,0,2,4
893,0,1,155.84,1306478.21,12176.64,0,2,4
894,1,0,444.46,2883270.97,89349.05,0,0,3
895,5,0,370.94,1747501.29,71804.17,1,1,1
896,3,0,351.91,3132459.77,61180.04,1,2,4
897,3,0,197.6,2684383.27,62859.15,1,3,1
898,2,0,123.5,4630740.67,92619.05,0,3,2
899,2,0,28.05,2539257.72,26937.16,1,2,2
900,1,1,85.13,1308839.48,60047.04,1,1,2
901,2,0,397.93,4777566.49,98415.12,0,3,2
902,5,0,371.8,4365430.64,35474.0,1,0,1
903,1,0,237.92,1043363.44,50914.66,1,2,3
904,0,0,347.18,738238.53,96687.05,1,3,1
905,0,1,206.29,3234519.41,65711.54,1,0,3
906,1,0,200.18,1721131.24,62673.11,1,0,2
907,3,0,216.91,3586529.06,28329.58,0,0,1
908,3,0,419.56,4716317.57,95114.67,0,2,3
909,3,1,357.32,1411313.79,51549.5,1,2,1
910,0,0,17.88,4236413.33,52720.07,1,3,2
911,0,1,6.69,3551188.03,39479.47,0,3,4
912,2,0,266.71,2039637.34,87124.82,0,2,2
913,1,0,473.77,184167.78,47347.65,1,2,2
914,2,1,466.82,1131270.13,22314.28,1,2,3
915,1,0,337.03,2054315.34,86846.99,0,1,4
916,5,0,379.89,4101961.12,91233.8,1,0,4
917,2,0,361.65,4588345.31,40342.22,1,2,2
918,1,1,419.44,3707716.15,54948.07,0,1,3
919,5,0,214.85,3326467.63,58867.49,0,3,3
920,5,0,228.78,4132752.87,22672.49,1,3,3
921,3,1,245.82,4570180.87,85796.84,1,1,4
922,3,0,203.83,2718085.69,15871.51,0,3,4
923,5,1,127.96,1479502.93,78354.06,1,1,4
924,0,1,157.0,2521835.66,3299.84,1,1,2
925,1,0,307.06,4162531.16,53334.93,1,2,2
926,1,0,184.96,2889880.84,12757.82,0,0,4
927,3,0,157.6,2317363.34,99736.89,0,0,2
928,0,0,452.27,402667.66,87866.82,1,3,3
929,5,0,301.79,1489308.09,38501.24,0,3,3
930,1,0,56.65,4900492.56,5109.24,0,0,3
931,2,0,462.88,4460567.88,1997.83,0,0,2
932,4,1,364.15,516089.47,88464.91,1,2,1
933,2,0,281.32,1467130.55,50954.76,0,1,1
934,0,1,104.3,741622.81,5937.36,0,2,1
935,3,0,87.08,1773291.57,41603.16,0,3,3
936,4,1,205.0,4074084.67,11395.27,0,0,4
937,4,0,486.49,2650508.9,96285.02,1,2,3
938,5,0,370.9,1080155.67,46281.99,0,3,3
939,5,1,80.67,1493465.8,53718.69,1,1,1
940,4,1,437.86,4465735.95,16348.92,1,0,3
941,1,0,338.1,559210.47,10733.12,0,1,1
942,5,0,318.73,4038350.67,4271.97,1,0,3
943,4,1,102.4,1307012.46,14439.26,0,3,3
944,0,1,436.64,3942443.19,71733.68,0,1,3
945,1,0,58.96,1961342.95,76298.18,1,0,3
946,2,1,216.95,4829638.49,5711.03,0,3,4
947,4,0,272.2,4675458.74,57966.06,0,2,3
948,5,1,73.51,489648.7,81336.13,1,3,1
949,2,1,39.5,3701472.37,17903.49,0,3,2
950,1,1,62.7,4363314.73,95197.13,0,1,2
951,1,0,2.47,4551131.66,83502.95,1,0,4
952,2,1,196.8,1873245.8,34869.71,0,3,1
953,2,1,405.05,4796593.95,45464.19,1,0,4
954,0,0,90.62,1374709.37,85978.84,1,2,2
955,4,0,147.85,4448111.02,87253.14,0,1,1
956,2,1,39.95,1094586.19,71639.57,0,3,3
957,5,1,355.04,4253298.78,28062.1,0,1,3
958,0,1,251.77,2417996.0,36328.9,1,3,3
959,1,1,248.18,1759593.46,9793.65,0,3,1
960,3,0,414.43,4571818.84,36581.33,0,1,1
961,2,1,395.08,134998.23,4966.09,1,1,3
962,4,1,89.61,4776840.54,81063.55,1,3,3
963,5,1,106.68,3698647.61,84088.81,1,0,2
964,0,1,185.34,709471.95,95025.7,1,1,4
965,1,1,102.37,2095794.03,29768.84,1,3,4
966,5,0,320.99,2910402.81,18820.7,1,3,2
967,4,0,206.2,1754619.57,20107.44,0,2,1
968,5,1,304.13,3307587.77,72887.64,0,3,2
969,0,1,80.2,2319929.28,99195.6,0,1,2
970,2,1,105.23,2740058.23,94175.5,0,2,2
971,5,0,221.74,4640509.69,23024.47,0,0,4
972,2,1,295.43,4582846.31,55407.09,1,1,2
973,0,0,310.51,4038850.1,26161.21,1,0,2
974,2,0,344.67,2147504.67,85488.84,1,2,4
975,0,0,247.89,1540017.15,73304.89,1,3,3
976,1,1,102.06,718909.08,58227.63,0,3,4
977,2,0,211.62,758490.07,92896.16,0,3,2
978,3,0,95.29,3892515.08,67525.45,1,3,3
979,4,1,453.96,2456570.03,59032.83,1,1,3
980,5,1,277.78,3844776.23,17828.9,0,3,1
981,4,0,435.28,4710731.66,25695.83,1,0,2
982,5,1,74.36,1540436.02,18582.49,1,3,3
983,3,0,121.23,1003972.54,2987.74,1,2,1
984,1,1,4.47,172282.99,90449.18,0,1,4
985,0,0,32.17,1585797.72,81843.01,1,2,1
986,4,0,395.95,4970847.82,75687.7,1,0,4
987,4,1,211.09,1360469.28,90565.94,0,1,3
988,5,1,373.93,4298084.88,95107.72,1,3,1
989,4,0,90.85,1045625.53,25036.1,0,0,3
990,4,0,211.85,441713.1,16646.47,0,0,4
991,1,1,13.4,4500357.55,49155.91,1,3,4
992,1,0,446.74,3044700.08,66333.96,1,0,2
993,5,1,159.15,3620322.59,33253.14,0,2,2
994,4,0,187.1,1551142.42,48330.58,1,3,2
995,1,0,452.43,592529.72,37456.35,1,1,3
996,5,0,35.69,2731783.98,5538.47,0,2,2
997,4,1,350.08,1528063.8,84894.01,0,1,2
998,1,1,391.91,4552549.71,14077.53,1,1,1
999,3,1,349.63,3897992.68,88738.97,1,0,2
1000,0,0,332.31,344919.65,10964.79,1,3,4
1001,1,1,10.15,440692.84,23010.05,1,2,3
1002,2,1,269.85,4048390.12,15855.82,1,3,1
1003,1,0,331.38,331374.62,7109.55,1,1,2
1004,5,0,404.29,1087511.83,84025.14,1,3,2
1005,5,0,177.25,690970.21,15171.77,0,3,1
1006,0,0,418.35,4625100.24,90885.67,1,2,4
1007,2,1,365.0,2051982.39,75912.84,0,2,1
1008,4,0,371.7,1041896.62,31589.34,1,3,3
1009,2,1,326.79,894726.73,98850.48,1,3,2
1010,1,1,297.72,1007955.44,80199.0,1,0,3
1011,2,1,379.45,4134354.98,31538.09,0,0,4
1012,3,1,225.05,1104234.19,39691.27,1,3,1
1013,2,0,332.64,3551747.61,67324.0,1,1,3
1014,1,0,116.5,2500450.62,2135.19,1,0,1
1015,4,0,406.72,4181386.0,90689.78,0,0,4
1016,1,0,371.97,1009471.47,81856.52,1,2,1
1017,5,0,473.4,515657.18,30157.01,1,2,3
1018,3,1,242.81,2601859.56,17393.71,1,3,1
1019,2,0,438.77,3686542.27,17671.88,1,1,4
1020,1,1,413.8,3453418.51,8494.68,1,3,3
1021,2,0,273.27,1558661.53,2574.17,1,2,1
1022,2,1,164.49,3095324.88,40984.12,0,3,3
1023,4,1,246.21,4369429.46,14820.62,0,2,1
1024,2,0,102.63,1873100.94,87793.05,1,1,1
1025,2,0,214.53,2857619.83,76903.36,1,1,2
1026,5,1,27.31,2242411.66,23173.77,0,2,1
1027,2,0,36.84,2356559.49,81008.09,1,1,3
1028,3,0,259.44,3921967.95,48714.81,0,2,2
1029,5,0,214.16,1824355.42,10194.48,1,3,1
1030,2,0,191.94,1180105.48,75359.3,1,3,4
1031,0,1,218.87,928074.51,55982.41,1,2,1
1032,0,1,35.96,1267116.61,11287.21,0,2,1
1033,5,0,240.06,3949294.13,81570.7,1,2,2
1034,1,0,151.35,3740249.16,55536.31,1,1,1
1035,3,0,297.51,2127201.33,91037.39,1,3,3
1036,3,0,477.74,3921591.3,64585.84,1,2,1
1037,4,0,65.66,3796776.68,20948.37,1,1,1
1038,4,0,113.34,4659780.29,97570.4,0,1,1
1039,2,1,188.39,1759224.06,11719.43,0,2,1
1040,4,0,82.31,847871.14,68304.38,1,0,3
1041,0,1,172.83,1146758.38,20098.97,0,0,2
1042,3,0,16.94,2485640.47,63404.4,1,2,4
1043,5,1,420.82,2649574.28,41455.78,1,3,3
1044,2,1,73.49,4979912.13,74236.71,1,2,3
1045,3,0,183.27,4563786.01,66615.72,1,2,3
1046,5,1,212.94,4404701.13,63213.47,0,1,4
1047,2,0,209.7,1883977.76,94213.77,1,3,2
1048,3,1,293.7,4116454.21,30749.19,0,0,2
1049,0,1,311.1,2896183.55,51304.13,1,2,1
1050,1,0,10.98,3371284.51,82133.72,1,3,2
1051,5,0,466.24,3661980.0,49120.1,0,1,3
1052,3,0,206.31,2155760.82,84742.74,1,0,3
1053,4,0,35.87,4758985.17,96810.01,0,1,4
1054,3,0,138.52,2544743.81,68688.49,1,3,1
1055,2,0,2.31,4552174.61,4651.96,1,1,3
1056,5,1,433.13,1648203.49,74810.98,1,2,4
1057,2,1,176.83,1647820.67,71174.89,0,0,1
1058,4,1,326.16,1018168.86,4640.78,1,0,2
1059,1,0,402.58,2305972.54,26035.17,1,0,2
1060,3,1,469.16,3490226.64,28476.44,0,0,4
1061,0,0,305.6,4273675.48,39776.71,0,1,4
1062,2,1,368.07,4096853.58,69665.93,1,1,4
1063,2,1,246.45,4173568.01,51828.65,0,2,2
1064,0,0,284.19,2523053.49,7592.29,1,0,1
1065,4,0,230.52,4826535.28,3210.33,1,1,1
1066,2,0,405.3,1621712.97,67086.51,1,0,1
1067,4,0,422.76,409423.4,3001.39,0,1,4
1068,1,0,499.38,2164720.77,45095.57,0,0,2
1069,5,0,380.86,244930.59,68333.91,1,2,1
1070,2,1,120.62,4157679.23,71505.75,1,0,2
1071,4,1,47.49,442973.53,58982.34,0,1,1
1072,4,0,223.07,3578307.37,29470.55,1,0,1
1073,0,1,163.72,1398009.4,97901.92,1,3,3
1074,3,0,491.86,3863850.38,17838.77,0,0,3
1075,3,1,268.8,64512.15,13396.35,1,3,4
1076,3,1,375.11,3765244.15,13146.7,1,1,1
1077,3,1,270.56,148973.5,43087.88,0,3,2
1078,5,0,1.32,2671855.8,36574.78,1,0,1
1079,2,0,356.29,695416.1,72387.55,1,2,2
1080,3,1,384.24,2132325.47,33171.29,1,3,4
1081,5,1,147.84,1566995.74,9216.51,0,3,3
1082,4,0,173.57,910971.72,44075.67,1,0,4
1083,1,0,436.71,890021.7,13139.86,0,1,3
1084,3,0,34.46,4362351.04,65150.58,0,1,3
1085,4,1,48.55,3875908.3,91862.09,1,1,3
1086,0,1,372.15,857227.06,5099.14,1,3,4
1087,4,1,2.08,4119156.1,5954.71,1,1,1
1088,3,1,56.49,2424253.65,13691.3,1,1,2
1089,2,0,440.97,1810229.6,12946.09,0,1,3
1090,4,1,197.61,4222539.56,12456.07,1,0,1
1091,3,0,61.02,1562192.37,49575.82,1,3,4
1092,2,1,276.23,3103506.95,23586.2,1,1,3
1093,1,1,242.75,507983.08,16210.42,0,3,1
1094,5,0,75.3,1407294.33,22737.95,0,1,3
1095,3,1,327.27,1654187.42,49264.11,0,3,3
1096,4,0,22.61,2231549.72,79900.53,0,2,1
1097,1,0,131.66,1421838.31,47226.5,1,1,2
1098,0,1,255.96,716626.52,61218.94,0,3,3
1099,0,1,443.78,3536631.53,94537.89,0,1,4
1100,3,0,149.31,2958053.67,20131.51,0,1,3
1101,0,1,229.1,4048764.0,34518.5,0,1,4
1102,1,0,331.84,1335140.46,19592.52,0,1,1
1103,2,1,104.44,3884151.99,73718.03,0,0,1
1104,1,0,11.37,449487.63,11952.44,1,3,1
1105,5,1,427.32,649273.84,85253.72,0,1,2
1106,0,1,34.0,3038969.93,67620.53,0,2,2
1107,0,1,101.7,3867211.13,8983.1,1,0,4
1108,4,1,474.3,2342729.44,15387.73,0,0,2
1109,1,1,275.86,3901713.9,72039.79,1,0,1
1110,3,1,240.61,489012.63,69673.93,0,0,3
1111,4,1,226.26,873414.39,85351.02,0,2,1
1112,3,1,141.0,4794130.52,51403.38,1,0,3
1113,0,1,239.81,4497345.48,18838.26,0,2,4
1114,2,0,401.75,3708925.93,77049.79,1,2,1
1115,2,0,298.66,4871729.57,81156.98,0,2,4
1116,5,1,257.58,3401994.22,98470.35,0,3,2
1117,2,0,70.38,3441894.61,6661.2,1,0,3
1118,0,1,403.82,3990415.39,83160.92,0,2,3
1119,5,1,254.06,1779371.25,58442.89,1,1,1
1120,0,0,249.43,4436502.39,22901.91,1,0,4
1121,2,1,93.92,553626.96,30483.11,1,2,1
1122,4,0,2.09,4140297.31,2653.63,1,2,2
1123,1,1,295.05,4951292.42,46415.02,1,1,4
1124,1,1,475.67,879409.31,9832.54,1,0,2
1125,3,1,309.44,4837962.72,50656.79,1,0,4
1126,4,0,243.49,1205007.12,47283.97,0,1,1
1127,3,1,337.22,2734138.8,49031.67,0,2,2
1128,3,1,410.87,4714614.16,81686.33,1,3,4
1129,4,0,437.44,3294411.89,18762.47,1,2,3
1130,3,0,169.51,4277421.41,40737.58,0,1,2
1131,2,1,454.98,2877156.33,84619.22,0,1,4
1132,4,1,438.2,1640503.89,16901.31,1,1,3
1133,5,0,227.45,2830137.04,23283.46,1,2,2
1134,3,0,137.32,1336732.12,20487.79,1,1,4
1135,0,0,252.61,2219772.38,43439.19,0,1,1
1136,5,1,456.36,2241925.9,36720.78,0,1,2
1137,1,1,89.49,3943136.55,45843.46,1,3,3
1138,0,1,335.07,2687365.2,55588.32,1,1,3
1139,2,1,241.89,3817345.3,73746.12,0,0,2
1140,0,1,240.53,3424866.92,69808.23,1,2,2
1141,2,1,69.09,2361947.01,73428.11,1,2,4
1142,2,1,101.14,1556207.69,3900.42,1,2,4
1143,1,1,314.91,2509925.72,32984.71,0,2,2
1144,0,0,394.24,1259652.86,64135.44,0,0,3
1145,2,1,263.88,931909.22,32911.35,1,1,2
1146,5,0,415.12,1671985.5,25030.57,1,1,4
1147,4,0,86.76,1270531.85,70814.21,0,2,1
1148,0,1,220.48,1044991.25,8623.72,0,2,1
1149,4,1,136.91,3888055.87,3032.46,0,3,4
1150,5,0,209.0,3646652.07,82219.63,0,3,3
1151,5,1,415.02,830637.89,90665.85,0,3,4
1152,0,0,466.36,3559480.47,90257.1,1,3,1
1153,4,1,137.24,572887.28,78967.89,0,1,4
1154,4,0,455.88,864963.47,15615.54,0,0,4
1155,2,0,22.77,3561980.94,45195.65,0,1,3
1156,0,1,294.59,4552554.79,95049.34,1,2,3
1157,1,0,267.89,4689697.42,47778.94,0,0,1
1158,4,0,58.96,3617138.29,52382.27,0,1,4
1159,2,1,1.51,1341181.14,94657.56,0,2,3
1160,5,0,110.16,77904.75,35715.12,1,0,2
1161,3,1,305.63,4613075.3,80981.01,0,2,3
1162,4,1,282.79,1364305.06,1078.55,0,2,1
1163,4,0,330.5,1639156.03,99167.87,0,3,4
1164,3,1,263.44,2249556.43,70086.03,0,3,1
1165,3,0,434.54,789831.43,9604.54,1,2,1
1166,4,1,415.09,2981778.51,50478.01,0,0,1
1167,3,1,472.6,368292.06,74146.16,1,1,2
1168,5,0,396.22,1779542.67,59861.35,0,1,4
1169,5,1,168.5,2944182.43,21961.74,0,0,1
1170,2,1,124.63,1110337.64,64829.33,0,2,2
1171,5,1,476.38,3743014.43,45121.18,0,0,4
1172,2,0,251.77,1370203.56,45220.54,0,2,2
1173,0,0,219.17,4694597.35,75262.58,0,3,2
1174,3,1,179.35,3112241.71,14131.4,0,2,3
1175,2,0,195.62,4775937.86,68875.21,0,2,1
1176,4,1,262.27,4582253.84,66591.55,0,1,3
1177,2,0,210.33,114705.01,58293.14,1,0,3
1178,5,1,294.58,2117845.27,69868.49,1,2,2
1179,1,0,247.34,638211.49,84699.33,0,0,3
1180,2,1,418.56,4955522.74,32268.25,0,3,3
1181,1,0,126.42,778774.27,72235.79,0,3,2
1182,1,0,206.22,1687679.88,92959.52,1,3,1
1183,4,0,69.28,1569749.66,59681.14,0,0,3
1184,4,1,456.37,4675196.85,12567.31,0,1,2
1185,4,0,114.87,120094.41,30046.81,0,1,1
1186,3,0,334.34,779339.77,80780.56,1,1,2
1187,4,1,410.47,2895330.84,55838.88,0,0,4
1188,5,0,462.88,3701243.53,47778.52,1,1,4
1189,2,1,222.64,1523472.15,26949.84,0,0,4
1190,2,1,48.95,1478004.86,48696.44,1,2,2
1191,5,1,49.15,1706923.51,69827.74,0,2,1
1192,4,0,401.73,2563172.4,59677.92,1,1,3
1193,1,0,362.79,3334659.34,62705.11,1,2,1
1194,3,1,448.83,3628167.38,10442.57,0,0,1
1195,1,0,451.82,527820.91,63993.46,1,3,4
1196,5,1,294.18,1830841.39,96540.77,1,3,4
1197,0,1,324.88,3000282.63,2009.64,0,3,3
1198,2,0,474.12,99337.22,39786.74,1,3,2
1199,2,1,463.73,1211181.32,26578.07,1,3,2
1200,3,1,196.02,2694995.82,35088.46,0,3,3
1201,0,0,109.07,102449.89,81474.09,1,3,3
1202,5,1,419.67,1027426.31,5197.45,1,2,2
1203,3,1,434.59,984669.0,19113.17,0,3,1
1204,3,1,410.58,2176311.06,79257.71,0,1,1
1205,0,0,178.74,156053.27,1954.92,0,1,4
1206,2,1,283.21,3877946.89,81550.67,0,0,3
1207,2,1,317.16,1639000.99,22551.58,0,0,3
1208,4,0,2.6,4738063.56,1883.02,0,3,3
1209,1,1,418.67,2305670.9,83085.42,0,0,3
1210,2,1,40.57,1892511.24,7060.52,0,0,1
1211,3,0,425.52,1209969.82,89776.11,0,1,1
1212,3,1,481.62,2517976.37,71359.65,0,2,4
1213,0,0,386.15,1140265.19,25713.35,1,3,4
1214,3,1,76.52,475444.45,85252.53,0,0,1
1215,3,1,296.71,2309083.83,1254.44,0,1,3
1216,1,0,416.03,1326655.19,66949.87,0,3,1
1217,2,1,292.53,3421598.96,32284.44,0,1,4
1218,4,0,390.44,2745393.53,72342.79,0,1,2
1219,0,0,217.84,4721838.24,95249.54,1,0,2
1220,2,0,407.32,4227918.62,5100.69,0,0,3
1221,2,0,8.74,3154014.39,22503.48,1,2,3
1222,2,0,31.1,3044748.75,25458.8,0,1,3
1223,3,1,335.18,3354526.31,73303.33,0,1,1
1224,0,0,292.35,2968125.06,58130.34,0,1,4
1225,0,1,308.66,2327005.37,51931.98,0,0,4
1226,5,0,47.27,1461530.72,56640.67,1,3,1
1227,4,1,378.53,3391057.16,37427.95,1,3,2
1228,0,0,473.0,702558.5,24144.85,1,0,2
1229,5,1,239.38,3923165.51,91003.42,0,1,1
1230,0,0,185.95,2014467.61,76938.13,0,1,3
1231,0,1,42.48,4866334.59,32313.41,1,0,2
1232,1,1,18.17,4687639.25,33327.49,0,3,3
1233,1,0,14.96,2747754.46,76222.61,0,2,2
1234,5,1,360.68,396802.51,64836.29,1,0,3
1235,4,1,349.76,4923010.75,6242.48,1,3,3
1236,0,0,442.43,321662.08,91750.19,0,1,2
1237,0,0,172.65,2753335.71,17563.63,0,1,4
1238,3,0,382.54,4832096.67,61479.81,1,1,2
1239,2,0,236.28,849169.66,32590.84,0,3,3
1240,2,1,399.18,4820558.13,5073.08,1,3,1
1241,4,0,161.78,2944510.86,14968.6,1,0,4
1242,1,0,471.31,3076397.32,18389.46,1,2,4
1243,0,0,329.77,213015.57,23176.69,1,3,4
1244,3,0,308.52,4592356.44,18671.28,1,3,4
1245,1,0,332.42,2922658.85,48518.84,1,2,2
1246,1,0,442.07,2987909.88,39383.42,0,2,1
1247,3,0,482.99,2570032.49,80816.77,1,0,4
1248,0,1,261.33,2970678.39,29852.18,0,1,1
1249,2,1,218.49,581842.78,60434.31,1,2,2
1250,5,0,115.8,3724933.9,64949.45,0,2,3
1251,0,1,458.9,3300346.71,6869.23,1,2,1
1252,1,1,120.99,2538392.36,86570.07,0,2,2
1253,4,0,262.98,606756.52,96089.04,0,3,3
1254,2,1,412.27,1320311.05,27607.47,0,3,2
1255,5,0,55.97,2928250.22,50759.08,0,2,2
1256,5,0,474.54,908742.62,49212.06,0,3,3
1257,1,0,269.15,1809793.05,41021.0,0,0,4
1258,3,0,454.63,288504.22,17487.03,1,1,4
1259,3,0,227.61,3701057.21,24856.04,0,1,4
1260,3,0,184.98,3755860.58,59876.85,1,1,1
1261,3,1,61.74,292051.34,12358.51,1,3,3
1262,3,1,21.9,560535.45,79356.97,1,2,3
1263,5,0,397.52,1971072.37,89698.1,1,2,4
1264,1,0,274.51,2136293.68,15314.4,1,0,2
1265,4,0,263.33,426792.39,68954.21,0,3,3
1266,2,1,1.96,386433.72,69322.79,0,0,4
1267,1,0,223.91,1623362.63,20748.05,0,1,4
1268,5,1,21.83,2406491.41,84757.16,1,2,2
1269,5,0,448.69,3994682.68,1451.18,1,1,4
1270,2,0,440.92,2486904.74,59787.36,1,3,3
1271,4,1,74.01,4562674.64,24136.88,0,2,4
1272,0,1,477.93,3946886.53,60271.64,1,3,2
1273,0,1,294.25,3343129.6,31257.86,1,0,3
1274,0,0,15.66,1241123.76,41449.63,1,3,1
1275,0,0,217.6,1177582.9,46326.37,1,0,1
1276,4,1,55.65,239950.07,95882.35,1,2,2
1277,1,1,95.45,3870768.06,99947.85,0,3,1
1278,4,1,442.28,798605.46,67509.8,1,0,2
1279,4,1,250.79,2088462.12,18475.41,0,2,4
1280,3,0,474.54,861661.04,46559.31,0,2,3
1281,3,1,419.43,4245253.25,98293.52,0,3,2
1282,1,1,6.54,3370926.55,86608.61,0,0,2
1283,2,1,339.13,3385389.23,11648.67,0,0,4
1284,1,1,164.75,260335.81,11543.62,0,0,4
1285,2,1,374.35,333217.47,79683.38,0,0,3
1286,0,1,474.95,2871380.04,19705.94,1,1,1
1287,4,1,45.89,1148933.29,54018.31,1,1,3
1288,0,1,36.25,3746140.75,28678.34,0,1,1
1289,5,0,460.05,957216.49,73068.89,0,1,4
1290,1,1,95.31,2593087.23,12596.07,1,2,4
1291,0,1,379.43,4355316.85,14083.68,1,0,3
1292,3,1,466.27,266779.15,19923.58,1,1,3
1293,3,0,416.75,1644365.03,29097.83,1,0,1
1294,1,0,267.24,4847632.25,79717.17,0,2,3
1295,5,1,225.82,132070.68,77938.53,1,2,2
1296,1,1,266.97,3040420.64,99013.32,1,0,1
1297,4,0,153.77,185733.92,29719.37,1,0,2
1298,2,1,278.0,3976746.56,84699.78,0,2,3
1299,1,0,271.96,3702495.94,59774.07,1,1,4
1300,2,0,422.91,4068871.58,92722.48,0,1,2
1301,3,1,494.96,4935475.14,76045.42,0,2,4
1302,0,0,296.04,863098.68,66905.47,1,0,2
1303,5,1,207.09,3366107.47,18928.0,1,2,2
1304,0,1,395.37,2239742.74,69703.1,1,2,3
1305,2,1,295.51,4639247.91,41800.24,1,2,2
1306,2,0,438.6,2348090.45,44459.39,1,2,4
1307,4,1,395.14,1953383.36,45346.19,0,2,1
1308,4,1,22.42,3306674.24,78630.05,0,2,4
1309,3,0,111.36,4868840.4,95329.54,1,2,4
1310,2,0,9.19,2109390.57,41969.41,0,0,4
1311,5,1,121.31,3237162.82,33677.08,0,0,3
1312,1,0,121.36,1822903.98,51819.6,1,2,3
1313,1,1,315.6,3584746.9,65869.68,0,0,3
1314,4,1,103.58,1553092.74,12032.74,1,3,3
1315,5,1,83.84,3931208.78,62225.39,1,3,3
1316,1,0,337.16,3158449.54,52094.44,1,3,3
1317,3,1,148.43,1802762.49,85782.43,0,3,1
1318,2,0,257.2,3305175.76,31331.48,0,2,4
1319,2,1,164.91,1287670.67,97598.44,1,2,3
1320,0,1,487.94,813745.49,11901.57,1,0,3
1321,2,1,336.5,331063.97,90476.0,0,3,3
1322,1,0,389.33,4262374.33,7206.77,0,0,3
1323,4,0,315.63,3441719.82,76421.66,0,0,2
1324,5,0,45.91,263360.47,17882.81,0,2,3
1325,1,0,310.44,773118.71,15634.18,0,3,2
1326,3,1,303.26,4954890.18,95519.9,0,2,2
1327,5,1,458.96,3532270.64,96921.68,0,1,1
1328,0,1,421.65,1950394.88,80965.5,1,2,3
1329,1,1,404.0,4109550.39,28496.3,0,2,3
1330,1,0,38.13,1508123.36,15204.31,0,2,1
1331,3,0,403.61,1251385.12,56431.27,1,3,2
1332,3,0,309.32,887638.12,98000.85,1,2,4
1333,1,0,483.94,1755333.74,8077.13,0,3,1
1334,5,1,161.8,4656998.88,59144.48,1,2,3
1335,1,1,103.22,3341639.07,2136.68,1,2,3
1336,4,0,127.34,1421127.86,27495.38,1,1,2
1337,0,1,493.05,298507.92,96797.99,0,3,4
1338,0,1,470.73,4736744.34,18369.27,0,2,3
1339,1,0,459.11,2891196.9,56277.09,1,0,1
1340,2,1,59.73,760941.51,74308.2,1,2,1
1341,5,1,38.89,1794105.71,15875.55,1,2,2
1342,4,1,159.14,1809238.87,67365.62,0,2,3
1343,2,0,273.51,111692.73,24256.25,0,3,1
1344,1,1,264.89,2640191.17,2539.89,1,3,4
1345,0,1,413.45,1886733.6,2452.77,0,2,1
1346,3,0,467.89,1859125.22,38272.33,1,0,4
1347,4,1,316.74,4271386.94,36453.73,0,1,3
1348,3,0,67.16,4491251.51,20993.95,1,0,4
1349,0,1,20.85,3259198.73,66610.32,1,3,4
1350,1,1,351.74,748946.58,7933.61,1,1,2
1351,5,0,14.93,1165610.18,79340.39,0,3,2
1352,0,1,78.96,3394838.68,94010.74,1,3,2
1353,3,1,236.75,894557.01,24889.67,1,1,4
1354,3,1,174.71,769714.82,1425.35,0,1,4
1355,5,1,227.74,3978273.92,83793.11,0,2,4
1356,2,0,185.34,4024600.53,8083.1,1,0,2
1357,5,0,98.38,740101.96,53177.71,1,2,3
1358,0,0,236.42,3087321.78,74556.23,0,1,4
1359,1,0,127.69,376495.12,99228.08,1,1,2
1360,0,0,473.41,2891984.88,47800.61,1,2,3
1361,1,0,88.45,4669783.22,73181.3,1,2,3
1362,0,1,495.82,52687.08,27557.4,1,2,3
1363,5,0,407.8,758027.64,17146.23,1,2,2
1364,4,0,9.98,583022.35,52440.24,1,1,2
1365,2,0,40.81,1945483.36,30898.69,0,1,3
1366,4,0,327.21,2730592.29,38003.23,0,3,4
1367,4,0,61.2,693745.82,40785.65,1,1,1
1368,2,0,331.86,1285974.7,54249.71,0,1,3
1369,0,0,108.47,741106.23,13690.48,1,3,2
1370,1,1,498.94,1507476.48,34479.05,0,0,3
1371,4,1,243.6,4856827.29,50863.98,0,1,1
1372,5,1,464.6,3045653.31,54283.8,0,0,3
1373,0,0,297.2,1549700.63,42283.88,1,0,4
1374,0,1,33.21,2771431.27,6165.47,1,0,3
1375,5,0,209.87,3699317.64,68981.36,0,2,4
1376,0,1,251.84,2570270.5,70434.79,0,0,2
1377,5,1,78.79,3513346.62,6899.83,1,2,3
1378,2,1,266.69,1325571.78,79965.04,1,3,4
1379,4,0,477.41,1608740.66,62201.93,1,1,2
1380,2,1,245.81,1753137.32,93828.01,1,1,3
1381,1,1,274.83,4447157.5,50730.62,0,3,1
1382,4,0,69.48,197604.46,21489.05,0,2,2
1383,1,1,369.88,863411.54,89972.43,1,2,3
1384,5,0,26.61,4792143.85,58831.44,0,2,4
1385,4,0,54.78,986680.54,1158.96,1,3,1
1386,3,1,391.29,4365243.76,12482.77,0,3,2
1387,3,1,251.46,2193889.24,35664.11,0,1,4
1388,3,1,277.11,3023687.5,10916.38,1,2,1
1389,2,1,396.02,3463617.78,66646.61,1,1,4
1390,0,1,65.81,4386753.88,28554.48,1,0,3
1391,0,0,149.95,2035063.88,26055.95,0,0,4
1392,4,1,389.5,2655136.03,29276.5,1,3,4
1393,3,1,2.39,1883166.6,92062.11,0,0,2
1394,3,0,47.41,3241626.65,52041.63,1,3,2
1395,4,1,487.57,295789.84,94928.12,1,0,3
1396,5,1,444.51,3954041.25,82524.0,0,0,3
1397,1,1,300.84,3802038.08,12223.05,1,1,2
1398,5,0,237.73,4577577.64,94789.64,1,3,3
1399,0,1,361.48,4429759.87,99020.63,1,1,4
1400,2,0,116.35,4032988.9,78973.2,1,0,4
1401,5,0,97.61,89708.87,76067.83,1,0,1
1402,1,0,451.84,1581869.49,53530.4,0,3,2
1403,0,0,173.99,3638666.17,59289.0,1,2,3
1404,5,0,110.63,2402359.21,23887.07,1,3,4
1405,0,0,326.03,3701818.85,18477.28,0,1,3
1406,1,0,446.73,1847084.46,75099.14,0,3,2
1407,2,1,202.62,428003.19,54332.45,0,2,2
1408,0,0,224.65,1548021.8,37182.57,0,1,1
1409,2,1,284.71,948745.99,41888.94,0,0,2
1410,0,1,204.15,1677531.62,61245.64,0,3,1
1411,1,0,30.99,1746563.82,82937.41,0,2,1
1412,0,1,477.2,2069198.84,70821.86,0,1,2
1413,2,0,311.27,3893515.54,57723.67,0,2,1
1414,2,0,197.6,1363309.67,98682.28,1,1,3
1415,1,0,61.13,1302617.84,78417.07,1,3,2
1416,5,1,281.79,505522.0,98565.88,1,3,2
1417,1,1,164.93,3745257.24,20183.44,1,1,1
1418,5,0,462.05,4771576.6,90232.72,0,2,4
1419,5,1,363.96,3693519.94,7987.91,0,3,2
1420,0,1,75.16,818093.53,85138.4,1,3,3
1421,1,0,243.44,4051757.01,48863.34,0,1,4
1422,3,0,107.89,3041485.11,66413.81,0,2,1
1423,4,1,291.26,2206766.85,66649.65,1,1,3
1424,0,0,423.15,551665.91,16915.95,0,3,2
1425,5,1,441.57,2971145.51,56315.54,1,3,2
1426,3,0,94.13,4403452.22,99195.5,1,3,3
1427,3,1,330.01,2086636.96,36681.2,1,3,3
1428,1,1,113.43,1772385.26,40240.13,1,2,2
1429,0,1,374.18,1061946.99,97909.5,1,3,4
1430,5,0,465.18,985323.73,70032.84,1,3,2
1431,0,1,269.5,4740772.77,13664.54,0,3,3
1432,1,1,473.62,3858119.33,45348.93,1,1,3
1433,0,0,152.51,1247642.45,53210.7,1,3,1
1434,5,1,239.88,1251759.99,60878.89,1,0,2
1435,0,0,66.35,2106495.16,88435.02,0,0,2
1436,4,0,30.65,1855142.07,75151.24,1,1,4
1437,1,0,230.05,4354760.42,23201.06,1,2,3
1438,0,1,292.14,4323919.62,7544.64,0,2,1
1439,4,0,105.96,1150899.01,65124.92,1,1,4
1440,0,0,92.91,66893.08,79286.82,0,2,2
1441,3,0,115.27,1976983.22,13618.5,0,3,1
1442,1,0,472.82,3079979.24,67886.66,1,2,1
1443,0,0,432.68,1857940.75,78061.47,0,0,4
1444,5,0,488.58,1061271.87,20525.97,0,1,3
1445,4,0,401.74,543665.23,5019.24,0,3,1
1446,4,0,69.99,4659764.37,34210.65,1,0,4
1447,0,1,35.47,907592.87,43812.2,1,0,1
1448,5,1,421.28,1861649.91,24918.54,0,1,2
1449,2,0,336.35,593594.03,29578.07,0,1,1
1450,0,1,435.0,2898430.05,60681.86,0,2,3
1451,0,1,363.31,3316539.0,46977.61,1,3,3
1452,0,0,340.46,4182474.81,54029.62,1,0,3
1453,4,0,368.43,2406521.84,45759.82,1,0,2
1454,3,1,467.03,3267771.2,14476.95,1,3,1
1455,4,0,53.05,2355692.17,53631.99,1,1,1
1456,5,1,89.04,1588408.73,94645.8,0,2,3
1457,5,1,207.02,169292.82,33583.2,1,3,1
1458,0,1,473.24,1735667.77,96922.11,0,2,4
1459,4,1,46.28,1491004.43,6515.14,1,0,3
1460,1,1,177.55,636126.7,36903.03,1,3,2
1461,1,1,79.12,4900925.06,17929.4,1,0,2
1462,0,1,386.39,4391384.46,79684.71,1,0,4
1463,3,0,80.48,3016201.0,41554.24,1,3,1
1464,4,1,453.15,4424264.13,36183.88,0,2,4
1465,3,1,119.28,4589271.6,75229.89,1,2,2
1466,0,0,197.67,1525071.19,10853.93,1,1,1
1467,4,0,363.07,4777717.49,81925.73,0,2,1
1468,2,0,179.91,2885075.02,86582.26,1,0,4
1469,0,1,300.73,3833018.94,67888.0,0,2,1
1470,0,0,227.1,2504733.61,72552.71,1,2,4
1471,1,1,43.27,522201.62,80560.85,1,2,1
1472,2,0,132.89,1542991.68,96579.48,0,2,3
1473,5,1,227.68,2836029.27,79780.07,1,2,4
1474,2,0,245.95,4851426.68,10565.99,1,0,3
1475,0,0,265.78,2575315.95,10826.62,1,0,4
1476,3,0,359.84,2490790.51,63404.87,1,0,3
1477,2,0,244.7,3369974.95,89756.68,1,2,1
1478,5,0,349.46,4844948.35,9170.31,0,3,2
1479,4,1,37.33,1274492.26,34156.65,1,1,3
1480,4,0,71.08,1978384.84,47684.79,1,1,2
1481,2,1,263.85,173484.32,87209.58,1,2,1
1482,5,0,406.28,3543269.23,98069.44,1,1,1
1483,1,0,140.74,2447859.41,9422.44,0,1,2
1484,1,1,341.87,2451970.73,94765.04,0,2,2
1485,4,0,301.73,4280978.48,50807.29,1,3,4
1486,5,0,318.85,2762190.7,64323.27,1,1,2
1487,0,1,272.1,4938362.49,65826.07,0,2,4
1488,0,0,433.2,3474391.38,59287.26,0,2,3
1489,3,1,308.07,3431413.76,75346.85,0,2,4
1490,4,1,452.63,465247.44,16908.68,1,2,4
1491,0,1,87.83,245377.23,1640.71,1,3,3
1492,4,0,186.02,3273733.44,73832.58,0,2,1
1493,4,0,497.04,3280622.71,78182.6,0,1,1
1494,2,0,167.37,4296555.07,74969.43,1,3,3
1495,2,0,167.59,3855469.25,89457.55,0,1,2
1496,1,0,491.25,2302081.19,40617.3,0,2,3
1497,0,0,250.7,4699729.26,5393.04,0,0,1
1498,2,0,15.37,168357.98,79293.62,1,3,3
1499,4,0,147.1,2729156.08,87380.21,1,0,4
1500,4,1,21.62,2356390.42,17037.05,1,2,2
1501,3,0,495.55,1569033.32,82726.18,1,1,1
1502,1,1,7.18,367605.53,93442.28,1,2,2
1503,5,0,413.68,4621606.38,62909.51,0,3,2
1504,2,0,21.81,2235439.06,50584.52,0,1,1
1505,5,0,288.16,2687682.39,10849.32,1,1,2
1506,2,1,475.64,1735445.15,8867.34,0,1,3
1507,0,1,78.83,2862328.29,14642.15,0,3,2
1508,4,1,287.26,922961.39,6902.29,1,3,1
1509,5,1,130.69,136612.3,81895.45,0,0,4
1510,3,0,236.53,3906925.97,75332.0,1,1,3
1511,3,1,482.99,2473386.73,85694.72,0,2,4
1512,5,0,260.55,693108.09,12799.87,0,2,3
1513,0,0,135.79,3903911.71,15300.16,0,1,1
1514,2,0,102.55,4180320.49,50314.24,1,3,1
1515,5,0,344.54,431421.74,68231.94,0,1,1
1516,3,0,225.65,578128.0,65708.35,0,1,4
1517,5,0,322.55,2872557.59,82216.74,0,0,1
1518,2,1,338.1,2446892.57,81187.96,0,2,1
1519,1,0,91.7,4855855.64,48773.76,0,1,1
1520,5,0,13.29,273726.1,21204.23,1,3,4
1521,3,0,258.86,4560952.3,6303.26,1,1,4
1522,3,1,130.98,1736882.92,28568.98,1,3,2
1523,0,0,228.66,4602521.47,73594.63,1,0,4
1524,5,1,17.07,3893809.57,9777.24,1,0,4
1525,0,1,179.62,1858107.13,72901.73,0,2,2
1526,2,1,161.26,2948868.54,2660.24,1,1,4
1527,0,0,261.51,2972181.99,3032.03,0,3,1
1528,1,1,27.4,3846688.07,85677.1,1,1,1
1529,2,1,109.69,429364.93,93816.39,0,2,4
1530,1,0,444.76,4828017.07,30812.96,0,2,3
1531,2,0,312.3,3652865.67,77295.65,0,3,4
1532,5,1,361.08,4153469.47,28468.62,0,0,1
1533,3,1,467.55,858659.65,97897.87,1,1,3
1534,3,0,388.75,2147557.02,10846.81,0,0,3
1535,1,0,415.9,3427100.27,65605.27,0,2,4
1536,2,0,167.8,889749.44,40624.48,0,3,3
1537,3,0,245.14,457278.18,23865.68,0,3,1
1538,3,0,143.84,4324274.74,9938.0,1,3,4
1539,5,1,134.22,3199545.62,57441.19,1,3,1
1540,3,1,292.95,2518348.91,94630.59,0,2,3
1541,2,1,163.89,3185838.68,22568.05,1,0,3
1542,4,0,425.54,1725057.16,42372.6,1,0,3
1543,2,0,58.94,632306.29,20809.3,1,2,1
1544,5,0,396.41,2187038.73,17981.57,0,2,1
1545,2,0,415.28,797595.84,45097.64,1,2,4
1546,5,1,214.4,2485789.85,76265.19,0,3,2
1547,2,1,293.66,4318198.01,76897.82,1,1,4
1548,3,1,398.92,372678.64,52122.42,1,2,3
1549,2,1,304.58,1139445.35,74118.47,0,3,2
1550,1,1,360.38,3203059.23,10489.79,0,2,1
1551,3,1,199.35,3030783.11,26284.67,0,0,3
1552,1,1,350.26,2042250.4,10572.91,0,0,3
1553,3,0,311.82,3069107.47,44025.39,1,0,2
1554,4,0,408.21,1026097.57,31307.6,1,0,3
1555,3,0,139.68,4318848.84,25376.52,0,0,3
1556,0,1,163.55,3994497.99,90744.2,0,2,2
1557,5,0,132.47,2217492.5,61711.4,1,0,4
1558,1,0,223.32,2774785.32,93430.0,0,1,3
1559,3,0,402.62,4924534.59,23957.8,1,1,3
1560,3,1,298.17,4309079.14,37350.19,0,0,2
1561,2,0,466.98,982629.1,93367.39,1,1,2
1562,0,0,315.24,4139934.16,38502.0,0,1,4
1563,3,0,345.27,743634.23,25836.18,0,0,4
1564,5,1,275.41,4728152.0,8808.99,1,3,3
1565,1,0,394.06,3243618.67,67672.22,0,0,2
1566,3,0,495.22,145600.68,78234.35,0,1,4
1567,1,1,467.21,1864498.27,87721.4,0,3,2
1568,4,1,436.96,1033856.76,49922.21,0,1,2
1569,2,1,474.53,1894267.83,7993.83,0,0,3
1570,2,0,316.58,3781764.56,2652.13,0,2,4
1571,3,1,281.35,4833752.81,96579.12,1,2,3
1572,3,1,47.29,4362288.58,90991.28,0,3,3
1573,2,1,495.88,707964.08,98050.39,1,2,4
1574,5,0,303.85,1057360.39,52310.86,0,0,3
1575,4,0,161.87,4539152.81,38624.38,1,2,2
1576,2,0,20.71,1734863.5,58653.36,1,2,4
1577,0,1,62.64,1802423.72,51655.3,0,2,2
1578,5,0,140.91,3335248.98,3732.21,0,2,2
1579,2,0,186.09,1048185.8,3564.12,0,2,1
1580,5,0,71.16,2613092.25,80483.49,1,2,4
1581,2,1,404.5,2871843.78,31509.89,1,2,2
1582,3,0,341.16,4572090.42,21622.68,0,1,3
1583,1,1,185.18,4192899.13,98558.56,1,2,3
1584,0,1,349.36,286484.91,28964.34,1,3,1
1585,4,0,30.92,1147607.31,95831.88,0,1,4
1586,0,1,170.53,2514293.11,78332.63,0,0,2
1587,5,1,401.35,3421389.4,3274.51,1,0,1
1588,0,0,106.07,2873595.04,9044.92,0,0,3
1589,5,0,216.52,4096524.07,86539.32,0,0,3
1590,2,1,44.93,1317102.06,32645.37,1,1,2
1591,5,1,491.67,4353818.94,56578.09,0,2,3
1592,2,0,216.06,2262017.5,58409.14,1,1,1
1593,2,0,368.53,3347065.87,37318.25,0,2,1
1594,3,1,339.87,234917.21,20960.24,1,0,4
1595,1,0,297.2,612834.28,24536.27,0,1,3
1596,0,0,141.03,957357.96,57384.31,1,3,4
1597,4,0,259.2,4705550.55,24840.42,0,1,2
1598,0,0,260.83,4336048.78,48281.43,1,0,1
1599,4,1,446.65,2382333.41,75083.07,0,3,3
1600,3,0,480.82,3550404.02,26468.07,0,2,2
1601,1,1,483.18,2871182.08,85164.65,0,1,3
1602,1,1,86.05,4958145.9,37526.54,0,2,1
1603,2,1,59.52,2200894.18,68163.06,0,2,3
1604,2,1,346.87,4265558.84,70723.37,0,2,3
1605,0,1,142.29,4103802.49,98413.85,1,1,1
1606,5,0,184.55,1278414.65,1432.7,0,1,3
1607,0,1,176.21,3689856.83,21196.55,1,2,3
1608,3,1,463.15,588100.1,83309.42,1,0,1
1609,0,0,416.2,2049958.98,69770.94,0,0,2
1610,3,0,493.84,4341184.76,9217.47,1,2,3
1611,3,1,471.84,4587576.85,10285.7,0,1,4
1612,4,1,105.58,1433800.51,17009.53,1,0,3
1613,5,0,135.48,4225529.22,92054.41,1,0,4
1614,4,0,443.66,3351784.6,16414.69,1,2,1
1615,2,0,240.46,244052.87,31180.52,0,0,1
1616,0,1,58.18,392269.47,27598.68,0,1,1
1617,5,0,130.81,2481986.28,48769.76,1,3,3
1618,2,0,235.94,4275933.34,99473.12,1,0,2
1619,5,0,374.32,2122514.27,38454.6,1,0,2
1620,4,1,442.19,2851730.23,90710.2,0,2,2
1621,0,1,326.22,2999766.75,42260.71,1,1,1
1622,2,1,179.84,4427398.72,82129.69,0,2,3
1623,1,0,246.18,903144.47,39336.24,1,1,1
1624,3,0,324.05,998392.38,76494.44,0,0,3
1625,0,0,288.27,4176949.61,54159.32,0,3,4
1626,4,0,10.07,786414.68,83053.4,1,1,2
1627,3,0,267.15,4808434.68,42955.6,1,3,1
1628,4,1,290.1,978047.44,71598.2,1,3,1
1629,2,0,204.57,2807927.43,91791.75,0,3,2
1630,0,0,231.21,4269403.34,20339.16,1,0,4
1631,2,0,12.9,4930382.33,49940.68,0,2,1
1632,2,1,62.79,3753630.0,33384.99,0,3,2
1633,2,1,407.04,2180050.42,14026.55,1,3,1
1634,3,0,449.27,718662.25,11662.37,1,3,3
1635,4,0,360.34,3793569.43,4401.98,1,3,4
1636,5,0,123.16,350506.48,74729.36,0,3,3
1637,1,1,489.23,4630530.24,23737.73,1,0,1
1638,0,1,298.93,4378386.7,96757.86,1,1,3
1639,3,1,1.81,624345.05,73069.49,0,2,4
1640,4,0,439.25,1668019.74,66479.76,0,0,1
1641,4,0,88.98,2719341.79,19721.68,1,2,1
1642,4,1,349.56,1529787.81,30147.09,1,2,3
1643,3,1,399.95,310736.23,25330.55,1,0,1
1644,2,1,26.89,1852789.79,89364.16,1,2,1
1645,5,1,118.08,2913739.23,60808.4,0,2,2
1646,4,1,160.57,1832695.39,38698.78,0,1,3
1647,2,0,37.23,4593849.14,94495.74,1,0,1
1648,3,1,25.92,3749511.57,36903.48,1,0,4
1649,2,1,71.28,2653544.26,81950.27,0,3,4
1650,0,1,444.96,4020668.61,44182.7,1,0,1
1651,0,0,399.77,4866059.91,18308.24,1,0,4
1652,3,0,403.47,1332289.89,11587.45,0,2,1
1653,0,1,206.69,2623387.76,52582.71,1,3,4
1654,0,0,462.07,1479115.45,51895.44,1,2,3
1655,3,0,109.99,562817.76,32682.07,0,3,3
1656,5,0,85.29,994585.06,61591.81,0,1,3
1657,1,0,45.44,1046802.98,33771.64,0,3,4
1658,2,0,336.43,1708093.8,80827.76,1,3,1
1659,5,1,442.79,3668414.09,94340.78,0,1,3
1660,4,1,471.68,2631023.04,23417.23,0,0,4
1661,1,1,291.49,4838040.32,40465.9,1,0,3
1662,3,0,88.62,3093606.93,19976.58,1,1,2
1663,0,1,442.93,808421.16,22013.58,1,0,3
1664,5,1,490.95,1713649.78,17159.59,0,0,1
1665,3,1,249.43,4219459.17,40947.25,0,0,2
1666,2,0,147.56,2225449.92,28355.45,1,2,1
1667,0,0,309.58,2467583.01,23036.13,1,1,4
1668,0,0,31.3,4235119.04,52960.78,1,3,2
1669,4,0,446.81,827897.37,61595.56,1,2,4
1670,5,1,100.91,897446.28,45074.18,0,3,4
1671,5,1,241.52,2904846.14,17449.74,0,0,4
1672,2,1,224.55,4611514.96,8995.45,0,0,2
1673,0,0,422.58,3351227.6,12797.65,1,1,3
1674,0,1,66.84,3470892.41,75030.31,1,3,2
1675,1,0,141.54,2595584.39,47928.11,1,3,3
1676,2,1,135.41,1739933.8,11282.34,0,1,4
1677,5,0,310.3,1355131.65,12684.29,1,3,1
1678,4,0,405.0,1487349.2,95721.96,1,0,1
1679,5,0,239.07,2297510.96,68441.0,1,0,4
1680,4,1,277.6,304613.02,48045.12,0,1,4
1681,1,0,154.42,2950857.28,15099.9,0,1,4
1682,5,0,175.77,4340977.4,28785.02,0,0,2
1683,2,0,430.68,3239046.66,94613.61,1,2,1
1684,0,0,26.93,2281611.47,51832.42,1,2,1
1685,1,0,216.87,2978890.03,36788.28,1,2,3
1686,5,0,14.14,3905494.18,74656.94,1,1,2
1687,5,0,306.29,4436465.5,34917.66,0,3,4
1688,0,0,43.97,1996674.37,39601.74,1,3,3
1689,2,1,264.67,4350498.21,50585.88,1,3,2
1690,3,1,106.33,862345.68,9275.25,1,0,1
1691,2,0,224.02,1488191.03,46180.48,1,2,2
1692,4,1,306.83,515579.76,34174.57,0,2,4
1693,3,1,46.57,410704.52,23479.83,1,2,1
1694,4,0,18.42,1709799.03,87409.94,0,1,4
1695,4,1,330.97,2773203.98,55849.94,0,2,4
1696,4,1,292.68,4868484.85,49876.69,1,3,4
1697,1,1,147.0,3144574.66,44824.65,1,3,2
1698,5,1,224.08,1613458.65,80475.17,1,2,3
1699,5,1,181.88,4635205.27,56414.7,0,1,1
1700,2,1,387.05,3416060.57,50461.73,0,1,1
1701,4,1,40.35,1918566.63,13721.01,0,1,2
1702,1,0,139.71,4008372.37,9981.49,1,0,2
1703,0,0,29.3,4160989.35,55072.24,0,0,1
1704,1,0,399.48,2369614.18,70874.67,1,2,3
1705,2,1,60.58,4198360.52,67447.17,1,1,4
1706,2,1,378.32,1437013.06,91927.73,0,2,2
1707,2,0,328.15,1766496.98,32338.4,1,2,3
1708,5,0,286.88,4269467.63,38388.69,0,0,1
1709,0,1,186.88,988854.58,26675.67,0,1,1
1710,1,1,126.1,2110638.94,74268.78,0,2,2
1711,4,1,26.03,3800104.45,13091.23,1,2,2
1712,2,0,277.61,896603.72,98345.96,1,1,3
1713,1,1,81.82,4675273.87,73767.97,1,2,4
1714,1,0,227.68,3225974.58,68053.27,1,0,3
1715,1,0,279.32,4404919.73,17922.82,1,2,1
1716,5,0,467.43,3805912.27,7612.09,0,3,2
1717,3,0,169.25,1608554.3,60097.83,1,3,3
1718,3,1,73.8,3566543.42,80507.64,1,1,1
1719,0,0,182.61,4850284.65,28396.46,1,1,3
1720,5,1,166.77,669058.58,98366.01,1,3,1
1721,1,0,427.59,913836.43,59483.02,1,2,3
1722,4,0,124.72,1760648.88,3361.35,0,0,4
1723,1,1,162.95,4875282.95,56964.0,0,3,1
1724,5,0,17.65,3161613.76,57314.54,0,0,4
1725,1,0,168.09,3306645.37,11326.23,0,0,4
1726,2,1,168.05,4511580.02,57706.6,0,0,3
1727,5,1,292.07,4387609.95,27889.52,0,0,3
1728,4,0,329.29,1133875.27,60781.57,0,2,4
1729,3,0,389.34,4840802.2,85219.43,0,2,3
1730,1,0,215.67,1147970.46,66237.97,1,2,1
1731,1,0,230.5,954711.1,2694.45,1,0,1
1732,3,1,472.43,4734521.44,69114.64,0,0,1
1733,5,0,378.68,567810.28,65311.77,1,2,4
1734,4,0,96.41,4512623.82,42235.58,1,3,3
1735,2,0,22.53,3943029.69,78360.53,1,3,3
1736,5,0,252.73,4120554.31,61147.41,0,2,3
1737,1,0,312.81,513220.16,39275.85,0,0,3
1738,5,0,11.22,3661147.05,19273.73,0,0,2
1739,2,1,432.04,986239.63,10736.01,0,3,2
1740,5,1,193.07,3326332.85,36924.09,0,2,1
1741,4,0,399.73,1361722.75,84365.0,0,2,1
1742,5,0,59.98,83068.41,4432.52,0,2,2
1743,1,1,260.37,4620687.06,16824.6,0,2,3
1744,2,0,307.87,4002820.1,95121.3,0,2,4
1745,1,0,42.76,4810240.91,51274.68,0,1,4
1746,2,0,371.64,4389019.06,93602.18,1,2,2
1747,1,1,378.68,4947642.16,42862.9,1,1,1
1748,0,0,348.33,4469498.33,12337.09,1,0,1
1749,5,0,220.77,2006262.01,53169.31,1,0,1
1750,5,1,125.48,3403679.48,97948.95,0,0,1
1751,4,1,260.04,1512603.83,80622.08,0,0,1
1752,2,1,135.71,452792.55,33113.43,0,0,2
1753,0,0,41.5,1902934.22,95275.12,0,0,1
1754,1,0,46.84,649573.57,18045.99,0,1,1
1755,1,0,469.76,4502447.64,62813.85,0,1,4
1756,4,1,419.39,306960.3,55662.7,1,1,1
1757,0,1,389.05,1284316.07,38015.92,1,0,2
1758,3,0,405.41,4790992.31,38340.1,0,0,2
1759,4,0,32.24,4194227.28,97914.14,1,3,1
1760,3,1,122.79,4119783.94,94372.8,1,0,1
1761,2,0,218.43,1224676.84,3958.06,1,3,1
1762,2,0,480.9,4610602.48,62532.76,0,0,2
1763,2,1,268.01,1312425.81,56218.26,0,3,4
1764,1,1,4.12,1148806.89,94349.23,0,2,4
1765,4,0,72.58,3955973.75,87847.18,1,0,1
1766,0,1,52.99,3653674.1,91615.7,1,2,1
1767,2,0,196.27,616382.65,80019.07,0,1,2
1768,1,0,483.06,4312356.75,29737.06,1,3,4
1769,0,1,19.26,3043524.17,63930.64,0,2,3
1770,5,1,318.16,3834735.78,50655.11,1,1,1
1771,0,1,161.02,4266823.06,17374.61,0,2,1
1772,5,0,153.09,3944753.03,26498.26,0,3,2
1773,1,1,324.21,3087992.51,64316.07,1,2,2
1774,2,0,458.6,3964347.77,95640.71,1,0,4
1775,1,0,319.84,1008925.3,94032.06,0,0,3
1776,1,1,182.93,3706360.86,65963.59,1,3,1
1777,4,0,250.79,2606904.71,76015.01,1,1,2
1778,4,1,342.44,2701193.69,58797.42,0,0,4
1779,1,1,394.37,1583730.95,68454.36,1,1,1
1780,5,0,207.77,2986505.33,56468.24,0,0,3
1781,3,1,114.45,1630531.05,20682.76,1,3,3
1782,2,0,108.71,176783.1,22694.8,1,1,4
1783,3,0,478.08,2003183.29,21741.99,0,1,4
1784,0,1,189.68,2055561.28,15294.28,0,3,3
1785,2,0,183.1,1700363.38,32506.78,0,3,1
1786,4,0,488.79,4112389.63,92244.03,0,3,3
1787,3,0,497.79,4394942.97,47867.54,0,3,2
1788,2,1,199.02,972265.63,12074.42,0,3,1
1789,0,0,13.53,1878321.87,62470.75,1,2,3
1790,4,1,332.67,3597947.42,55319.01,1,1,4
1791,0,0,63.68,2075528.38,2675.97,0,0,2
1792,1,1,394.8,1347161.99,68181.66,0,0,3
1793,3,1,499.32,1493029.05,89236.05,1,0,2
1794,5,1,50.48,355282.86,60342.38,1,3,4
1795,4,1,456.06,3430386.1,9994.23,0,1,2
1796,5,1,202.19,2619517.86,26891.42,0,2,4
1797,3,0,5.68,2171550.51,74746.27,1,0,1
1798,2,1,29.64,930277.2,66181.66,0,2,3
1799,0,1,405.32,2497364.39,57752.61,1,1,1
1800,5,1,60.99,3489283.55,31152.5,0,3,2
1801,4,1,60.67,3254350.94,41327.1,1,3,2
1802,5,1,270.22,1476982.91,74653.83,0,2,3
1803,4,1,383.33,3704087.32,39414.89,1,0,4
1804,4,0,16.17,1651339.58,58327.44,1,3,1
1805,0,1,480.43,1291685.13,62277.75,1,0,2
1806,1,1,30.12,4244253.49,18190.79,0,0,3
1807,3,1,424.75,3716311.1,42041.33,1,1,1
1808,1,1,166.04,3585388.34,19488.59,1,0,4
1809,0,1,333.07,2556455.27,59038.77,0,2,4
1810,5,1,73.46,1180569.35,81428.2,0,0,2
1811,2,0,407.88,1485317.2,41384.76,1,3,1
1812,5,0,110.36,1657579.68,80352.56,0,0,4
1813,1,0,340.51,649634.93,2074.73,1,0,1
1814,4,0,432.56,2262976.06,35525.52,0,2,2
1815,1,0,412.05,1762895.0,62197.18,1,1,3
1816,2,1,84.5,4417998.49,62249.96,1,1,3
1817,0,1,196.02,114423.91,94317.86,1,0,1
1818,4,0,261.15,1056323.83,98974.59,0,3,4
1819,5,1,451.12,760775.91,19874.55,0,2,4
1820,4,0,6.25,1366189.88,55181.13,1,0,4
1821,3,1,286.63,3063887.46,61403.32,1,2,3
1822,2,1,59.85,2265906.89,51415.0,1,0,3
1823,5,0,64.89,2588946.21,19376.56,1,0,3
1824,1,1,452.02,3262784.99,98228.06,1,2,3
1825,0,0,477.4,486952.3,22732.52,0,2,3
1826,2,0,270.52,1619944.2,3093.6,1,0,3
1827,4,1,255.12,1833620.74,90666.37,0,3,4
1828,0,0,71.78,3886459.92,25687.89,0,3,4
1829,3,0,62.63,3204877.65,34867.52,1,2,1
1830,3,0,254.71,2967719.66,16125.55,0,0,2
1831,3,0,358.81,4220663.99,98689.53,1,1,2
1832,2,0,129.27,2565731.58,62895.68,1,2,1
1833,1,0,60.68,4978745.18,35041.72,0,1,1
1834,1,0,308.5,4649259.9,62538.09,0,2,1
1835,4,0,252.57,4094090.91,97362.53,0,2,2
1836,2,1,354.35,844401.28,97052.1,1,3,2
1837,0,1,410.82,3516300.61,55042.37,1,1,1
1838,4,1,322.27,2372753.97,27708.6,1,2,3
1839,2,1,69.58,566043.3,96544.92,0,0,3
1840,2,0,30.65,4110327.58,70404.94,1,3,1
1841,1,0,270.72,4575969.36,36009.4,0,1,2
1842,5,0,217.87,829839.77,76731.06,1,2,4
1843,4,1,240.42,2194711.35,10442.69,1,2,2
1844,1,0,271.96,2749958.25,55469.72,0,0,2
1845,4,1,434.44,3848225.43,22067.19,0,0,4
1846,4,0,451.61,1111346.81,23142.57,0,1,4
1847,3,1,175.94,1707107.69,54169.87,0,0,2
1848,5,1,72.73,483075.26,50512.33,0,3,1
1849,5,1,190.23,865666.73,38256.08,0,1,1
1850,1,1,351.04,3931709.07,63919.31,1,3,2
1851,4,0,489.31,4797105.09,68252.24,0,2,3
1852,0,1,338.38,1481764.43,55779.29,1,1,3
1853,3,1,454.39,4248926.53,10203.41,0,2,2
1854,1,0,238.49,4209628.59,48741.13,1,2,4
1855,5,0,144.48,713821.42,29536.24,0,3,4
1856,3,1,455.53,2899541.23,72311.51,1,3,1
1857,2,1,478.49,846041.59,61895.7,1,2,2
1858,1,1,251.83,885206.65,18065.2,0,3,4
1859,2,0,37.38,394277.18,61902.03,0,3,2
1860,2,0,255.39,361355.97,93231.76,1,0,4
1861,2,0,74.62,3472161.94,65313.94,1,0,3
1862,1,0,68.07,1337272.9,38165.86,1,3,1
1863,5,0,416.59,4163648.26,83696.62,1,0,4
1864,3,1,49.55,516157.33,31532.96,1,0,1
1865,1,1,76.28,3090352.86,15964.94,1,3,4
1866,0,1,174.48,1998995.43,49387.77,1,3,1
1867,3,0,175.97,194376.46,71049.02,0,1,1
1868,1,1,53.9,4600736.68,70208.95,0,2,2
1869,1,0,224.23,4583605.14,90553.51,1,1,3
1870,3,0,147.39,166295.25,1477.36,0,3,2
1871,5,1,87.14,185692.14,87499.33,1,3,3
1872,5,0,170.48,3641808.17,90347.17,0,2,3
1873,3,0,149.66,326837.24,89883.99,0,2,3
1874,0,0,476.46,4821891.58,3765.41,0,3,2
1875,2,0,293.34,581016.27,52652.46,0,1,4
1876,1,1,238.93,2690354.67,38775.67,0,3,3
1877,3,1,473.07,279230.02,62678.8,1,1,2
1878,0,0,3.67,4665254.32,69507.25,1,2,3
1879,0,0,61.56,3305602.68,80940.45,0,2,2
1880,5,1,314.19,272100.45,11445.68,0,2,1
1881,3,0,208.03,1107907.09,55335.35,0,2,3
1882,1,0,328.48,3417246.67,58306.72,1,3,4
1883,4,0,21.34,2810086.18,98400.16,1,1,2
1884,2,1,88.87,3580263.26,30074.41,1,2,1
1885,1,0,460.57,2663424.09,26279.39,0,0,2
1886,5,0,69.86,4419346.63,75373.06,0,1,4
1887,1,1,70.71,1557452.3,76277.62,0,0,1
1888,4,1,115.57,2913987.35,11729.82,1,3,2
1889,5,1,233.01,954511.47,74355.03,0,2,1
1890,3,0,44.55,2743501.28,46949.73,0,0,2
1891,5,0,31.52,1603402.07,96019.45,1,2,2
1892,3,1,389.39,585423.72,67726.93,0,3,1
1893,2,0,199.22,3818050.73,6201.74,1,3,4
1894,4,0,29.01,1110283.02,65818.49,0,2,2
1895,3,1,198.95,1473301.89,64159.34,0,1,2
1896,4,0,29.5,2175886.14,4088.95,1,3,2
1897,2,1,401.91,244799.26,66885.98,1,3,4
1898,4,1,270.44,3460658.1,35783.68,0,2,2
1899,1,0,300.55,3387838.62,99701.56,1,1,1
1900,5,0,262.37,2851588.81,31192.98,1,1,2
1901,2,1,390.51,2201237.85,19984.96,0,0,2
1902,3,1,154.34,4922085.67,28423.18,0,2,2
1903,3,1,349.16,2045179.01,24398.81,1,0,1
1904,4,0,359.92,2133283.44,16293.36,1,3,2
1905,1,1,362.25,4221045.43,81310.13,0,3,4
1906,2,1,137.19,3090949.18,32825.31,1,3,3
1907,3,1,226.57,4283327.1,40660.04,0,3,3
1908,0,0,27.78,1400726.3,12344.74,0,1,4
1909,0,0,243.44,844671.86,80319.17,1,3,2
1910,3,0,128.33,3122360.67,40394.85,1,0,3
1911,5,0,59.49,1818866.08,33120.26,0,1,2
1912,0,1,417.96,305040.88,63409.54,0,3,2
1913,0,0,41.19,1041639.21,92658.98,0,1,1
1914,3,0,52.29,2983792.55,89268.11,1,0,1
1915,1,1,158.93,2658101.32,85598.24,0,2,2
1916,5,1,439.61,4208224.19,5524.65,0,2,2
1917,5,0,191.98,3178421.05,17451.45,1,1,3
1918,5,1,63.72,3712622.22,88138.99,1,1,4
1919,3,1,259.67,1137991.72,75898.39,1,0,3
1920,5,0,103.57,3776807.82,95139.49,0,0,2
1921,3,0,324.85,1555540.37,95425.69,1,2,3
1922,5,0,14.25,1409728.31,47338.26,0,3,3
1923,1,1,131.08,1978872.67,17137.79,1,2,4
1924,0,1,229.28,1309738.04,52329.91,1,3,1
1925,3,0,448.62,1007785.17,26353.68,1,1,2
1926,5,0,269.41,562876.55,18181.9,1,3,2
1927,2,1,159.16,1184146.99,68861.85,0,1,2
1928,3,0,22.98,3593165.53,51790.96,1,3,4
1929,1,1,231.69,4108533.42,77990.89,0,1,4
1930,2,1,103.72,4068497.84,26294.9,0,0,4
1931,3,1,166.75,1339733.32,4568.48,1,0,3
1932,3,0,31.56,3017113.28,87037.36,1,1,3
1933,1,0,462.4,3644698.38,3712.31,1,2,2
1934,3,1,449.78,2321578.74,17453.94,0,2,2
1935,0,0,438.78,1550100.97,43941.71,1,3,4
1936,5,0,108.22,4618329.51,95913.21,0,3,3
1937,1,1,233.24,3090975.89,64640.01,0,0,1
1938,4,1,227.95,2327384.05,63669.43,0,3,2
1939,3,1,95.41,1333161.81,1327.75,1,3,2
1940,2,0,311.22,4248023.0,85862.03,1,2,1
1941,0,0,50.36,2114560.4,19717.98,1,1,3
1942,1,0,359.05,3146568.21,74672.59,0,1,2
1943,1,0,225.23,4046128.84,51280.21,1,3,4
1944,5,1,17.47,2699137.33,52660.4,0,3,2
1945,0,1,463.7,2563706.67,5666.35,0,1,4
1946,0,0,66.27,3475064.7,56482.03,0,3,2
1947,0,1,369.98,3805283.47,92702.59,0,1,1
1948,3,1,359.21,4299162.75,13550.7,0,2,2
1949,5,1,318.9,3069617.53,64780.26,1,3,1
1950,1,0,491.9,360695.94,27261.61,0,3,2
1951,0,0,234.3,4593411.97,21599.74,1,3,3
1952,0,1,37.69,2810930.29,37806.37,0,2,3
1953,3,0,212.91,4324674.91,75534.12,0,0,2
1954,0,1,415.65,2914267.72,99624.84,1,2,4
1955,2,1,378.33,4386996.33,47591.06,0,1,4
1956,4,0,76.39,1445671.0,98249.4,1,3,3
1957,4,1,424.9,4874604.13,78672.93,0,1,4
1958,1,0,305.69,198712.61,22531.5,0,3,4
1959,2,0,7.06,2311962.1,11238.67,0,2,1
1960,0,0,267.81,3656229.31,88743.57,1,2,1
1961,2,0,104.42,4197264.4,36250.86,1,0,3
1962,3,1,475.19,1416352.98,64014.92,0,1,2
1963,0,1,196.82,3683932.26,71267.8,1,2,2
1964,0,1,334.37,3562656.17,57782.09,0,0,3
1965,2,1,14.51,4084429.43,71251.24,0,0,2
1966,3,0,281.89,1793996.55,29151.39,1,1,2
1967,0,1,281.48,1804342.53,71185.96,1,0,4
1968,1,1,26.39,3820637.37,42290.52,0,0,4
1969,1,0,75.25,492919.36,14295.31,1,0,2
1970,0,0,164.97,3197873.37,23161.33,1,3,4
1971,5,1,382.64,547049.01,76666.64,1,0,1
1972,0,1,253.16,3874253.88,21103.21,0,2,1
1973,0,1,16.2,3615616.59,35799.0,1,2,1
1974,2,0,267.94,345277.61,6370.9,1,3,1
1975,3,0,251.95,3152095.29,74024.52,0,3,1
1976,4,0,352.32,2864164.61,40398.27,0,0,3
1977,1,0,431.08,2266754.45,36064.15,0,0,2
1978,3,1,461.58,3487156.46,88486.28,0,3,2
1979,1,0,483.94,2178226.83,9625.66,1,3,1
1980,0,1,450.67,674147.7,9287.57,0,3,1
1981,3,0,149.91,3788683.73,38027.87,0,1,2
1982,5,1,28.37,872885.12,87647.3,1,1,1
1983,5,0,204.92,4308756.14,2365.15,1,2,4
1984,5,1,291.43,2368300.96,14916.0,1,3,3
1985,4,1,107.4,2024080.24,85811.76,0,1,1
1986,5,0,376.35,2602551.37,21114.25,1,3,2
1987,2,0,130.22,1029826.58,45411.41,1,0,3
1988,5,1,63.51,963919.47,79782.94,0,3,4
1989,3,0,427.37,3948525.95,82003.08,0,1,2
1990,1,1,197.15,1699872.85,54721.24,1,1,3
1991,2,1,488.0,2313994.73,67885.08,1,1,2
1992,2,1,298.06,4865368.84,51702.18,0,0,2
1993,0,1,176.15,379496.32,19197.34,1,1,1
1994,2,0,44.88,4538357.36,68445.83,1,3,3
1995,2,0,494.05,415585.8,17497.36,1,0,2
1996,5,1,28.91,1920662.22,17190.34,0,3,4
1997,3,1,101.89,81446.99,11490.76,0,2,4
1998,3,0,140.07,3213505.28,78935.44,0,2,4
1999,2,0,337.2,466249.42,25003.48,0,0,4
2000,4,1,167.2,4196493.27,66043.78,0,3,1
2001,2,1,482.43,296980.98,84558.85,1,2,2
2002,5,0,499.1,861878.24,44698.0,1,0,2
2003,4,0,494.13,2207158.78,88766.29,0,1,4
2004,3,1,424.0,2742075.2,9897.32,1,0,3
2005,2,1,79.17,4712612.7,66285.86,1,0,1
2006,1,0,415.03,4326261.6,5851.12,0,0,2
2007,5,0,247.69,1314769.31,18247.21,0,2,4
2008,4,1,483.63,4457356.53,42521.79,0,1,2
2009,1,0,254.26,687944.66,30042.02,0,2,1
2010,1,0,163.36,1989050.63,68469.34,1,2,3
2011,0,0,182.61,1625445.98,35749.04,1,1,1
2012,0,0,67.07,3708798.76,41300.66,1,0,4
2013,1,1,396.12,4126550.58,8885.89,0,3,2
2014,0,0,220.89,1339934.97,7853.64,1,2,4
2015,0,1,325.65,3056954.38,98131.98,0,0,3
2016,0,0,469.86,4142263.83,66836.04,0,1,3
2017,3,0,165.23,2796750.35,72669.02,1,2,1
2018,0,1,264.8,3865331.28,20602.3,1,0,3
2019,3,1,39.47,4443449.7,83434.67,1,2,4
2020,5,0,261.97,1590748.1,19930.54,1,2,3
2021,2,1,75.23,3621746.38,35384.95,1,2,3
2022,3,0,288.98,903665.68,26129.58,0,2,1
2023,0,0,20.72,2123287.1,1263.32,1,3,4
2024,3,0,284.44,2463684.58,34474.24,0,1,3
2025,4,0,476.08,466360.69,55222.11,0,2,3
2026,3,0,172.74,3506038.72,3534.44,1,3,2
2027,2,0,186.88,918000.8,54416.23,1,1,4
2028,3,0,206.82,4191280.73,11647.47,0,3,2
2029,3,1,284.67,2725173.13,21054.7,1,2,4
2030,1,1,172.76,3495196.09,7349.13,0,2,2
2031,0,1,284.63,3698349.06,54113.59,0,3,4
2032,4,1,355.83,3159304.66,19805.45,1,2,4
2033,1,1,308.62,2252190.25,92264.19,0,0,3
2034,1,0,391.19,1265426.81,75787.21,0,0,2
2035,1,0,418.22,3497048.84,42439.11,1,1,4
2036,2,0,253.09,933693.58,51855.95,0,2,4
2037,3,1,67.96,610682.29,94490.89,0,0,1
2038,1,0,155.43,2622621.25,50648.11,1,1,1
2039,1,1,288.78,1660816.77,46498.49,0,2,2
2040,5,0,90.25,445499.98,12954.86,1,3,1
2041,4,0,38.3,4687909.32,29642.77,0,2,3
2042,3,1,278.84,3079898.18,6113.26,1,1,2
2043,3,0,98.57,2061470.05,15256.7,1,1,2
2044,0,1,204.44,2500599.55,87668.24,0,3,4
2045,2,0,221.66,4867497.47,85114.93,0,1,1
2046,5,1,132.36,3625432.33,88454.87,0,1,2
2047,5,1,370.06,891067.39,30771.64,0,0,3
2048,1,1,452.15,3580207.66,81035.1,1,2,1
2049,2,0,272.28,1331362.9,42428.72,1,3,4
2050,1,0,4.08,789317.49,7739.52,0,1,4
2051,4,1,469.03,1161031.52,45560.58,1,1,4
2052,2,0,211.63,3485391.66,73079.93,0,3,2
2053,2,0,166.51,2689529.66,32123.4,0,1,1
2054,3,1,104.93,827473.56,86345.23,1,3,1
2055,5,0,70.2,1909462.99,41018.07,0,3,2
2056,2,1,372.82,4674975.33,66052.46,1,2,3
2057,2,0,140.3,3632573.67,52021.21,1,2,2
2058,3,0,303.25,4750135.64,10989.62,0,2,4
2059,0,0,133.28,4520320.35,79642.13,1,3,4
2060,4,0,40.05,4978077.44,12817.51,1,0,4
2061,1,1,410.18,4741460.04,4897.25,1,3,4
2062,5,1,260.84,893190.55,57771.88,0,3,3
2063,5,0,235.4,4425754.09,41711.16,0,0,4
2064,0,1,78.35,4226095.97,67849.08,1,2,2
2065,2,1,19.45,4670859.99,77592.75,1,0,2
2066,0,1,189.44,2043770.83,51943.65,1,0,4
2067,5,0,300.35,2980869.49,66436.74,1,0,2
2068,0,0,161.83,1447856.04,51007.67,0,3,2
2069,2,1,390.55,920695.73,45650.07,0,1,4
2070,0,0,316.77,3266475.43,17623.19,1,0,1
2071,0,0,269.12,1314877.66,87296.0,0,0,1
2072,3,0,302.78,1829544.84,85298.42,0,2,1
2073,0,1,89.9,4119517.03,87854.7,1,3,4
2074,1,1,274.24,2842033.52,51742.24,0,2,2
2075,3,0,313.43,1154910.83,85137.39,1,2,2
2076,1,0,221.94,1846909.38,35031.22,0,0,2
2077,2,0,64.45,3102950.27,30217.96,0,3,1
2078,5,0,7.0,3169421.23,76029.43,0,3,3
2079,3,1,80.29,3631690.44,86154.5,0,1,2
2080,4,0,41.81,379486.38,39295.98,0,2,2
2081,2,1,384.18,4592509.81,18019.05,1,1,3
2082,1,0,9.77,4178171.37,59245.15,1,1,3
2083,4,1,319.81,2688317.61,43498.29,0,1,3
2084,5,1,435.51,4047638.56,57962.97,0,3,2
2085,1,1,93.81,3825551.56,96089.8,0,0,1
2086,4,1,239.29,3445560.07,4834.25,1,0,3
2087,3,0,410.5,3784733.2,83636.08,1,1,3
2088,2,1,69.83,1813741.12,81882.86,0,3,3
2089,5,1,266.96,3875533.1,25205.74,1,1,1
2090,4,1,160.13,1930298.59,60972.73,1,0,4
2091,5,1,232.42,1083364.53,32120.98,1,2,1
2092,5,1,139.46,3636684.5,5089.55,0,0,4
2093,4,1,184.98,1242178.06,54577.78,1,2,2
2094,1,1,309.66,1915812.04,57707.49,0,3,2
2095,3,0,386.83,2140871.57,63860.88,0,0,3
2096,3,0,477.4,1710459.67,79644.29,0,3,2
2097,2,1,292.2,1859909.73,23092.42,1,1,3
2098,0,1,179.03,712032.79,77755.87,1,3,2
2099,1,1,495.52,1834929.24,72097.16,0,1,1
2100,5,1,380.23,4920009.38,60178.69,1,0,2
2101,5,1,236.24,1227948.09,54507.84,0,3,4
2102,2,1,374.56,2731663.33,38660.2,0,1,1
2103,0,0,251.81,2948769.59,52387.06,0,2,2
2104,2,1,220.41,3885875.78,77834.99,1,0,1
2105,5,1,447.17,4904897.11,68409.41,1,2,1
2106,0,1,288.73,2727152.95,46307.03,1,3,4
2107,3,0,150.72,745439.04,25107.64,1,2,2
2108,2,1,137.35,4738276.23,35571.07,0,3,3
2109,3,0,75.6,2396506.23,89426.29,1,3,1
2110,2,0,255.58,2957812.95,35711.1,0,3,4
2111,1,1,357.02,1880696.82,83530.36,1,0,1
2112,1,1,350.47,2206496.34,88793.56,0,1,4
2113,5,1,281.04,4737428.22,24600.39,1,1,3
2114,4,0,120.97,3471557.81,81126.05,0,0,4
2115,5,1,186.09,1987198.6,25766.08,1,3,2
2116,2,1,293.47,4923894.28,11561.8,1,3,4
2117,5,0,173.54,1973284.23,65407.43,0,3,3
2118,1,1,327.82,4020898.34,50934.12,0,3,1
2119,2,0,486.52,82140.3,50191.44,1,3,2
2120,1,0,475.73,2575062.61,15094.58,1,2,3
2121,0,0,214.78,2973241.38,41190.44,1,1,2
2122,4,1,71.36,2417816.74,83528.22,1,0,3
2123,3,1,24.49,4412527.32,79084.42,0,2,1
2124,3,1,52.59,3879289.85,86775.53,1,3,1
2125,2,0,60.75,2598024.46,90215.84,1,2,2
2126,3,1,491.27,2083761.08,57883.98,0,2,2
2127,3,0,59.13,2678168.78,67297.55,1,3,4
2128,0,0,418.65,3457556.95,11079.18,1,3,1
2129,4,1,39.66,4476790.99,90124.88,0,2,1
2130,0,0,459.54,1109167.26,62065.31,0,2,2
2131,1,0,35.66,2675224.64,1658.34,0,1,3
2132,4,1,92.22,2357782.31,77243.8,1,1,2
2133,2,0,11.22,3859141.15,33629.4,1,0,2
2134,1,1,162.15,3536142.13,75263.81,1,0,2
2135,4,1,468.68,2330483.94,81812.8,1,1,4
2136,3,0,334.18,3675476.3,17851.39,0,3,1
2137,3,1,387.63,1698724.05,6115.97,1,1,2
2138,1,0,245.54,4023735.86,99005.96,1,2,4
2139,1,1,319.98,3840432.06,4089.43,1,3,4
2140,4,0,242.93,2540016.83,67624.46,1,3,3
2141,4,1,199.4,494649.02,56233.96,1,3,3
2142,2,0,182.23,2528581.38,75856.65,0,3,4
2143,4,1,164.66,857721.36,58436.79,0,2,3
2144,1,0,357.15,967697.43,11645.82,0,0,3
2145,3,0,6.24,1153773.41,70578.82,1,3,3
2146,1,1,70.27,3441072.18,50085.98,0,3,4
2147,3,0,18.32,4625254.01,85553.13,1,0,4
2148,2,1,383.65,3425939.87,40960.25,1,0,1
2149,0,1,225.59,2140533.92,39352.36,1,0,4
2150,5,0,456.17,4257219.86,64999.34,1,1,3
2151,0,1,351.85,4017697.53,71480.98,1,3,3
2152,3,1,390.05,3533249.17,43973.36,0,0,3
2153,5,0,424.38,1807494.42,75372.89,0,2,4
2154,2,1,208.95,3164955.65,44531.09,0,1,3
2155,3,0,11.92,3461774.64,85132.07,0,1,2
2156,3,1,248.8,1972179.0,33049.65,1,1,3
2157,5,1,3.31,1280163.78,34148.59,0,3,2
2158,1,0,339.36,3732548.91,2722.88,0,1,1
2159,2,1,490.78,1325960.65,32244.74,1,2,1
2160,1,1,384.88,1926861.78,86056.03,1,2,3
2161,1,1,141.96,142600.86,71454.75,0,0,2
2162,3,1,441.03,4975375.63,52999.92,1,1,3
2163,4,0,447.2,1945652.21,66327.14,0,3,4
2164,3,1,355.62,2526069.07,28354.54,1,0,1
2165,1,0,407.35,4443977.28,18952.46,1,3,4
2166,1,0,300.53,1997458.82,36049.67,0,2,2
2167,3,0,308.16,4444768.36,45660.72,0,0,4
2168,5,0,47.81,1878693.66,8504.73,0,2,1
2169,3,0,351.99,3873757.37,11238.82,1,0,1
2170,2,0,236.28,1391044.82,47354.49,1,1,3
2171,4,0,266.17,4305893.66,75980.91,1,1,2
2172,0,1,381.79,4242743.19,38971.1,0,3,1
2173,0,0,409.32,932154.54,39375.83,1,1,3
2174,3,0,488.05,4361186.1,29737.52,0,1,3
2175,2,0,421.74,1951865.82,1311.14,1,1,4
2176,3,1,380.45,3888065.63,60071.99,1,0,2
2177,4,0,66.22,3730344.34,42048.4,1,0,4
2178,4,1,149.13,4011796.15,48665.68,0,1,4
2179,3,1,266.48,668794.79,50324.53,1,1,2
2180,4,1,344.6,1167285.05,18852.62,0,3,2
2181,4,0,96.52,1774722.35,2037.73,1,0,4
2182,4,0,170.7,3661868.63,72435.66,0,2,1
2183,4,0,219.57,4752809.04,26192.79,1,0,1
2184,0,1,148.04,972806.54,45563.87,1,3,4
2185,0,0,51.62,3382956.46,11998.15,1,2,2
2186,2,1,235.57,3925874.48,69606.67,1,2,2
2187,2,0,394.78,2868202.64,74436.13,0,2,3
2188,3,0,484.09,4613772.33,23670.92,0,3,4
2189,4,0,49.44,4168652.68,16356.96,1,1,3
2190,2,0,297.42,4817827.14,94725.37,0,1,2
2191,4,1,123.66,1393808.56,21743.15,1,2,4
2192,0,1,344.88,663579.15,49800.79,1,2,2
2193,0,1,69.25,909273.54,93211.13,0,2,4
2194,1,1,411.41,1615629.53,49004.75,1,1,2
2195,0,1,465.71,730539.23,81127.79,0,3,1
2196,1,0,39.16,4640198.48,68968.92,1,1,1
2197,4,0,115.53,4738584.7,61575.93,0,0,4
2198,5,0,127.31,936499.48,87869.61,0,1,2
2199,1,0,212.82,3648582.19,98414.96,0,2,2
2200,2,1,318.35,3026600.69,48093.01,0,3,1
2201,3,1,447.58,502172.8,20729.86,1,0,1
2202,1,1,256.42,3825283.04,8036.22,0,3,3
2203,5,0,4.65,3852337.63,85587.56,0,1,3
2204,1,0,57.54,1347243.27,97613.85,0,3,4
2205,0,1,288.87,3357770.54,92915.68,1,0,3
2206,5,1,442.06,1630780.75,8364.72,1,3,2
2207,3,0,353.33,3025069.65,69681.69,1,2,3
2208,0,1,429.57,2559977.03,24322.07,1,3,1
2209,5,0,437.5,2495097.86,6488.33,0,1,4
2210,2,0,293.72,1233320.67,93573.09,1,3,4
2211,2,0,303.05,3948088.63,64467.25,0,2,3
2212,1,1,426.36,76833.14,6400.19,0,3,1
2213,2,0,33.05,3132668.16,92632.49,0,1,1
2214,3,0,237.9,144967.53,5265.94,1,0,4
2215,2,0,37.05,2735137.23,68452.14,0,1,4
2216,3,0,462.03,3451908.03,47683.3,1,3,1
2217,1,1,121.48,2072088.9,93428.26,1,0,2
2218,0,0,233.65,1498361.32,94458.7,1,0,4
2219,0,0,41.98,1786219.47,88229.23,1,1,4
2220,2,1,132.76,2451472.76,58338.25,0,2,4
2221,0,1,393.84,4413107.58,85377.48,0,0,4
2222,2,1,445.35,1473617.57,88742.42,0,0,2
2223,5,1,67.36,866354.35,85122.22,1,3,2
2224,0,0,455.31,2546381.86,39333.17,0,1,4
2225,1,1,115.31,1312224.99,89129.69,1,1,2
2226,1,0,356.78,1922167.18,37695.82,1,2,1
2227,1,1,412.88,129269.37,96421.42,0,0,3
2228,1,0,408.42,1458417.17,37045.83,0,0,2
2229,0,1,70.09,92717.92,27323.12,1,1,2
2230,4,1,120.83,4551226.17,65746.74,0,2,1
2231,4,0,435.27,2016479.41,88870.64,0,2,4
2232,4,0,66.71,4673160.57,1797.79,0,2,3
2233,5,1,341.05,3519232.71,22762.11,1,1,1
2234,4,0,343.82,4770285.63,57234.64,1,1,3
2235,4,0,438.3,1251465.63,2238.19,0,3,1
2236,0,0,236.09,3194116.26,51986.74,0,1,2
2237,0,0,260.8,1324744.36,8848.91,0,1,1
2238,0,1,410.49,1544287.85,9397.45,0,0,3
2239,2,1,323.4,3109006.18,63263.57,1,2,1
2240,4,0,323.45,4883850.08,23897.91,1,3,3
2241,5,1,393.64,1502596.09,34762.02,0,0,3
2242,3,1,463.53,1748472.07,28417.96,1,0,1
2243,0,0,411.7,800557.82,10003.49,0,2,3
2244,2,0,124.43,3914485.46,10012.82,1,0,1
2245,2,1,437.4,503747.17,25288.8,0,0,3
2246,3,1,73.71,786991.33,43503.35,1,3,2
2247,0,0,311.11,4209160.98,59411.32,1,0,1
2248,3,0,361.11,1421114.53,45182.4,1,2,4
2249,4,1,34.23,3775659.33,88891.87,1,0,2
2250,3,1,120.89,1293436.5,17762.02,1,2,2
2251,2,0,480.02,1250093.53,66435.39,0,2,3
2252,1,1,156.34,736332.85,47173.48,1,3,1
2253,5,0,339.85,2748882.5,3478.02,0,2,3
2254,5,1,242.94,105659.21,58763.75,0,1,4
2255,0,0,285.89,313105.77,1172.75,1,3,3
2256,3,1,434.95,1216543.51,74035.02,0,1,4
2257,1,0,199.84,4938253.1,69344.01,0,3,2
2258,3,1,294.79,3180359.22,30593.82,0,3,2
2259,0,1,10.24,2039881.12,26513.41,1,1,4
2260,5,0,338.93,3407286.8,29108.32,0,3,1
2261,3,1,337.36,2079185.95,32450.7,0,0,4
2262,2,1,185.76,2506119.3,56268.69,1,2,1
2263,2,0,140.07,2266271.98,75925.48,0,0,4
2264,0,1,446.83,2320885.45,34495.78,0,0,3
2265,3,0,409.73,2210186.29,4415.27,0,0,4
2266,0,1,28.88,1313802.83,28871.3,0,1,1
2267,4,1,492.85,3771432.89,47493.95,0,0,4
2268,0,0,26.76,287659.81,89095.74,0,1,4
2269,0,1,78.66,1250331.01,43405.02,0,3,3
2270,1,0,263.91,2375674.05,30577.04,0,1,3
2271,5,0,275.86,409169.96,77930.1,0,3,1
2272,3,1,114.76,612420.55,12531.2,0,0,1
2273,0,1,80.14,1751980.3,94044.64,0,1,4
2274,1,1,157.51,1710044.94,87615.55,1,1,4
2275,2,0,45.1,2558075.7,92272.05,0,0,3
2276,1,0,318.89,1726736.81,28489.44,0,3,3
2277,3,0,435.89,4828963.09,70413.42,1,0,3
2278,5,0,319.03,352686.69,42932.45,0,2,3
2279,4,1,168.79,3753536.05,94024.45,0,2,2
2280,3,0,172.42,1931896.87,54838.6,0,2,4
2281,1,1,491.59,1766709.41,7515.23,1,1,3
2282,1,1,367.37,2649624.28,29014.61,1,0,3
2283,0,1,124.13,2508115.99,78133.11,0,1,3
2284,1,1,186.98,4543075.88,74718.05,1,1,4
2285,5,1,334.91,4936089.05,59467.11,1,1,4
2286,4,0,256.34,1250080.43,26234.33,1,0,3
2287,4,1,251.3,3455190.3,37632.2,1,2,3
2288,2,0,386.65,1354994.45,78204.11,0,2,4
2289,4,0,470.28,1430814.26,4713.06,1,1,2
2290,3,1,242.17,3648256.38,1996.25,0,0,1
2291,2,1,195.57,4071974.6,5192.94,0,3,3
2292,2,1,212.28,1058700.75,43395.66,1,0,3
2293,0,1,38.37,71661.59,25924.34,1,0,2
2294,0,0,29.65,1175635.09,99431.64,0,2,4
2295,0,1,150.68,4266539.51,81770.29,1,3,2
2296,5,1,229.64,2935243.49,59460.41,1,2,3
2297,1,1,385.44,436611.87,9871.23,1,0,3
2298,5,1,132.1,1869248.1,47883.25,0,2,1
2299,4,1,372.98,1615681.79,45238.86,0,3,2
2300,3,0,406.28,1816028.3,10247.05,0,2,1
2301,1,0,238.56,4638169.86,98042.7,0,0,1
2302,5,1,87.9,2641705.34,49667.79,0,1,2
2303,1,1,469.94,1758682.15,70565.25,1,1,2
2304,1,1,299.08,2933078.52,77684.36,0,1,4
2305,2,1,183.99,887454.28,68435.58,1,0,2
2306,3,0,24.42,4407852.49,99450.44,0,3,2
2307,1,1,80.09,4624505.28,2369.37,1,0,3
2308,1,1,382.7,4582500.04,38585.26,1,2,3
2309,5,1,476.8,3929313.91,32521.6,0,0,4
2310,3,0,445.0,429870.26,89038.47,1,2,4
2311,3,1,325.19,336397.62,5148.58,1,2,2
2312,1,0,272.35,3994314.48,93912.1,1,1,3
2313,4,1,284.23,3319166.65,30072.18,0,0,4
2314,4,1,358.5,1570618.09,16016.22,0,0,4
2315,3,0,97.35,442801.17,33268.52,1,1,3
2316,0,1,337.61,2857252.67,29648.72,1,3,2
2317,2,1,126.48,3056279.95,5706.92,1,0,4
2318,4,0,287.28,1736678.56,88162.62,0,2,4
2319,5,1,344.77,3566419.43,80509.61,0,1,2
2320,1,1,480.58,4967772.79,44848.03,0,0,2
2321,4,0,423.61,4863911.7,52960.55,0,1,3
2322,0,0,56.12,4734760.19,68416.53,1,3,3
2323,1,1,319.07,4016644.83,79138.35,0,1,4
2324,0,1,396.99,3437935.34,63131.65,0,2,4
2325,2,1,174.16,630856.81,66546.83,1,3,2
2326,4,1,82.78,50106.18,1576.26,1,0,2
2327,5,1,79.47,4163221.77,90248.11,1,3,2
2328,1,0,426.96,1398933.42,9800.31,0,2,3
2329,3,0,17.64,348768.36,94868.94,1,0,3
2330,5,0,241.58,4175821.77,8107.38,1,0,2
2331,4,1,323.37,772426.56,55918.55,1,3,2
2332,3,0,415.77,1553323.89,23809.18,0,3,3
2333,2,1,33.91,2625059.54,52694.02,1,1,3
2334,3,0,267.93,1776853.67,11912.61,0,1,4
2335,1,1,486.26,356557.02,25356.0,0,0,3
2336,1,1,1.04,467341.18,75058.87,0,1,4
2337,1,1,64.87,3362926.29,86258.33,1,3,2
2338,0,1,121.97,1557191.57,97206.88,0,3,1
2339,0,0,295.89,3576938.89,55433.93,0,3,3
2340,3,0,1.88,3139975.64,89954.92,1,3,3
2341,1,0,482.24,882654.58,86359.39,0,1,3
2342,2,1,342.96,3317568.84,87944.51,0,3,1
2343,5,1,48.01,994780.33,71203.8,0,0,1
2344,5,0,302.18,3068234.62,21370.11,0,0,2
2345,4,1,55.95,2454876.53,79696.2,1,1,4
2346,0,0,57.97,3163916.62,78954.96,0,3,4
2347,0,0,487.41,3691995.94,85382.7,1,2,4
2348,3,0,165.41,3810550.01,24096.21,0,1,3
2349,3,0,429.31,1679290.88,15519.67,0,1,2
2350,3,1,327.42,1163345.56,9107.72,1,0,4
2351,4,0,215.41,88701.13,54666.6,0,1,3
2352,4,0,377.94,1280182.15,86913.43,1,3,4
2353,2,1,432.08,265121.97,77786.97,0,0,3
2354,4,0,159.77,2960642.43,22138.71,1,3,2
2355,0,0,108.76,4978586.71,29833.66,0,3,3
2356,1,1,453.7,3559777.9,59117.47,0,0,3
2357,4,0,233.58,1037476.26,65687.19,1,1,4
2358,4,1,251.68,4862822.82,34929.95,1,3,4
2359,0,1,300.0,606640.63,48691.85,0,0,2
2360,1,0,79.25,3870750.48,97178.25,0,3,4
2361,1,1,172.02,1157566.41,61961.05,0,1,1
2362,2,0,25.98,3971149.39,94632.05,0,2,4
2363,3,1,215.1,2832856.01,75737.78,0,2,2
2364,0,0,321.14,1633125.19,30276.21,1,2,4
2365,0,0,38.05,1791373.56,97813.87,1,3,2
2366,5,1,364.19,1717442.89,5928.75,1,2,1
2367,2,1,112.97,68418.63,58205.75,0,0,4
2368,5,1,487.33,1322888.81,82662.01,1,0,1
2369,5,1,224.6,1532092.63,80836.86,0,0,3
2370,3,1,460.91,250174.79,36524.48,1,1,1
2371,0,0,114.49,823327.17,89555.12,0,2,4
2372,3,1,10.2,4472426.72,32805.47,1,2,4
2373,5,1,31.83,2126219.96,54771.48,0,3,4
2374,3,1,472.95,1164887.47,39723.36,1,1,3
2375,4,1,357.78,1363445.09,87815.93,1,0,1
2376,4,0,499.59,3186247.78,28805.17,0,1,2
2377,5,0,214.19,725935.75,83499.55,1,1,2
2378,3,0,196.43,4404732.89,7986.29,0,2,3
2379,0,0,209.29,2745859.07,13688.06,0,2,4
2380,1,1,20.62,837709.17,79944.53,1,2,3
2381,4,0,123.91,1535491.65,80543.21,1,0,1
2382,2,1,167.86,2959852.56,65341.61,0,0,3
2383,3,1,295.49,1392496.26,10281.29,1,2,1
2384,2,1,126.04,3221312.02,64912.88,1,2,2
2385,5,1,76.74,1231908.68,57900.19,0,2,3
2386,0,1,418.68,3941732.24,57501.68,0,3,4
2387,3,0,40.77,1128922.4,12306.21,0,3,1
2388,5,0,255.94,2339229.51,31228.41,1,3,1
2389,0,0,290.13,3566862.27,63146.91,1,1,2
2390,2,1,499.93,4234070.89,2968.32,1,3,2
2391,3,1,8.91,2532907.63,63896.29,1,1,4
2392,3,1,54.88,1058979.92,17248.44,0,3,3
2393,0,1,258.24,578207.92,78033.86,0,2,1
2394,1,1,270.18,4072239.74,5053.94,0,0,2
2395,5,1,437.93,646710.73,80709.27,1,0,3
2396,5,0,33.63,2884324.62,46290.6,1,1,2
2397,3,0,172.63,1566564.77,14560.69,0,2,2
2398,0,0,499.54,1132962.34,95043.14,1,3,1
2399,4,1,57.16,2546605.21,66471.25,1,2,1
2400,1,0,18.93,2193379.21,78819.74,1,1,2
2401,0,1,193.92,3419199.78,15263.61,0,2,1
2402,0,1,184.96,1903342.91,83740.38,0,3,4
2403,3,0,238.8,4906995.27,80803.31,0,2,1
2404,0,0,316.46,4795258.73,65274.4,1,1,3
2405,1,1,144.22,3222383.65,14417.19,0,3,3
2406,3,0,281.19,277451.41,30896.57,1,2,3
2407,1,0,63.99,2086277.36,73035.16,1,3,2
2408,3,1,429.47,2859089.84,95495.65,1,1,4
2409,1,1,274.65,1905418.52,20201.53,0,3,1
2410,2,1,309.26,4371047.55,16657.11,1,3,4
2411,2,1,283.72,3871727.09,60853.01,1,2,2
2412,1,1,41.81,3180276.16,14101.93,0,0,1
2413,4,1,388.03,4309529.8,4518.31,0,2,2
2414,5,1,223.74,3066117.93,40455.81,0,2,4
2415,4,1,170.26,2872685.31,76467.4,1,1,2
2416,2,1,234.09,3519678.81,39820.12,0,0,2
2417,4,1,89.02,2621040.78,70890.4,0,2,2
2418,4,0,45.56,4653189.54,26450.35,0,1,3
2419,1,0,252.48,796949.21,88116.37,1,1,3
2420,1,0,361.38,294861.55,53767.58,0,1,4
2421,5,0,212.86,478830.69,13221.89,0,0,4
2422,0,0,260.51,3570804.11,2112.96,0,0,3
2423,1,0,347.92,1173342.09,46589.51,1,1,2
2424,2,0,14.85,4767213.43,40255.43,1,1,1
2425,0,1,463.21,4470740.86,31525.74,1,3,4
2426,3,0,246.78,4961182.28,11626.02,1,0,2
2427,5,0,406.59,2039724.67,56910.94,0,1,2
2428,3,0,352.21,3756194.27,56496.85,1,2,4
2429,3,0,367.41,4778444.19,48745.53,1,0,4
2430,3,1,281.09,1620403.03,10642.14,1,2,4
2431,1,0,140.79,3500641.26,5982.39,1,0,2
2432,4,1,92.63,1589731.87,75966.86,1,0,3
2433,3,1,409.08,1961761.52,36335.32,0,1,1
2434,1,1,413.13,3935836.71,23959.2,0,3,3
2435,1,1,374.66,1517945.58,28810.83,0,1,2
2436,0,1,315.37,2375813.81,34485.17,1,3,3
2437,4,0,132.76,3159632.33,16820.17,1,3,4
2438,4,0,304.34,4916507.58,71642.38,0,3,2
2439,1,0,452.37,2319609.9,77129.15,0,1,2
2440,2,0,11.58,3306048.24,72580.51,1,0,4
2441,2,0,412.13,480429.53,37847.5,0,1,3
2442,3,1,184.59,316107.25,15561.59,0,0,2
2443,4,0,432.51,4163813.31,55396.92,0,3,1
2444,3,1,236.55,2513041.68,89544.88,1,0,1
2445,3,0,375.79,444658.47,48661.68,1,1,3
2446,3,0,166.91,569311.74,47675.41,0,0,3
2447,2,1,352.79,1002443.69,42490.96,0,1,3
2448,2,1,190.17,2790709.14,25529.56,1,3,4
2449,3,1,21.09,1038874.7,23414.2,0,3,2
2450,3,0,76.74,2041686.53,79277.06,1,1,1
2451,2,0,490.94,3476653.29,55357.58,0,0,1
2452,0,0,87.25,454524.33,81321.08,0,3,2
2453,3,0,72.6,4465555.25,83168.29,1,1,4
2454,5,1,493.73,4978772.89,94533.67,1,0,2
2455,2,0,356.38,4718111.66,75277.14,1,2,3
2456,3,1,335.31,1361694.26,72606.67,1,1,4
2457,3,1,369.4,4973174.39,99314.92,1,3,1
2458,3,1,269.76,1856981.75,8251.5,1,3,1
2459,5,0,132.64,4067642.07,81359.56,0,0,4
2460,2,1,103.39,2435509.39,97320.4,0,2,1
2461,4,1,208.01,3268095.27,6549.38,0,0,1
2462,1,1,66.72,4333533.97,74917.11,0,0,2
2463,2,0,238.07,2890759.06,5315.84,1,3,3
2464,1,0,170.58,2105269.34,47061.04,0,3,3
2465,5,0,29.73,4484178.65,23162.04,1,3,3
2466,5,0,147.09,3530447.99,43278.07,0,1,4
2467,2,1,22.39,4961539.34,23475.1,0,3,4
2468,4,1,401.99,1448953.05,52614.08,0,1,2
2469,4,1,314.85,3719989.63,67499.24,1,3,3
2470,2,0,134.77,4636081.73,54462.8,0,3,4
2471,2,0,30.89,2782012.68,91635.86,1,1,4
2472,2,0,222.84,1390777.62,63325.34,0,0,1
2473,3,1,86.55,133998.45,20452.68,0,0,4
2474,3,1,453.49,4406133.39,69687.67,0,1,3
2475,2,1,300.59,2905766.52,43127.73,0,0,2
2476,0,0,426.99,385069.98,78099.17,0,3,4
2477,4,1,51.9,1209689.98,81585.82,1,3,1
2478,2,0,114.44,4653187.65,14879.74,0,2,4
2479,2,1,487.03,843938.88,66321.73,1,2,2
2480,3,0,71.29,4695738.51,99615.26,1,0,4
2481,0,0,209.78,2265684.78,97899.19,0,0,4
2482,5,0,101.02,3469297.48,28742.35,1,1,3
2483,0,0,387.9,2358877.67,55358.5,1,1,4
2484,1,1,51.39,2355179.0,17921.28,1,3,3
2485,5,1,251.42,4335723.24,83691.52,1,3,3
2486,5,1,224.07,2945844.04,63548.39,1,1,4
2487,1,0,315.37,2206310.55,51626.74,1,0,2
2488,1,0,453.97,2469154.44,53594.6,0,3,3
2489,4,0,361.53,4391011.88,13903.51,1,0,4
2490,3,0,413.55,876765.85,14289.54,1,0,3
2491,4,1,69.59,2800398.63,29341.36,1,2,2
2492,5,0,338.68,4061696.28,66033.0,0,3,1
2493,5,0,179.5,668463.68,44102.12,0,1,4
2494,1,1,249.69,2655955.22,65940.23,0,2,3
2495,0,1,376.15,1722117.33,20027.16,1,0,1
2496,4,0,416.47,4752528.7,24920.69,0,1,1
2497,3,1,466.43,3440128.41,11641.15,1,3,1
2498,4,0,379.19,2091383.83,40655.11,0,2,4
2499,2,0,89.86,2269237.73,49459.34,0,3,1
2500,2,0,238.09,2840882.22,74487.2,0,0,2
2501,5,1,195.99,2759961.28,37974.73,0,1,4
2502,5,0,496.53,1079037.97,10191.61,1,3,4
2503,2,1,380.49,278662.03,87556.08,0,2,4
2504,4,0,259.33,270619.27,14551.07,1,1,3
2505,2,1,194.95,1376537.95,28356.02,1,2,1
2506,2,0,498.62,4398566.07,84764.87,0,2,4
2507,2,0,234.76,3579064.77,66279.92,0,3,3
2508,4,1,436.04,2052292.66,1835.86,1,1,2
2509,4,0,377.13,3666233.05,64107.21,1,0,4
2510,3,0,54.63,3870441.53,50039.53,0,1,4
2511,2,1,16.03,4042921.18,26977.26,0,1,2
2512,0,1,26.26,1182454.73,76931.95,0,2,3
2513,1,1,99.85,1844442.16,44311.54,0,3,2
2514,1,1,157.45,2573305.01,38562.3,1,1,4
2515,4,1,322.84,1399275.32,17419.45,0,3,3
2516,3,1,139.76,2815041.4,98553.41,0,0,4
2517,0,0,98.05,2575997.13,27567.97,0,2,1
2518,2,1,170.35,2632279.89,86279.91,0,1,3
2519,4,0,469.84,61300.06,52423.37,1,3,1
2520,2,1,434.25,636788.25,98440.23,0,2,4
2521,5,1,494.93,1881291.17,6033.65,1,1,1
2522,5,0,303.37,3463432.28,82052.4,0,2,1
2523,0,0,12.28,1876003.63,56120.47,1,1,1
2524,2,0,40.57,2099977.97,5849.37,0,2,1
2525,2,0,397.74,2767181.61,48003.18,0,0,2
2526,1,1,478.52,73152.66,60039.34,1,3,4
2527,3,0,67.58,3402715.57,68397.36,0,3,4
2528,0,1,490.8,1491560.61,30055.03,0,0,1
2529,1,0,219.84,1096514.01,2651.45,0,3,3
2530,1,0,87.01,2046999.46,69803.7,1,1,4
2531,4,0,293.34,585331.19,52436.19,0,1,1
2532,5,1,488.95,1418278.05,49049.48,1,0,4
2533,2,1,148.05,2835462.99,52134.56,1,0,1
2534,4,1,160.73,1819036.54,67786.1,0,0,2
2535,4,1,110.47,4715927.73,94265.62,0,2,2
2536,1,0,269.96,439495.59,52654.97,1,0,1
2537,4,1,359.76,3412863.55,7651.35,1,1,1
2538,2,1,136.92,3032615.59,26049.19,0,3,3
2539,1,1,323.34,1877130.35,6737.68,1,2,2
2540,1,0,174.18,4394810.97,37122.7,1,1,4
2541,2,1,274.77,217591.62,15702.26,1,3,3
2542,0,1,43.1,3910133.13,1383.29,0,0,3
2543,2,1,167.43,2477819.46,34894.79,1,1,1
2544,1,0,409.89,3788381.69,97386.17,0,3,1
2545,4,0,333.63,2152137.85,80933.95,0,0,4
2546,5,0,439.61,1834312.36,55505.43,0,3,2
2547,5,1,144.62,1180587.94,18388.32,0,1,1
2548,3,0,316.8,2093733.59,75697.32,0,2,2
2549,4,1,284.67,2563079.68,52786.63,1,3,4
2550,5,1,295.51,1429036.47,65289.9,0,2,4
2551,0,1,441.98,2584528.75,80879.31,0,1,4
2552,2,0,262.6,122733.5,73330.15,0,3,1
2553,3,0,327.3,3811236.66,75115.06,0,3,4
2554,1,1,380.98,4921573.16,39014.55,1,0,2
2555,2,0,472.22,4264033.56,30552.98,0,3,2
2556,4,1,453.72,4341305.75,15765.4,1,2,3
2557,2,1,199.05,995888.72,14791.06,0,0,4
2558,2,0,55.43,2641323.53,88468.91,0,0,4
2559,3,0,254.21,4795401.65,42302.1,1,0,3
2560,3,1,472.65,3037494.31,80134.8,0,0,4
2561,1,1,334.73,3752730.05,23475.85,0,0,2
2562,2,0,56.81,650025.49,23569.18,1,1,3
2563,2,1,207.32,1751614.72,47130.07,1,1,3
2564,3,0,206.45,3465867.44,20996.52,1,0,2
2565,4,0,161.06,1010996.39,89481.55,0,1,2
2566,4,1,386.1,1375008.25,53035.02,1,2,4
2567,0,1,296.2,3361587.99,55988.7,0,3,1
2568,5,0,350.54,1416684.18,94801.83,1,3,1
2569,4,1,51.59,480540.33,1336.4,1,3,3
2570,5,0,76.66,2727387.83,52306.46,0,3,1
2571,1,0,113.71,3679714.35,77479.43,1,2,4
2572,1,0,14.25,853540.09,39314.9,1,3,3
2573,1,1,202.87,1631753.3,95267.82,0,0,2
2574,4,0,53.25,2192553.31,6077.53,1,2,3
2575,0,0,358.62,3333342.67,95147.88,1,3,4
2576,1,1,386.01,4747118.75,18312.62,1,1,3
2577,4,0,103.72,2630571.62,62657.81,0,3,4
2578,4,1,362.5,1704968.08,71668.51,0,3,1
2579,5,1,114.42,2652534.73,64690.06,0,0,3
2580,1,1,477.92,2016831.39,57791.49,0,1,1
2581,3,1,335.57,3408581.77,72944.35,1,0,2
2582,3,0,411.11,4895461.72,2570.24,1,2,2
2583,0,1,47.07,2542820.99,68749.44,1,2,1
2584,4,0,368.19,382688.03,60337.05,0,3,2
2585,1,0,348.47,4030583.23,36136.37,1,2,1
2586,4,0,239.09,4096014.86,68337.31,0,0,2
2587,2,1,355.84,3085902.98,57238.59,1,0,3
2588,4,0,31.57,2448322.69,92723.63,1,2,3
2589,3,0,95.03,1753380.41,46366.26,0,1,3
2590,2,0,161.33,3001889.15,30209.58,0,3,3
2591,1,1,78.8,1556460.65,78019.73,0,0,4
2592,3,0,151.85,4338429.39,7966.38,0,3,1
2593,3,0,129.6,1354003.89,25814.51,0,2,4
2594,2,1,109.1,1823736.33,26393.23,1,0,1
2595,4,0,357.58,2682385.21,20543.35,0,3,4
2596,2,0,226.62,790811.83,34417.59,0,2,4
2597,5,0,330.25,4423758.7,99162.42,1,0,4
2598,0,0,339.43,2905177.41,51639.1,1,1,4
2599,4,0,158.38,1136619.01,40844.58,1,3,2
2600,2,0,201.52,2961519.07,49116.81,1,1,1
2601,5,0,448.38,589895.81,88416.93,1,2,2
2602,3,1,432.32,3250292.9,73777.8,0,3,3
2603,3,0,206.94,2954937.0,33451.93,1,2,3
2604,1,0,273.43,84857.42,73354.41,0,0,1
2605,2,0,374.1,471897.72,41336.08,0,0,1
2606,4,0,160.9,4948019.06,88041.17,0,2,3
2607,2,1,178.47,176765.42,90123.95,0,0,1
2608,4,0,110.61,4207112.69,6847.53,0,2,1
2609,1,1,322.42,3177573.86,18350.35,0,1,3
2610,2,0,342.76,3566324.45,20298.14,0,2,1
2611,4,1,229.72,3687477.87,55206.36,1,2,2
2612,2,0,104.37,1005828.53,34248.37,0,1,4
2613,5,0,462.89,3183631.34,85124.39,1,3,1
2614,0,1,330.49,4791168.72,77917.88,1,0,3
2615,5,0,17.13,2990543.44,50706.65,0,2,3
2616,3,1,290.29,868469.84,90395.65,1,0,1
2617,4,1,96.35,4467117.59,42870.47,0,3,2
2618,0,0,165.89,4944812.66,27249.16,1,3,3
2619,2,1,155.56,3822610.43,32307.38,0,3,4
2620,5,0,75.89,3191117.54,24659.51,1,2,1
2621,5,1,20.18,3201250.93,82170.87,0,0,4
2622,4,0,387.9,253948.51,29695.73,0,2,2
2623,3,0,234.25,3636495.75,15160.64,0,2,4
2624,0,1,244.89,1929357.21,17957.59,0,2,4
2625,0,0,425.22,4633251.52,10399.9,0,2,4
2626,5,1,338.99,4378887.95,45055.42,1,2,4
2627,1,0,146.82,467829.59,24782.34,0,0,2
2628,4,1,27.16,2740627.14,95339.43,0,0,2
2629,3,0,147.19,3423305.66,92852.03,1,0,4
2630,4,1,264.34,986075.97,79175.31,1,3,4
2631,5,1,17.07,963985.16,71467.1,1,0,3
2632,4,0,212.06,280294.04,23436.75,0,2,1
2633,4,1,337.64,1323930.24,43641.95,0,0,3
2634,0,1,480.92,3977023.34,51641.35,0,1,4
2635,4,1,46.03,555762.9,71531.28,1,0,1
2636,2,0,266.86,4245693.94,76921.73,1,3,2
2637,5,1,296.0,4734866.63,61216.52,0,3,2
2638,0,1,267.33,4777216.79,63052.33,1,3,2
2639,2,0,224.45,4130259.36,87901.97,1,2,1
2640,4,1,260.09,1305066.9,40783.35,1,2,2
2641,4,0,434.14,3797883.73,95883.47,0,1,1
2642,0,1,318.41,464640.22,2896.03,0,1,4
2643,5,0,281.44,1859378.11,89815.48,1,3,3
2644,1,1,278.54,980241.0,45449.16,1,3,1
2645,2,1,155.62,3239182.82,74519.83,1,0,2
2646,5,1,201.2,4549759.42,86986.55,0,1,1
2647,4,0,96.23,1929052.1,81012.64,1,2,2
2648,2,0,419.69,1224886.36,87536.76,1,3,4
2649,5,0,164.44,3647117.34,49007.63,0,1,3
2650,0,0,63.01,843283.19,64462.67,1,1,2
2651,0,1,329.11,1947971.76,50852.85,1,0,2
2652,4,0,240.51,1495846.96,19289.16,1,3,3
2653,5,0,404.15,1919988.94,46946.88,0,0,2
2654,1,1,465.08,317834.53,57674.42,0,0,3
2655,2,0,498.91,525108.4,57080.45,1,1,1
2656,4,1,366.98,3993681.6,55314.08,1,1,1
2657,5,0,206.26,3607328.72,64669.03,1,3,4
2658,2,0,146.6,178605.84,34967.89,0,1,4
2659,4,1,31.78,4865854.56,59302.1,1,3,3
2660,5,1,91.17,1521738.84,63552.53,0,2,2
2661,0,0,425.99,3024497.5,26415.31,0,0,4
2662,3,1,436.14,4183102.08,67571.09,1,1,2
2663,3,1,426.66,55497.56,26510.32,1,1,2
2664,0,0,84.94,1179488.94,14092.04,1,3,3
2665,5,1,328.84,1983474.23,87585.65,1,1,3
2666,2,1,196.33,2134813.21,3399.33,0,3,2
2667,4,0,406.98,1792582.61,55322.4,1,0,4
2668,3,1,487.47,3859979.69,63387.6,1,1,2
2669,4,1,459.25,148372.24,16110.58,0,3,3
2670,5,0,188.66,3407006.56,55199.0,1,2,1
2671,3,0,86.04,776950.46,17139.23,1,0,4
2672,0,1,445.47,3073485.73,85641.77,0,3,3
2673,2,0,197.43,1227772.93,18591.64,0,0,4
2674,1,0,29.24,1314086.97,59883.68,0,0,1
2675,5,0,119.3,4859938.02,29425.17,0,1,1
2676,1,1,324.23,2682433.05,37103.66,1,2,4
2677,1,0,90.17,4007020.4,44782.46,1,3,4
2678,5,1,336.27,2893334.66,54605.97,0,1,4
2679,2,0,445.67,1066489.64,36093.79,0,3,4
2680,5,0,100.53,4477263.14,99899.47,0,2,3
2681,1,1,483.27,3413681.61,51294.22,0,0,4
2682,0,0,206.19,3424227.8,86233.0,0,1,3
2683,2,0,81.99,163014.38,66228.9,1,2,1
2684,2,0,345.2,855332.03,96642.88,1,0,4
2685,1,0,321.28,4874770.43,10917.63,1,2,3
2686,4,0,466.9,2702753.55,42159.86,0,3,1
2687,3,0,467.66,548811.15,32598.8,0,1,1
2688,1,1,133.8,194026.41,96239.86,0,1,3
2689,1,0,44.02,1263180.13,84828.4,1,1,4
2690,3,0,365.81,3400968.63,8370.17,0,0,4
2691,3,0,128.91,702337.39,32859.01,1,1,4
2692,4,0,331.51,1274187.8,84226.99,0,1,2
2693,4,1,65.67,3696935.82,61736.2,1,2,3
2694,2,1,174.86,3184686.78,14904.61,1,1,2
2695,1,1,394.76,1149398.53,28910.83,0,3,1
2696,1,1,232.96,325883.9,57385.67,1,2,4
2697,3,0,469.0,1873811.9,90717.9,1,2,2
2698,0,1,187.29,4691651.5,45842.31,1,3,2
2699,4,0,498.13,933210.92,71283.52,1,1,2
2700,4,1,172.51,382732.23,93294.32,0,0,4
2701,1,0,118.25,1974121.74,49524.49,0,3,3
2702,3,0,467.89,373495.62,6859.12,0,3,4
2703,4,1,111.59,4531097.34,89908.86,0,1,2
2704,2,1,346.52,1643230.0,4810.99,1,3,4
2705,2,0,56.64,2215284.09,23317.23,1,0,4
2706,3,0,355.91,941239.5,7176.89,0,3,4
2707,1,1,269.67,539344.35,32770.46,1,1,1
2708,5,0,384.72,4175199.96,81803.46,0,1,2
2709,4,1,266.53,3275504.12,5026.54,0,1,1
2710,3,1,195.88,642942.24,47806.59,0,2,2
2711,3,0,131.93,3963805.45,70573.63,0,3,4
2712,0,1,46.82,1639411.41,71452.84,1,0,1
2713,1,0,309.55,1281506.03,78947.5,1,2,4
2714,1,0,147.34,4040832.11,38062.34,0,0,1
2715,4,1,303.51,1842834.89,40261.77,1,1,4
2716,5,0,39.51,4157945.2,2926.68,0,3,3
2717,1,1,237.59,3604576.34,12628.57,1,2,2
2718,3,1,426.91,2097923.85,89315.63,0,2,1
2719,2,1,253.5,2670547.2,41786.38,0,2,4
2720,0,0,476.45,1809341.95,30942.99,1,1,2
2721,1,0,246.83,2645097.57,89073.05,1,0,2
2722,3,1,121.61,1364072.55,77653.64,0,0,2
2723,5,1,101.67,2274051.06,63754.96,1,1,2
2724,4,1,308.09,301631.45,50103.49,1,2,4
2725,4,0,211.19,1262510.48,29253.86,0,3,4
2726,4,0,472.65,407807.48,93549.16,0,1,4
2727,5,1,26.82,973023.24,16458.69,1,1,4
2728,5,0,68.68,4020518.48,32002.39,0,2,3
2729,5,1,54.56,1551262.27,1763.09,1,1,4
2730,0,1,377.28,1300605.32,25501.2,0,0,1
2731,1,0,432.87,1016035.85,90900.93,0,1,2
2732,5,1,214.79,1405221.21,2784.68,0,0,1
2733,5,1,146.23,4533336.29,26671.22,0,2,4
2734,3,1,238.19,1150113.19,10368.58,0,3,3
2735,1,0,474.22,2077380.69,16550.0,0,2,2
2736,1,0,97.78,3770360.15,57964.86,0,1,3
2737,3,0,389.79,1977541.4,47589.29,1,3,2
2738,2,0,134.06,955446.75,60650.55,0,2,2
2739,3,0,199.55,606258.5,75688.05,0,2,1
2740,2,1,424.12,2818819.7,50449.4,1,0,1
2741,4,1,119.11,4488647.45,72293.74,1,2,4
2742,2,1,358.27,914520.87,68149.94,0,1,3
2743,1,0,199.36,2458457.26,39880.45,0,3,3
2744,4,1,60.51,3721008.66,60437.67,0,2,4
2745,3,1,384.09,2512323.03,45934.14,0,0,3
2746,0,1,460.99,3252853.37,44175.19,0,1,2
2747,5,1,96.16,4996039.99,86844.01,0,2,2
2748,1,0,171.74,1738426.14,46730.55,0,1,2
2749,3,1,24.05,1542290.18,90010.21,0,3,4
2750,1,1,151.19,1830201.32,32413.02,0,0,3
2751,5,1,167.0,4918905.46,13480.06,0,2,4
2752,3,1,147.27,2201341.05,21438.73,0,2,1
2753,5,1,123.79,245843.88,34809.56,0,2,3
2754,4,1,462.8,1067081.75,24510.81,0,2,1
2755,2,1,339.98,2013515.41,75556.89,1,3,3
2756,3,1,317.02,2926282.99,38827.52,0,0,4
2757,2,0,354.99,761337.23,35584.41,0,0,3
2758,0,1,431.62,554455.1,74655.91,1,0,3
2759,2,1,264.25,1735444.91,63231.37,0,2,4
2760,3,1,394.95,201180.66,7101.5,0,2,2
2761,3,1,253.79,1907360.5,50965.92,1,3,4
2762,5,1,428.77,3272194.79,2265.13,0,2,1
2763,2,1,325.36,339838.65,7080.17,1,3,3
2764,0,0,473.96,3844538.19,92924.97,1,2,4
2765,0,0,377.57,4937227.51,53826.57,1,3,1
2766,0,0,202.99,4020180.62,75939.94,1,3,3
2767,4,0,84.41,3205736.52,75273.56,0,0,2
2768,4,0,86.52,2226596.28,84459.69,1,3,4
2769,5,0,202.0,3192437.52,5002.22,1,1,1
2770,0,1,157.04,4403280.14,43101.73,1,0,4
2771,5,1,312.99,2173161.25,56152.12,1,2,2
2772,1,0,253.46,2558792.24,20212.76,1,2,3
2773,2,1,399.15,1491893.23,42157.89,1,0,3
2774,3,0,225.73,1944542.65,60353.59,1,2,1
2775,2,1,157.64,4267417.0,33895.12,0,0,3
2776,2,1,170.87,3097833.07,9310.4,0,2,3
2777,1,1,431.39,919840.69,53106.26,0,1,1
2778,5,0,116.57,431596.16,35942.36,1,2,4
2779,2,1,493.52,952013.07,20309.7,0,0,1
2780,2,1,169.55,4101501.69,45137.7,0,1,1
2781,4,1,191.21,4960865.73,66961.99,1,0,3
2782,4,0,436.51,4632946.68,50892.09,0,3,4
2783,4,0,461.86,4008454.7,52585.5,0,3,1
2784,1,0,377.92,1610470.52,44990.84,0,0,2
2785,1,1,332.0,1529513.56,30643.18,1,0,3
2786,1,1,482.8,1314293.07,42091.24,1,3,4
2787,0,0,211.88,1779865.67,5569.32,1,3,3
2788,4,0,15.25,759486.84,68783.32,1,2,4
2789,1,1,218.85,1474322.15,82555.95,1,0,1
2790,0,0,442.98,383744.13,91054.39,0,2,2
2791,5,0,245.71,2096112.83,74220.63,0,2,1
2792,4,0,239.35,2203347.64,96754.28,1,0,3
2793,2,1,94.04,3266893.12,35015.82,1,1,2
2794,5,1,333.96,990866.98,26455.92,0,0,3
2795,2,1,23.65,1297518.96,35329.25,0,3,4
2796,4,0,351.55,3767569.65,9354.29,1,1,2
2797,4,0,2.13,4687233.99,84043.71,1,0,2
2798,3,0,378.41,4345013.93,11157.4,0,3,2
2799,4,0,1.69,873329.34,63415.7,1,2,4
2800,4,0,434.4,1288018.34,68212.83,0,2,2
2801,3,0,152.56,4245640.45,47220.41,0,3,4
2802,2,1,76.18,2262550.93,54066.38,0,0,4
2803,1,1,324.05,4086260.58,19516.88,1,3,1
2804,0,1,202.44,1224785.06,59419.86,1,0,1
2805,4,1,452.16,892036.19,19719.04,0,1,3
2806,5,1,22.54,2322848.68,39479.34,0,1,3
2807,5,1,203.52,4771556.73,40367.32,1,0,1
2808,3,1,312.23,4263869.45,80385.06,0,0,1
2809,0,1,109.3,1021091.84,27094.7,0,2,2
2810,0,1,7.48,3593780.02,85069.32,1,1,1
2811,5,1,151.93,3685780.19,64544.5,1,0,1
2812,5,1,482.64,129618.86,35779.26,1,1,2
2813,0,1,343.95,3006727.89,54687.92,0,0,2
2814,5,1,166.64,649219.01,73983.2,1,2,4
2815,4,1,292.01,1602235.5,90630.94,1,0,1
2816,1,1,118.83,4878128.27,87598.62,1,3,3
2817,5,0,47.01,2366417.09,4128.74,0,2,2
2818,1,1,478.38,2532095.47,20694.13,0,1,2
2819,1,0,480.81,2405557.26,4418.26,0,3,3
2820,2,0,279.24,1173693.35,68195.68,0,2,1
2821,5,1,240.75,1061689.26,1918.45,0,3,4
2822,1,0,477.04,1155744.16,93122.33,0,1,4
2823,2,0,340.47,447072.47,65889.04,1,1,4
2824,4,1,439.46,3934504.31,48931.03,0,3,1
2825,5,0,189.29,248364.03,64870.23,1,1,4
2826,3,0,469.54,4497697.73,40627.34,1,0,3
2827,2,1,171.66,4126194.98,48771.24,0,3,3
2828,3,1,476.37,424542.9,47311.85,0,1,1
2829,4,1,120.22,3537930.38,69201.38,0,1,3
2830,0,0,22.6,1448788.7,84770.41,0,0,1
2831,5,0,403.2,4276444.66,4852.79,0,2,3
2832,5,0,133.11,417315.03,20177.62,0,1,2
2833,2,1,266.09,2900696.95,35783.44,1,3,3
2834,5,1,203.94,4388874.2,35434.85,0,0,2
2835,2,0,214.89,4292861.33,82397.58,0,3,4
2836,3,1,446.08,2772839.21,29624.61,1,1,1
2837,1,0,20.54,2812289.88,94371.54,1,1,1
2838,2,0,424.91,1776014.07,12561.0,1,2,4
2839,5,1,351.03,4486915.93,50863.58,0,3,2
2840,2,1,246.17,4227020.0,54133.97,0,0,3
2841,3,1,387.91,670740.21,75119.87,1,3,2
2842,3,1,63.67,2971475.11,80168.38,0,0,4
2843,4,1,497.44,677610.31,97305.13,1,2,1
2844,0,0,146.21,232505.11,45906.55,1,2,1
2845,3,0,329.63,839672.22,90300.18,1,0,4
2846,5,1,148.15,2074018.18,14655.1,1,3,3
2847,1,0,148.58,2732373.04,17132.47,0,2,2
2848,5,0,126.66,2599453.17,17144.85,0,2,1
2849,0,1,112.54,1339898.12,78780.84,1,2,2
2850,3,1,49.52,1680135.34,15127.73,1,0,2
2851,5,0,140.3,2738328.4,80398.02,1,1,3
2852,1,1,337.17,1945199.32,32911.77,0,3,3
2853,4,1,60.9,2080759.53,30135.95,0,3,2
2854,1,1,260.97,3133534.07,74240.71,1,2,2
2855,0,1,356.64,3428225.57,48096.13,1,2,3
2856,2,1,396.42,1323339.86,19562.74,1,3,1
2857,3,1,459.89,4294407.37,54337.98,0,0,4
2858,0,1,449.09,1253674.41,93449.71,0,2,1
2859,1,0,82.19,4633730.95,14336.8,1,0,2
2860,5,0,280.09,1841208.56,66569.56,0,0,2
2861,0,1,310.11,3287683.39,84122.26,0,1,1
2862,2,1,291.43,121258.61,82356.91,1,2,1
2863,2,1,218.87,2716070.02,90083.54,1,3,4
2864,1,0,384.64,1783147.87,34255.66,1,1,3
2865,4,0,321.04,2887813.2,73777.6,0,2,1
2866,2,1,211.3,3513959.27,68783.18,0,2,1
2867,5,1,228.17,2466919.91,19444.33,1,3,1
2868,1,0,239.01,2524013.22,45139.06,1,1,2
2869,3,0,113.06,1713048.36,2139.81,0,0,2
2870,2,0,354.37,3780860.13,16408.66,0,0,1
2871,3,0,401.08,1875813.35,99388.25,1,1,3
2872,0,0,83.35,2117149.66,94080.52,1,1,1
2873,0,1,365.1,2600095.49,70975.04,1,2,1
2874,0,1,453.55,1986934.74,88845.29,0,3,2
2875,2,1,374.76,163645.05,68476.07,0,0,1
2876,3,1,268.09,4726342.84,16217.26,1,1,4
2877,2,1,58.78,555597.57,34082.29,0,3,3
2878,0,0,304.96,4067675.65,96488.81,0,3,3
2879,3,0,407.99,770475.45,71526.47,1,3,1
2880,2,1,265.59,443155.76,68467.32,0,1,3
2881,4,0,59.55,3535245.28,67500.59,1,3,1
2882,3,0,165.61,4621217.32,49190.33,1,2,1
2883,2,1,451.08,3153683.71,19384.36,0,3,1
2884,2,0,399.65,1409936.22,68386.36,1,2,3
2885,0,1,50.66,3763788.48,27106.1,0,1,3
2886,2,0,454.87,3628080.62,29296.49,0,3,2
2887,0,0,225.8,4079738.64,48334.76,1,3,1
2888,1,1,165.44,709488.87,91510.64,0,2,4
2889,4,1,142.56,4412005.9,80229.81,0,3,3
2890,2,0,446.44,4530789.68,3923.57,0,1,4
2891,2,1,390.43,708088.85,86122.41,1,2,4
2892,3,0,158.74,3743633.12,22483.18,0,1,4
2893,3,1,381.43,2740207.23,7743.48,1,0,3
2894,1,0,341.6,876283.42,56533.22,0,1,1
2895,2,0,37.36,2338672.11,50762.14,0,0,4
2896,2,1,350.99,1540609.5,38537.13,0,0,3
2897,5,0,211.85,3849636.12,89768.97,0,1,1
2898,5,1,382.3,1553542.53,74068.73,0,3,4
2899,5,1,262.49,1392772.59,11200.57,0,2,1
2900,0,0,499.54,306566.69,68603.4,1,3,2
2901,4,1,105.1,4133815.46,4867.33,0,2,4
2902,1,1,483.64,1184499.0,78738.08,1,3,1
2903,4,0,428.58,1615485.04,57890.02,0,3,2
2904,0,0,460.75,2907557.67,91635.23,1,3,3
2905,5,0,483.21,757225.63,30435.22,0,0,2
2906,1,1,130.88,1070478.58,68458.4,1,3,1
2907,2,0,407.83,4329589.27,86548.27,1,0,1
2908,5,0,372.0,3362140.0,51627.73,0,3,4
2909,1,0,456.42,812512.94,73386.01,0,1,3
2910,5,0,23.46,2975907.69,47865.06,1,0,4
2911,5,1,146.14,1346184.15,66534.64,1,0,3
2912,3,0,301.74,980683.73,30503.27,0,2,3
2913,5,0,345.13,3887906.03,24719.37,1,3,2
2914,0,1,270.41,3471670.18,53675.1,0,1,1
2915,5,0,157.87,4796617.59,14140.25,1,3,3
2916,0,0,44.1,1373733.19,50719.8,0,2,1
2917,2,1,54.02,4343738.62,92755.21,0,2,4
2918,2,1,131.0,4155872.07,97126.7,1,3,3
2919,3,0,4.56,1738971.28,23870.54,0,3,3
2920,0,0,141.63,3940406.15,13721.0,1,2,3
2921,2,1,105.65,4683886.95,28340.43,1,2,3
2922,0,0,153.9,1592517.01,26225.12,1,0,1
2923,3,1,132.05,2264249.65,22898.74,1,2,2
2924,2,0,494.56,934045.05,15446.08,1,3,3
2925,0,0,304.11,4925218.02,94102.7,1,1,4
2926,1,0,171.51,3197242.59,11228.28,0,1,2
2927,4,0,324.29,1729454.88,80040.62,1,1,3
2928,1,0,183.3,3624862.93,31549.34,1,1,1
2929,2,0,437.03,1236821.89,71184.75,1,2,3
2930,4,0,356.35,767832.94,85112.25,0,2,3
2931,1,1,89.03,3996411.42,41651.49,0,1,3
2932,4,1,299.49,1553251.82,53906.48,0,3,4
2933,4,0,234.1,1069069.58,20145.47,0,1,1
2934,3,1,423.22,614721.12,22173.59,0,3,1
2935,1,0,322.61,3227165.27,99491.03,0,2,4
2936,4,1,282.45,4079849.61,26145.7,1,2,3
2937,4,1,107.65,3985250.05,32306.24,1,0,1
2938,5,1,404.93,65760.86,7193.36,0,0,4
2939,3,1,437.26,2154533.84,57253.07,0,2,2
2940,4,0,197.98,2222507.73,52970.55,1,0,3
2941,1,0,334.13,4368839.94,93807.97,1,2,1
2942,4,1,376.4,3624245.98,54420.42,1,1,2
2943,0,0,312.25,2508373.24,80707.4,1,1,2
2944,1,0,121.37,2021021.04,60966.18,0,0,3
2945,5,0,154.38,2443763.55,18655.8,0,2,3
2946,1,1,352.03,4984689.06,12425.48,1,3,1
2947,0,0,205.05,3049975.14,86537.73,1,2,3
2948,0,1,213.36,1274334.08,31408.47,1,3,4
2949,5,1,11.24,1292037.85,28115.48,0,3,1
2950,0,1,211.18,3102356.15,54061.31,1,1,1
2951,5,1,256.74,2993437.6,96807.56,1,2,1
2952,3,1,369.55,3484781.86,76307.86,0,0,3
2953,1,0,49.36,4618539.13,2584.17,0,2,2
2954,3,0,176.43,540033.03,8309.77,1,3,4
2955,2,1,68.94,1078651.16,27398.08,1,0,3
2956,4,1,394.93,4745992.88,57321.33,0,0,2
2957,4,0,283.25,1066293.79,9574.25,1,3,1
2958,4,0,341.08,4544056.48,77636.23,1,3,1
2959,0,1,83.34,4343084.25,38504.73,1,0,1
2960,4,0,392.21,2459836.46,35389.88,1,2,3
2961,0,0,377.67,659654.05,6503.2,1,2,4
2962,5,1,246.81,232264.28,87698.0,1,3,1
2963,0,1,171.06,1451303.55,78097.25,1,1,2
2964,2,1,390.88,1634813.49,41322.07,1,0,4
2965,5,0,62.42,1852068.56,21572.06,0,3,2
2966,1,1,208.64,4861161.14,68272.69,1,2,1
2967,2,1,356.64,4541837.68,24070.7,1,2,4
2968,0,0,487.94,2097783.86,32238.47,0,0,1
2969,5,0,133.97,2055248.5,16115.29,0,3,3
2970,0,1,51.9,2107008.3,67866.47,1,0,2
2971,2,1,200.57,2624171.53,24288.84,0,0,1
2972,1,1,483.71,2497352.03,23530.4,1,2,2
2973,1,1,278.76,1283103.02,65190.84,0,3,3
2974,4,1,449.9,4394418.14,77268.87,1,1,2
2975,2,0,350.93,1894073.93,19662.05,0,0,4
2976,4,1,474.61,1293637.22,5491.65,0,2,2
2977,1,1,86.63,326980.24,27548.29,1,2,3
2978,5,1,269.43,2113675.89,87229.87,1,2,2
2979,1,1,379.1,4145694.63,31379.67,0,1,4
2980,0,1,133.6,4097373.16,15775.6,1,3,3
2981,4,1,313.98,4104768.7,73955.21,1,3,1
2982,5,0,192.11,4134410.91,62826.15,1,1,4
2983,0,1,283.8,209719.62,6710.82,1,1,3
2984,3,1,382.28,1949906.0,78861.46,0,1,3
2985,4,0,372.57,3758158.73,76095.09,0,1,3
2986,5,1,174.01,720717.73,2853.25,0,2,3
2987,5,1,108.95,3153969.85,98744.06,0,2,3
2988,5,1,463.75,2536678.22,13621.72,0,0,2
2989,2,0,348.14,61995.26,86595.19,0,2,4
2990,3,0,296.17,4126506.96,85064.74,1,0,4
2991,4,1,448.89,3632782.96,8726.81,0,1,2
2992,1,1,93.5,919147.58,77821.7,1,3,3
2993,1,0,111.5,1360873.49,8761.26,1,2,2
2994,1,1,364.1,1000033.88,12300.08,0,3,3
2995,1,1,277.57,4031546.13,24507.74,0,3,1
2996,2,1,452.59,4926852.65,65750.7,1,0,4
2997,1,0,191.16,4474783.45,5587.4,0,1,4
2998,4,1,80.46,4682281.98,64254.15,1,0,4
2999,5,1,265.74,749662.0,70180.18,1,2,4
3000,3,0,369.06,3499840.49,36952.86,0,0,3
3001,4,1,308.56,4012797.29,89271.72,0,0,3
3002,0,1,126.86,3931858.55,37949.84,0,3,1
3003,1,1,432.94,428290.59,10210.58,0,2,3
3004,1,0,393.34,3379593.61,91690.2,0,1,3
3005,5,1,164.75,1502746.44,26368.1,0,3,1
3006,1,1,158.87,2701868.14,91457.45,1,3,3
3007,4,0,346.51,775296.27,91755.53,1,3,3
3008,0,1,438.6,674345.69,69657.92,1,0,1
3009,3,1,264.35,2429935.0,55682.66,0,0,3
3010,3,1,302.36,2594797.08,37298.06,1,0,2
3011,4,1,281.53,2883007.61,86129.65,1,1,4
3012,0,1,30.38,1383636.17,20414.76,0,2,2
3013,5,1,155.16,2483685.83,31295.4,1,0,2
3014,3,0,371.71,1734530.56,14615.59,0,1,1
3015,3,1,174.92,2318922.67,26766.28,0,1,1
3016,1,0,92.23,1490097.15,31404.62,0,0,1
3017,2,0,24.22,699915.22,72591.3,1,0,4
3018,5,0,325.02,2584399.23,39220.18,1,3,2
3019,1,0,419.45,4551632.51,23818.45,0,3,1
3020,4,0,456.8,4443716.74,95075.32,0,2,1
3021,2,1,267.47,355022.29,68417.28,1,1,4
3022,1,0,382.77,3761178.37,33274.68,1,0,1
3023,1,1,21.3,956439.27,12825.3,1,2,1
3024,5,0,240.5,1496539.14,91344.63,0,1,1
3025,0,0,179.25,4571933.36,66932.86,1,3,4
3026,2,1,241.42,4446073.8,72552.97,0,3,1
3027,0,0,52.06,898767.83,82568.12,1,3,3
3028,1,0,468.49,1829903.87,17620.84,1,0,2
3029,4,1,180.62,2852446.08,95970.2,1,1,4
3030,2,0,495.22,1658626.38,74478.68,0,1,3
3031,3,0,341.96,864665.5,31699.76,1,2,3
3032,2,0,113.23,2443774.69,59900.86,0,3,2
3033,3,0,347.42,738945.6,3865.65,1,2,2
3034,4,0,102.49,1938877.75,73643.23,1,2,2
3035,5,1,435.43,3020817.21,10009.11,1,1,3
3036,2,0,55.94,3260607.32,51593.52,0,0,3
3037,3,0,343.58,1754291.0,9012.85,0,1,4
3038,4,1,22.5,4860223.56,31221.96,0,2,3
3039,4,1,182.42,3464574.79,3338.42,1,2,3
3040,3,1,394.03,3676741.79,34193.83,0,3,3
3041,3,0,437.23,4069800.64,55548.03,1,3,1
3042,4,0,474.73,3167410.61,72390.88,1,3,3
3043,3,0,150.39,3968521.92,96416.05,1,3,2
3044,4,0,401.92,2664105.6,78786.58,0,2,2
3045,4,1,76.2,772055.75,17520.0,1,1,1
3046,0,1,446.72,3148709.78,79004.96,0,3,1
3047,1,0,483.72,3754423.85,16596.13,0,1,3
3048,0,0,239.17,3249611.07,22906.73,0,0,4
3049,5,0,130.0,2520100.39,65721.76,1,1,2
3050,1,1,304.45,4600166.95,16039.84,1,1,2
3051,1,1,141.46,2008491.15,92797.35,1,3,3
3052,4,1,286.81,4202427.69,59161.05,0,1,2
3053,3,0,56.51,2090840.22,47649.82,1,0,4
3054,4,0,41.85,1145984.18,60491.11,1,3,1
3055,5,0,324.69,4178405.5,51603.05,1,3,4
3056,5,1,92.86,434320.96,37764.12,0,0,3
3057,1,0,152.95,4924539.95,25776.27,1,0,4
3058,1,1,50.87,3154985.33,91196.97,1,0,4
3059,2,0,325.4,3499512.96,26982.41,0,0,4
3060,3,0,114.2,4579597.41,76525.3,1,3,4
3061,4,0,323.41,2380143.84,69844.61,0,1,3
3062,5,0,170.46,65748.54,38590.98,1,1,2
3063,5,1,57.22,3229030.18,76906.82,0,1,3
3064,0,1,386.29,4777260.8,98894.54,1,1,2
3065,3,0,170.69,4279812.43,97185.22,1,2,2
3066,3,1,32.91,4180701.1,10004.6,1,2,3
3067,1,0,348.95,1440698.72,56668.96,1,0,2
3068,5,0,272.34,854304.31,43578.22,0,2,4
3069,1,0,330.83,2154039.99,34300.91,1,2,2
3070,4,1,136.48,2846839.11,71930.95,0,0,1
3071,4,1,31.44,1926953.24,27073.6,1,1,4
3072,4,1,131.97,3317847.39,73850.74,1,2,3
3073,1,1,312.7,4784777.82,26134.75,0,0,3
3074,5,1,245.57,4375391.42,88927.98,1,3,2
3075,0,1,440.59,1985797.7,27607.94,1,0,4
3076,1,1,56.89,1354050.46,68485.06,0,1,3
3077,3,1,470.17,3814028.89,66773.48,0,3,4
3078,3,1,282.93,3629281.12,90601.86,0,0,3
3079,4,0,217.39,2319151.78,46111.98,1,3,2
3080,1,1,68.47,975435.17,33992.96,0,3,1
3081,1,0,258.3,1680270.11,33938.5,0,0,3
3082,4,0,124.44,4146791.87,10176.24,1,2,1
3083,3,1,72.1,2843572.6,74824.84,1,3,4
3084,4,1,135.23,4165132.58,84998.13,1,1,2
3085,3,1,90.03,1609096.88,49625.17,0,0,3
3086,5,1,84.22,1721270.07,74437.64,1,0,2
3087,5,0,59.51,2224416.08,94711.99,0,3,4
3088,3,0,247.73,1940684.14,15465.11,1,3,2
3089,5,0,305.09,3889778.31,4274.44,0,3,4
3090,2,0,356.42,4133998.48,4740.46,0,2,3
3091,5,1,60.84,649457.57,76153.28,0,0,3
3092,1,1,332.0,2137404.06,39032.04,1,0,4
3093,3,1,449.37,4681707.74,16216.25,1,2,4
3094,0,0,243.95,1145457.86,91212.92,1,2,1
3095,3,1,42.13,3976981.9,78662.27,0,2,3
3096,4,0,160.41,1749304.67,36360.79,1,1,1
3097,0,1,494.54,1263198.29,81854.18,0,2,1
3098,2,1,177.53,2405597.43,37439.7,1,2,1
3099,1,1,405.35,4806866.48,7787.46,0,2,4
3100,5,0,214.01,562420.29,32627.98,0,3,3
3101,5,0,96.99,1912638.2,90406.67,0,1,2
3102,5,0,336.05,1069314.79,6943.06,1,3,2
3103,4,0,474.03,645301.79,39588.91,0,2,2
3104,1,1,26.19,1052466.29,3849.5,0,0,1
3105,3,0,461.48,974743.26,62829.77,1,3,1
3106,2,1,126.99,83530.64,30346.52,1,3,3
3107,1,0,318.06,4634946.01,15346.37,1,0,4
3108,4,0,66.03,4089563.6,16588.55,0,1,2
3109,1,1,89.68,1582574.69,75506.9,1,0,1
3110,1,0,467.38,1810921.21,72222.6,1,1,1
3111,4,0,6.61,1771892.01,11879.55,0,0,3
3112,2,1,277.08,1905050.44,6379.32,0,0,1
3113,1,1,232.5,3683534.38,68811.29,1,0,4
3114,5,0,379.25,2483380.5,3485.45,1,1,2
3115,0,1,435.22,443746.62,80294.61,1,3,3
3116,2,1,495.91,4369325.31,92709.33,1,3,4
3117,3,0,361.02,1118816.97,81964.33,0,0,2
3118,4,1,364.87,3139593.63,52995.15,1,3,2
3119,1,0,447.04,1314494.67,78168.68,0,2,3
3120,5,0,394.18,2770202.64,42857.12,0,0,4
3121,3,1,37.0,2306773.9,66041.8,1,0,2
3122,1,1,161.04,3969446.13,95196.91,1,3,1
3123,1,1,437.38,2580953.12,72557.57,1,0,4
3124,3,1,175.22,3057517.97,55178.23,1,3,1
3125,1,1,84.04,2028077.8,68453.79,1,2,1
3126,0,0,213.31,1873939.98,2093.24,0,1,3
3127,0,0,177.02,1331207.39,30901.56,1,3,2
3128,4,1,294.42,543223.89,21739.7,1,1,2
3129,4,0,235.46,4144189.27,96889.7,1,2,3
3130,4,1,222.08,213489.25,49558.6,1,0,1
3131,3,1,464.58,639822.45,21527.31,0,2,4
3132,4,1,268.06,756345.17,50659.6,0,2,2
3133,1,0,15.18,3039456.27,46861.37,1,1,1
3134,3,1,458.08,1141248.19,50285.73,1,1,4
3135,4,0,26.31,1727272.72,78858.7,0,2,1
3136,5,1,127.92,1382764.64,32038.76,1,2,4
3137,3,0,101.35,2108396.22,23201.81,0,2,4
3138,3,1,45.41,3120830.48,37068.83,0,1,1
3139,3,1,163.73,1542250.26,3125.46,1,3,3
3140,2,0,323.05,55107.72,3093.61,1,0,1
3141,5,1,5.46,3346617.46,96381.62,0,0,2
3142,3,0,198.55,791842.94,15675.87,0,2,1
3143,3,0,439.74,4821841.03,8691.64,0,1,2
3144,1,0,96.62,3078933.42,35833.56,0,3,2
3145,1,1,14.35,4999596.61,73490.01,1,2,2
3146,0,0,122.32,2447410.21,86840.81,1,0,2
3147,0,1,73.86,1915318.22,55289.67,0,2,4
3148,1,1,248.54,3993108.77,54856.6,1,1,3
3149,2,1,105.34,2079658.83,46947.5,1,1,4
3150,1,1,161.25,1104328.29,72555.93,0,2,3
3151,4,1,467.56,1500647.34,1072.89,1,3,3
3152,2,1,408.21,274601.94,8666.12,1,3,4
3153,2,1,66.79,4344707.12,50470.95,0,3,2
3154,0,0,173.68,3083472.14,79157.98,1,1,3
3155,5,1,478.87,4634301.87,32637.37,0,0,3
3156,0,1,80.11,2384221.64,62121.8,0,2,2
3157,1,1,177.23,1243608.0,43481.57,1,2,4
3158,5,1,60.79,152347.5,81014.74,0,3,3
3159,4,1,456.4,4803378.95,70392.89,0,2,2
3160,0,1,355.28,3412659.71,86660.43,1,2,3
3161,4,1,282.09,84156.7,20793.87,1,3,2
3162,0,1,446.75,4959053.71,22115.25,0,3,1
3163,3,1,95.79,4533228.12,98643.98,1,1,2
3164,4,1,61.73,1838253.35,5274.55,1,3,2
3165,1,1,59.21,2199179.01,45237.52,1,0,1
3166,4,0,62.26,2815794.39,77033.52,0,1,3
3167,4,1,170.03,1959471.14,98153.57,1,1,3
3168,4,1,116.17,1851270.75,70216.05,0,2,2
3169,2,1,335.09,403954.97,22828.03,0,1,2
3170,2,1,263.76,1052684.41,56800.04,1,0,1
3171,1,0,66.38,2180140.07,28023.29,1,1,2
3172,1,0,142.27,1277053.8,71955.37,0,1,4
3173,1,1,169.59,857438.06,9969.21,1,3,3
3174,1,1,227.29,3624003.9,80401.7,0,2,3
3175,2,0,45.18,883051.14,39911.61,0,0,4
3176,2,0,158.34,3027642.28,91258.57,0,3,4
3177,5,1,157.83,527586.55,39023.31,1,1,2
3178,1,0,133.14,316777.2,40506.12,1,3,4
3179,0,1,454.8,3186112.52,35869.4,1,3,2
3180,4,1,330.82,3204103.7,43318.74,0,2,2
3181,4,0,76.41,2100054.76,56573.2,1,0,4
3182,5,1,425.64,3253899.56,56385.91,0,0,3
3183,3,1,38.15,496799.38,26523.2,1,0,3
3184,4,1,48.87,3666230.95,28599.16,0,3,1
3185,0,1,456.7,1909324.84,18829.06,1,3,4
3186,4,0,399.66,2534693.83,57713.64,1,3,2
3187,3,0,36.3,2660985.48,14748.44,1,0,2
3188,5,0,494.51,2129932.37,69499.56,0,0,3
3189,0,0,330.09,364022.81,58777.67,1,3,3
3190,0,1,257.09,3044361.94,87480.82,1,1,1
3191,0,0,491.21,3418774.82,83448.97,1,0,1
3192,5,0,197.69,4298857.39,8006.99,1,1,4
3193,2,1,416.59,3159691.9,11869.16,0,2,4
3194,0,0,30.2,4703277.67,6453.84,1,0,2
3195,1,0,319.04,4395459.92,68241.68,1,0,1
3196,0,0,474.05,4492994.47,57966.92,0,0,2
3197,3,0,280.95,2802679.81,82581.25,1,1,2
3198,4,1,93.5,2698340.39,29907.57,1,0,4
3199,0,0,124.97,4887751.39,32932.83,1,0,3
3200,1,0,22.52,4532448.73,87285.74,1,3,4
3201,2,0,424.32,2250885.67,13123.78,1,3,1
3202,5,1,131.63,3083790.49,29089.6,1,2,2
3203,0,1,305.99,2444686.06,45323.73,1,0,4
3204,1,1,359.82,736217.82,4242.66,0,3,3
3205,3,1,135.32,2628168.15,37147.97,1,3,4
3206,3,0,261.11,2784792.63,59313.84,1,0,1
3207,5,1,177.92,4096290.65,53094.66,1,3,4
3208,0,0,80.57,639890.74,89260.0,0,0,2
3209,2,0,121.86,3822125.86,5030.71,1,3,4
3210,5,1,119.04,1635885.88,54712.0,1,3,3
3211,0,1,119.5,3346363.74,35349.64,1,3,4
3212,5,0,385.59,3269525.65,38107.4,0,1,1
3213,5,0,261.07,4303860.21,90449.4,1,2,1
3214,4,1,297.32,445840.02,43768.64,0,2,2
3215,2,1,337.06,3595065.17,87883.95,1,3,4
3216,5,1,403.47,370363.61,2343.65,0,1,3
3217,5,0,121.44,2100593.06,71893.61,1,2,1
3218,1,0,499.76,3899782.77,31904.95,1,1,4
3219,2,0,106.31,1964048.81,74060.08,1,0,3
3220,2,0,213.86,4058746.08,38782.43,1,1,2
3221,4,1,481.88,3002520.22,91606.69,1,2,1
3222,3,0,185.21,2705779.05,40748.51,0,3,3
3223,1,1,365.81,2593449.6,32425.68,1,2,3
3224,0,0,495.17,1832256.3,3572.2,1,2,2
3225,1,0,31.7,770407.73,37076.62,1,2,2
3226,1,0,202.1,3254108.45,94204.06,0,3,4
3227,1,0,210.41,902691.73,48774.01,1,2,4
3228,4,0,333.75,1448830.56,1133.21,1,3,4
3229,2,1,228.95,2161060.7,68410.02,0,3,4
3230,3,0,249.95,2777882.7,87999.73,1,3,3
3231,1,0,441.31,2758050.93,92501.48,1,1,3
3232,4,1,360.75,2343635.39,10003.57,0,2,2
3233,5,0,460.0,739416.45,88366.04,1,2,1
3234,2,1,444.74,4148304.46,26637.61,1,0,1
3235,1,1,417.6,2678283.82,20373.22,1,1,4
3236,1,1,195.89,3556727.38,17458.77,1,0,3
3237,5,1,340.11,488295.58,13990.8,1,1,1
3238,2,0,338.39,4419565.48,65466.54,1,2,2
3239,1,1,422.23,197343.7,21621.54,1,3,4
3240,5,1,263.09,1200766.76,31313.18,1,3,3
3241,3,0,52.31,3990137.03,12339.17,0,3,3
3242,3,1,187.48,2654914.39,15190.62,1,3,1
3243,5,1,225.35,2324475.34,50295.94,0,1,2
3244,2,1,134.99,3448357.31,92483.19,0,3,1
3245,3,1,32.34,3451259.67,93074.92,1,2,2
3246,1,0,86.92,4172175.45,43996.85,1,1,2
3247,2,1,387.99,3687398.05,42948.68,1,2,3
3248,3,1,10.86,4618654.74,56707.07,1,0,1
3249,0,1,398.2,4035436.5,62858.36,1,2,4
3250,0,1,365.05,716309.13,90154.36,0,2,3
3251,5,0,468.95,1824387.85,69841.17,0,2,4
3252,5,1,433.24,519751.82,70989.76,1,0,1
3253,0,0,162.67,2461334.08,94840.87,1,1,4
3254,0,1,493.52,3587870.47,73337.42,0,1,1
3255,3,0,441.68,1741289.11,73134.41,1,3,2
3256,1,1,480.77,2436645.82,60263.43,0,2,4
3257,0,0,368.71,3068642.69,15793.2,1,3,3
3258,4,1,148.32,3743876.36,34338.23,0,2,2
3259,1,1,91.38,84770.31,48001.72,0,2,4
3260,4,0,260.13,2270215.52,45711.76,0,1,2
3261,5,0,462.21,3611219.58,89539.01,0,3,4
3262,5,0,18.3,2794841.04,53729.72,1,1,1
3263,1,0,206.0,4359070.42,17423.48,0,1,3
3264,1,0,250.68,1178140.5,85950.75,0,1,1
3265,1,1,452.21,2664209.84,85508.79,1,0,3
3266,5,1,12.19,3199298.23,25392.95,1,0,2
3267,1,1,387.3,2653595.73,13524.54,0,0,1
3268,0,0,203.34,499929.3,68164.37,0,1,1
3269,4,0,300.86,1589558.68,39976.0,0,1,4
3270,5,0,176.83,1477969.61,76526.2,1,2,3
3271,1,0,294.09,2342360.37,81485.89,1,0,2
3272,0,1,499.09,633093.31,68906.36,0,2,1
3273,1,0,301.76,982876.09,54660.93,0,1,4
3274,1,1,243.95,4623272.09,74397.55,0,2,3
3275,2,0,101.21,1497695.78,67449.31,0,0,1
3276,3,0,10.56,3429851.61,73984.3,0,3,1
3277,1,1,374.13,3479842.91,18379.54,0,2,4
3278,2,0,198.21,1172819.15,13505.87,0,2,4
3279,4,1,474.25,4987603.01,52611.28,1,0,1
3280,3,1,65.83,1121154.04,70615.19,1,3,1
3281,0,1,150.12,4193721.42,72579.21,1,3,4
3282,5,0,375.08,56655.61,51724.01,0,0,4
3283,0,0,271.49,3622407.76,91635.59,0,0,1
3284,3,1,267.82,4569135.45,26945.61,1,1,4
3285,4,0,62.06,4068576.23,20365.72,1,1,2
3286,4,0,28.98,3912658.05,99671.59,0,1,3
3287,5,1,69.52,3519390.68,15344.5,1,0,2
3288,0,0,484.9,2189799.55,82456.65,1,1,1
3289,1,1,196.43,4896467.96,50051.57,1,1,1
3290,3,0,113.12,4680376.98,72804.15,1,2,1
3291,2,1,68.22,1745535.37,47020.95,1,0,2
3292,2,0,110.62,2137350.34,49887.21,1,0,1
3293,0,0,325.38,4284651.55,20330.18,0,1,4
3294,2,1,362.13,2723077.45,31594.09,1,2,1
3295,3,1,174.92,1044546.18,67571.99,0,2,4
3296,5,1,312.15,3215227.98,91451.31,1,3,1
3297,0,0,390.57,1955614.7,33575.68,1,0,3
3298,1,1,159.67,2124178.04,11352.53,0,2,1
3299,0,0,129.86,3185633.96,18877.43,0,1,3
3300,1,1,318.01,3659648.98,35595.6,1,0,2
3301,1,1,107.9,1918857.52,80441.57,0,1,4
3302,2,1,295.28,4793347.74,79492.16,1,1,2
3303,4,1,261.89,1633536.5,59747.48,1,1,1
3304,4,1,412.61,2598515.88,34613.37,1,0,2
3305,1,1,144.65,4611547.17,73614.14,1,1,1
3306,5,0,161.4,1224983.71,41661.19,1,0,2
3307,2,0,332.91,3340568.83,96099.98,1,1,2
3308,5,0,332.84,379806.73,61545.12,1,0,3
3309,5,1,176.74,3750157.23,86453.13,0,3,2
3310,0,0,389.49,1452668.19,69515.47,1,0,1
3311,3,1,34.5,4257426.5,1826.92,1,3,3
3312,2,1,434.31,4028308.18,44213.6,0,1,1
3313,3,0,232.7,4449691.84,6696.51,0,0,4
3314,0,1,342.12,249355.24,27731.52,0,0,1
3315,0,1,46.11,877986.08,69342.51,0,0,1
3316,3,1,383.76,3488085.38,75300.66,1,2,1
3317,2,1,283.67,4669517.68,12999.41,1,2,4
3318,5,0,274.08,3553310.83,79292.89,0,2,3
3319,2,0,209.78,4740748.94,54519.4,0,3,1
3320,5,0,309.61,97510.81,47969.46,0,2,3
3321,5,0,103.59,3096769.38,53330.5,0,2,3
3322,2,1,378.1,3324269.06,94617.77,1,2,4
3323,0,1,387.38,417677.23,84337.66,1,3,2
3324,3,0,61.78,4047822.87,57515.98,0,0,1
3325,5,0,268.98,3275311.29,18682.77,1,1,1
3326,3,1,322.9,1841951.62,15713.6,0,3,1
3327,2,0,155.51,1361050.8,47370.39,1,3,4
3328,1,0,498.51,3950955.77,18172.52,1,1,3
3329,1,0,481.09,2248659.5,32806.76,0,1,1
3330,2,1,404.12,3291647.93,40141.82,1,0,3
3331,2,1,330.45,2593247.98,2013.78,0,2,4
3332,0,1,87.57,2442361.96,74484.64,1,2,2
3333,5,1,150.79,3235883.72,60519.86,1,2,2
3334,0,0,444.59,292350.46,75509.03,0,3,1
3335,3,1,216.98,237503.07,58025.05,0,1,4
3336,0,0,218.53,4162208.27,14191.17,1,1,2
3337,4,0,410.79,3574586.8,84625.79,1,0,3
3338,1,1,171.71,2162764.31,95090.32,1,3,4
3339,3,0,388.11,2636323.08,73708.56,0,0,3
3340,2,1,133.64,424009.63,29855.37,0,3,1
3341,4,1,383.97,3910945.12,91093.92,1,2,4
3342,5,1,82.75,753281.64,36217.76,0,3,2
3343,2,1,306.94,3283439.07,28878.82,0,0,4
3344,5,0,48.22,2624725.18,47171.44,0,2,3
3345,0,1,393.54,3443265.1,24074.63,1,3,4
3346,1,1,349.61,4030229.63,76759.91,0,0,3
3347,1,1,142.83,4117126.28,79612.37,1,1,2
3348,4,0,249.43,1465637.07,93692.99,1,1,1
3349,4,0,437.18,1590988.82,9712.71,0,0,3
3350,4,1,395.54,3206982.74,6252.41,0,3,3
3351,1,1,73.57,192631.69,31624.23,1,2,1
3352,0,1,495.53,2469601.61,16270.36,1,2,1
3353,2,1,13.35,694498.77,84373.37,1,3,2
3354,0,1,154.64,3153467.8,46922.53,0,2,3
3355,4,0,278.15,333599.95,29086.69,0,2,4
3356,3,0,27.48,4428310.04,55324.95,0,3,4
3357,1,0,11.0,789481.76,60790.22,1,2,4
3358,0,0,351.59,473920.93,52172.94,1,3,1
3359,2,1,405.71,3270378.33,64083.51,1,3,3
3360,3,0,36.16,4561283.06,77574.6,1,2,4
3361,4,1,199.62,4985763.54,81843.13,1,3,1
3362,3,0,308.69,906343.2,25696.41,1,2,1
3363,2,0,456.33,2610511.3,23743.62,1,2,2
3364,0,1,252.7,3506339.17,42675.68,1,2,1
3365,4,0,362.62,2663698.22,71586.83,0,2,4
3366,5,0,447.2,650655.94,38510.74,0,0,1
3367,1,0,317.87,1715482.89,35886.82,1,3,3
3368,4,0,193.17,3985154.91,14437.93,0,2,4
3369,2,1,466.68,3163714.34,39418.28,0,3,4
3370,3,0,370.6,3574772.12,75317.7,1,2,2
3371,4,1,458.65,2867964.25,74061.51,1,1,3
3372,5,1,214.24,4400974.23,93333.15,0,1,2
3373,0,0,112.62,3199096.0,23841.99,1,3,2
3374,4,0,494.81,3276393.07,86952.24,0,1,2
3375,2,0,394.12,4246214.19,88524.72,1,0,2
3376,2,0,435.77,3146651.18,77899.8,0,0,1
3377,3,0,340.64,2950174.88,62752.91,1,3,4
3378,3,0,394.75,2767751.65,48057.34,0,1,3
3379,4,1,53.8,3309523.3,38642.72,0,1,3
3380,2,0,438.47,2969408.04,34332.54,1,0,2
3381,5,0,41.53,3013235.71,3734.36,0,3,4
3382,4,0,214.84,1111253.32,8108.96,0,2,4
3383,5,1,480.1,2584355.48,26679.38,0,3,2
3384,5,0,107.87,4457734.52,13465.31,1,2,1
3385,4,0,160.02,4675214.06,37594.51,1,0,2
3386,5,0,216.02,1543089.82,19571.31,0,3,4
3387,2,1,354.41,1923406.18,39382.71,1,2,3
3388,3,0,227.18,4605945.59,40893.64,1,0,4
3389,0,1,28.13,4033942.88,74731.63,1,0,3
3390,1,1,461.7,2999623.61,93671.45,1,1,4
3391,3,0,237.48,1811839.91,91392.61,0,2,1
3392,0,1,74.44,1601830.48,97466.49,0,2,4
3393,2,1,250.62,2331280.7,2880.56,0,0,2
3394,4,0,235.37,4425627.12,1221.22,0,1,1
3395,0,0,9.95,4481610.87,84894.95,0,2,4
3396,1,1,98.53,2118064.95,26052.64,1,2,4
3397,0,0,464.75,986897.93,52450.87,1,3,2
3398,1,0,310.23,2368296.17,35572.88,0,2,4
3399,0,1,420.19,2616602.44,75110.53,1,3,4
3400,3,1,390.97,1219026.49,68041.58,1,2,4
3401,5,0,325.33,4149170.39,79848.11,1,0,2
3402,0,0,281.84,4906167.98,61475.84,1,1,1
3403,5,0,240.24,2728408.61,46967.89,0,0,2
3404,2,1,480.08,2686258.04,95031.75,0,2,1
3405,0,1,256.19,2794336.14,2512.6,0,2,2
3406,5,0,146.04,4970243.27,28449.93,0,1,1
3407,2,1,108.38,3046678.36,94195.93,0,0,2
3408,3,1,58.25,2697023.77,36243.26,1,3,2
3409,2,1,139.78,3951004.14,40987.16,0,3,2
3410,1,0,197.0,1648665.09,87092.37,1,1,3
3411,2,1,294.26,122046.05,3277.33,0,0,4
3412,3,0,445.75,2218907.19,76628.07,1,0,3
3413,0,0,250.31,577144.45,43288.96,1,0,1
3414,1,1,5.75,144455.26,43157.64,0,2,4
3415,4,0,148.46,3145407.76,56326.04,0,2,3
3416,5,1,92.41,1088067.82,7838.76,0,0,2
3417,1,0,238.38,1313375.79,40829.2,1,0,1
3418,3,1,225.18,1348676.34,35922.47,1,1,3
3419,3,1,415.29,4018994.26,26822.1,0,2,3
3420,5,1,58.62,2405452.26,38587.11,0,0,2
3421,1,0,109.68,3744073.07,9558.02,1,1,3
3422,2,1,264.65,680322.57,79710.02,1,0,2
3423,3,0,347.6,1229251.52,56891.27,0,0,1
3424,0,0,14.48,4870264.33,54958.28,1,1,2
3425,5,1,92.47,2611095.01,49665.73,1,2,2
3426,5,1,40.1,610522.37,64158.75,0,0,3
3427,0,0,365.01,4076068.71,37093.73,0,2,4
3428,3,0,417.82,369455.24,59508.1,1,3,1
3429,3,0,108.25,4768213.39,28088.32,0,2,2
3430,4,1,465.75,3342145.26,17695.55,0,3,3
3431,2,0,337.98,3400430.07,26201.06,1,2,4
3432,1,0,342.77,2015901.31,82229.41,0,3,4
3433,2,1,466.68,2122072.37,44207.84,1,2,3
3434,2,0,230.09,2684297.41,99909.17,0,1,3
3435,3,0,461.5,448444.46,39898.27,1,3,4
3436,1,0,388.82,4118659.35,97200.42,0,3,1
3437,4,0,197.66,225530.91,10264.72,1,1,1
3438,1,0,426.7,95558.85,23212.65,0,0,3
3439,2,1,498.16,301618.59,8350.25,0,3,3
3440,0,0,109.04,4799440.09,12428.77,0,0,2
3441,5,1,267.23,1019353.84,60662.83,0,0,1
3442,2,0,415.75,4712920.6,94837.87,1,1,2
3443,3,0,265.88,3931518.91,49482.18,1,0,1
3444,5,0,497.3,1422922.79,43076.79,1,3,3
3445,5,1,193.21,2915036.46,8666.77,0,3,3
3446,0,1,448.91,4848200.37,25555.38,1,2,4
3447,5,0,127.6,2838357.9,1841.56,0,0,4
3448,2,1,51.83,3653059.25,40985.03,1,1,1
3449,2,1,232.33,2970625.91,81249.71,1,2,1
3450,0,0,150.35,98325.56,96788.38,1,3,3
3451,2,1,329.95,3366406.12,38946.65,1,3,2
3452,1,0,144.06,4538918.24,4840.94,0,1,1
3453,1,0,244.54,188236.76,10050.05,1,0,4
3454,5,0,135.57,4278557.99,64196.25,1,2,1
3455,2,1,167.18,1919498.87,12131.21,0,2,3
3456,1,1,485.17,2925687.69,88249.75,1,2,2
3457,2,0,408.0,4666637.81,49288.04,0,2,1
3458,1,1,360.33,2696054.29,53733.1,1,3,4
3459,2,1,246.59,373160.1,28282.0,1,2,1
3460,2,1,298.93,3757155.55,72749.25,0,2,2
3461,3,1,342.69,3996430.51,22227.52,0,1,3
3462,3,1,369.34,1778220.9,43642.46,1,2,1
3463,2,1,411.66,2108827.46,44829.82,0,2,3
3464,5,0,37.99,4038259.08,20209.02,0,2,1
3465,1,1,497.26,4605790.87,10840.05,0,3,3
3466,3,0,151.48,2088150.64,88503.72,0,2,1
3467,4,1,497.28,288966.35,79458.12,0,2,2
3468,5,1,411.97,1548149.03,79032.7,1,3,1
3469,0,0,129.82,4196922.98,64463.82,1,0,4
3470,5,0,361.24,553521.76,52281.06,0,3,1
3471,2,0,150.41,190223.42,37317.56,1,0,3
3472,0,1,433.79,4900335.96,77702.73,0,0,4
3473,4,1,122.71,2595007.97,88685.69,0,2,3
3474,0,1,397.68,1791902.37,62452.43,1,3,3
3475,4,1,142.87,1545663.43,81623.16,1,2,2
3476,5,1,383.32,677736.02,79593.46,1,1,2
3477,4,0,296.16,2809960.72,70260.95,1,0,1
3478,4,1,448.45,2319857.53,1693.78,0,0,3
3479,2,0,327.41,1530482.71,41953.92,0,2,4
3480,4,0,470.01,4247240.51,96175.31,1,0,2
3481,3,0,154.55,1559614.65,32288.48,1,0,3
3482,3,1,15.8,3380338.87,70792.74,0,0,2
3483,1,0,48.26,4974603.22,74466.63,1,3,2
3484,0,0,227.8,3421338.4,64027.78,1,2,2
3485,2,1,370.7,1015513.64,80732.4,0,2,2
3486,3,0,290.5,1852608.45,97522.23,0,0,4
3487,3,0,180.2,1824624.58,39170.74,1,3,3
3488,1,0,103.72,2262580.63,80958.73,0,2,3
3489,4,1,338.21,3884001.35,37284.97,1,0,2
3490,1,0,101.13,282499.15,16382.57,0,3,4
3491,4,0,212.34,3786040.71,83426.54,1,1,1
3492,4,1,314.87,503050.98,64409.19,1,0,2
3493,1,0,385.01,1548425.86,28975.21,0,3,2
3494,1,1,183.48,3040795.7,78146.33,1,0,2
3495,5,0,70.25,2301463.45,77792.66,0,3,1
3496,1,0,74.26,1175304.92,5938.57,1,2,4
3497,5,0,472.71,611162.29,26898.85,1,1,2
3498,0,0,177.57,590165.75,49407.46,1,2,4
3499,0,1,296.66,1427611.62,33345.95,0,3,2
3500,4,1,173.52,168052.1,72504.67,1,1,1
3501,5,0,485.08,324712.94,10674.9,0,1,1
3502,4,1,222.67,4237347.49,56166.45,1,1,3
3503,2,0,149.43,4372923.44,69760.48,0,1,1
3504,0,1,414.02,1387795.97,83534.62,1,3,3
3505,4,1,448.39,4523310.75,43571.41,1,1,4
3506,4,0,211.03,2320460.8,61901.17,0,0,2
3507,5,1,162.13,3416993.61,45890.69,1,1,3
3508,4,0,93.97,4831575.79,75947.43,0,0,3
3509,5,1,211.13,4900566.4,60011.13,1,1,2
3510,0,1,324.34,3113742.92,45838.27,0,3,4
3511,4,1,61.23,4787101.58,83357.69,1,0,4
3512,2,1,312.27,3742192.35,43324.0,0,3,4
3513,4,1,358.71,786989.11,18197.0,0,0,2
3514,5,0,256.79,487346.1,37288.46,0,0,3
3515,3,1,62.49,376066.7,72442.54,1,2,4
3516,3,1,28.46,2413657.91,35732.13,1,1,3
3517,2,1,444.67,510702.04,46920.31,0,2,3
3518,2,1,389.96,3102149.1,11085.58,0,0,1
3519,0,0,312.78,2325307.14,14276.54,0,0,1
3520,5,1,81.27,3347307.12,91642.09,0,3,4
3521,2,1,496.11,4882548.23,35868.1,1,0,4
3522,4,1,318.27,1397404.74,45629.01,0,1,2
3523,4,0,434.08,823370.91,95556.99,0,0,2
3524,4,0,119.74,530839.85,59807.76,1,1,3
3525,2,1,211.09,1442793.6,69448.6,1,1,2
3526,1,1,226.86,4845439.43,80537.42,0,2,2
3527,3,0,289.5,3218264.69,79524.81,0,1,2
3528,2,1,425.37,3880128.7,90139.03,1,0,3
3529,3,1,375.13,3026771.78,35833.04,1,2,3
3530,0,1,271.04,4957213.45,96735.38,0,3,2
3531,1,1,267.73,4604647.14,70347.66,1,3,1
3532,4,0,196.96,4187139.16,16585.39,1,2,1
3533,1,0,414.01,2542444.79,64639.12,1,1,3
3534,0,1,39.45,4789251.96,17551.35,1,3,3
3535,5,0,387.21,2427710.91,40025.45,1,0,1
3536,3,1,95.84,3228247.79,49850.67,1,3,4
3537,2,1,306.83,2045665.55,98307.27,1,0,3
3538,3,1,405.29,3826923.86,55040.01,1,2,1
3539,5,0,288.27,4604474.38,43895.71,0,3,2
3540,5,0,251.98,490899.1,87797.67,0,0,2
3541,5,1,51.51,1468315.94,53342.85,0,3,4
3542,0,0,157.83,71367.72,13624.67,0,1,1
3543,3,0,252.9,1264562.43,48567.17,0,1,2
3544,0,0,7.6,2819924.06,41677.89,0,3,3
3545,1,0,318.73,2280751.05,87942.39,1,3,4
3546,4,1,104.94,2389182.86,94088.87,0,1,2
3547,5,0,113.27,2894843.89,12039.36,1,2,4
3548,5,0,285.95,1168214.35,58449.17,0,3,1
3549,0,1,368.82,2341534.97,85843.82,1,0,3
3550,5,1,117.77,1620251.59,75773.51,1,3,3
3551,4,1,494.16,4110373.12,27449.28,0,0,2
3552,4,0,465.41,2123164.23,8539.91,1,2,1
3553,0,0,347.5,853498.68,71185.16,1,0,1
3554,2,1,138.0,1705011.34,19438.57,1,3,1
3555,2,0,298.06,276118.09,94606.61,1,0,2
3556,3,0,396.71,652736.69,41247.72,0,1,4
3557,5,0,451.81,1742278.84,4621.72,1,1,3
3558,3,0,401.44,4542740.07,78856.16,1,3,1
3559,5,0,457.58,1753049.33,74462.05,1,1,2
3560,3,1,282.58,234275.23,58733.08,0,3,1
3561,3,1,241.4,2943447.77,9716.55,1,3,3
3562,3,0,308.83,1441534.38,95723.01,1,3,3
3563,0,0,319.59,3322708.44,46895.77,1,2,1
3564,5,1,166.29,3131158.16,16631.99,0,1,2
3565,5,1,170.63,4092920.41,89197.1,0,2,4
3566,0,1,400.5,1450861.53,63544.83,0,1,3
3567,4,1,14.88,2288631.39,31251.75,0,1,1
3568,0,1,297.04,3133376.39,52347.91,0,0,3
3569,3,0,13.97,4898052.97,4127.25,0,1,1
3570,5,0,72.5,4798291.74,14358.89,1,1,3
3571,0,0,451.61,1152376.53,81388.57,0,0,4
3572,3,0,105.79,972321.49,32578.02,1,3,1
3573,3,0,348.23,2161032.28,57821.64,1,1,3
3574,1,0,4.95,1858723.06,22898.78,1,3,3
3575,3,1,385.08,697002.28,45838.91,0,1,1
3576,5,0,145.44,3726125.25,61897.66,0,3,3
3577,3,0,464.38,2543889.15,83958.2,1,3,4
3578,1,0,107.46,3081567.4,62689.21,0,0,2
3579,5,1,246.1,3378761.82,51268.99,1,2,2
3580,4,1,170.94,2170002.34,68907.02,1,0,3
3581,5,1,73.58,2737337.9,89424.76,1,2,4
3582,5,1,326.33,3978556.27,67968.75,1,1,1
3583,4,1,383.42,1882729.58,16160.8,0,0,1
3584,1,1,494.19,2422740.61,78495.38,0,0,2
3585,1,1,235.83,2138926.07,99699.91,1,3,1
3586,1,0,454.61,3592068.49,35733.73,1,1,1
3587,1,0,94.21,2982648.01,29429.67,1,1,2
3588,1,0,485.43,735810.74,97540.45,0,0,3
3589,0,0,139.26,3819770.13,39004.75,0,0,2
3590,0,1,306.36,1603860.07,49951.32,1,3,4
3591,4,0,196.52,4168182.64,37847.92,1,0,1
3592,5,1,463.58,1476306.68,93092.0,1,3,4
3593,0,1,97.76,293788.69,69696.38,1,0,4
3594,0,1,406.13,2833400.11,95874.91,1,3,2
3595,2,1,308.2,3943308.04,43556.57,0,2,2
3596,3,1,288.02,3627636.64,83111.31,0,1,2
3597,3,0,379.97,915123.93,12053.72,1,0,2
3598,0,0,144.24,3745657.18,74035.99,0,3,4
3599,3,1,120.81,2688531.41,9162.93,1,0,2
3600,0,0,255.02,2854546.77,17387.32,0,0,2
3601,2,1,126.75,1352040.05,67402.42,1,0,3
3602,0,0,301.73,4845241.77,72382.16,0,0,3
3603,4,0,155.96,2733580.29,17610.73,0,1,1
3604,1,0,135.67,4323767.25,65913.11,0,0,1
3605,4,0,354.94,4178577.72,13964.78,0,0,2
3606,4,0,365.77,2266053.08,78108.34,0,2,1
3607,2,0,159.77,320282.94,6144.79,0,0,4
3608,1,1,82.79,760496.99,18413.51,1,2,4
3609,0,1,13.57,1520482.62,40356.64,1,0,2
3610,4,0,124.61,4144091.49,32876.52,1,1,4
3611,1,0,394.99,4793893.28,9742.15,1,1,3
3612,1,0,235.05,1738263.31,27126.83,0,1,1
3613,4,0,481.93,4359908.33,51526.64,0,3,2
3614,4,1,51.16,4936179.01,50343.67,0,2,1
3615,4,1,474.29,235858.66,39986.39,1,3,3
3616,1,0,274.16,4072590.68,29911.33,1,1,3
3617,0,0,40.05,4207579.71,62996.34,0,0,2
3618,3,0,382.61,4459627.76,28288.94,1,2,3
3619,1,0,126.79,2474292.13,22253.84,0,1,2
3620,4,0,471.05,2745954.92,36499.32,0,3,1
3621,4,1,367.45,3324942.64,53878.91,0,3,1
3622,1,0,34.5,1766364.23,69474.95,1,0,3
3623,3,1,448.39,3025277.42,20728.44,0,2,3
3624,0,0,153.94,1717382.6,42929.92,0,2,1
3625,4,0,460.83,1842250.22,87549.76,1,3,2
3626,3,1,58.83,4038720.72,54421.36,0,2,4
3627,0,1,475.54,2132621.99,91797.88,0,0,4
3628,5,1,288.16,1914742.0,90146.28,0,2,4
3629,1,1,100.77,2077295.98,59159.59,0,1,3
3630,2,1,405.52,3579678.54,15449.83,1,0,1
3631,3,1,115.14,1577589.78,76663.52,1,2,2
3632,4,0,101.45,4907104.26,53407.59,1,2,4
3633,1,0,212.91,4185630.17,24279.3,1,3,4
3634,5,0,162.41,1541166.43,11372.87,0,2,2
3635,3,1,183.01,2728502.06,12691.63,0,2,4
3636,3,0,87.42,2613743.87,85834.47,1,3,3
3637,2,1,221.11,4217564.5,56170.73,0,0,1
3638,5,1,330.7,4462174.87,29280.41,0,1,4
3639,3,0,131.82,2301830.24,6277.33,1,3,2
3640,5,1,308.81,1034081.24,15453.78,0,3,4
3641,1,1,190.82,860741.26,56911.98,1,0,1
3642,1,0,60.15,4146386.2,41785.11,1,0,3
3643,2,1,160.4,306224.22,18665.32,1,2,4
3644,0,0,27.32,2422337.78,50958.8,1,0,2
3645,1,1,93.18,2104907.08,78302.39,0,2,4
3646,1,0,477.48,1235958.28,21296.57,1,1,1
3647,5,1,361.16,4038965.03,37386.55,0,2,1
3648,0,1,23.57,3734766.53,20168.56,1,0,1
3649,1,1,401.69,3031586.57,91513.04,0,1,2
3650,1,0,103.97,238476.04,78023.29,0,3,4
3651,4,1,226.65,4109006.54,5691.94,0,1,4
3652,1,1,314.64,239244.85,11619.08,1,3,3
3653,4,0,104.64,960038.82,61656.68,0,0,4
3654,5,1,197.84,3674577.38,39228.99,1,3,3
3655,2,1,233.82,795647.63,31346.7,0,3,1
3656,2,1,353.62,3204682.54,60324.62,1,0,3
3657,3,1,458.38,1824253.23,58155.34,1,1,3
3658,4,0,199.97,3611622.26,78107.6,0,0,1
3659,5,1,496.63,2651874.24,53287.27,1,0,4
3660,1,1,211.17,488295.95,93296.09,0,1,3
3661,2,0,295.23,357780.39,90312.31,0,3,3
3662,0,0,161.63,2752622.03,50597.93,1,3,1
3663,4,1,153.41,1639117.97,75713.7,0,0,1
3664,0,0,467.19,2884506.84,53576.17,1,3,4
3665,3,1,359.83,2003673.07,66279.81,0,3,4
3666,2,1,292.42,2092142.2,90736.55,1,2,1
3667,5,0,57.13,920673.1,68860.56,1,0,4
3668,4,0,283.63,4763668.29,47786.54,1,1,4
3669,0,0,426.47,2020108.53,94028.94,0,2,4
3670,4,1,475.98,3864060.04,99824.8,1,3,1
3671,2,1,112.32,808654.89,88612.31,0,2,2
3672,5,0,373.91,311079.6,9194.34,0,0,2
3673,3,0,343.52,3117823.57,53551.83,0,0,2
3674,4,1,393.23,1002934.86,84593.07,0,0,3
3675,3,1,112.27,4606091.9,17224.38,1,3,2
3676,2,0,471.19,254084.99,95585.45,1,0,2
3677,0,1,249.14,161959.32,46514.08,1,0,3
3678,3,0,181.68,3899223.73,54680.68,1,1,1
3679,0,1,92.59,3166405.61,27487.42,0,1,4
3680,1,1,138.25,4660834.28,46713.32,0,3,4
3681,3,1,300.28,4359737.56,21563.43,1,2,2
3682,1,0,266.67,717134.44,62056.23,0,2,1
3683,5,1,10.44,2050709.94,58890.07,0,3,2
3684,1,0,450.0,4888571.95,64105.96,1,1,4
3685,3,0,466.42,4954764.07,86814.03,0,0,3
3686,3,0,201.59,809116.55,29278.9,0,3,3
3687,0,1,299.35,1494198.29,11728.63,1,3,1
3688,3,1,431.84,167683.31,64153.34,1,2,3
3689,1,1,143.72,1087623.48,9515.11,1,2,4
3690,3,0,312.01,2924365.44,46833.67,1,2,4
3691,5,0,333.79,3398477.35,57785.56,0,2,3
3692,0,1,11.44,2143174.23,76874.01,0,3,2
3693,1,0,159.01,4069461.69,99671.82,0,1,4
3694,5,0,379.95,3079169.74,41865.62,0,2,1
3695,1,1,147.28,3638245.8,96702.37,0,2,1
3696,5,1,283.5,1361872.82,21602.18,1,2,1
3697,2,1,49.99,205464.27,72360.79,1,3,3
3698,5,0,35.95,1612409.45,27576.39,1,3,4
3699,3,1,181.72,1198213.05,41712.33,1,2,4
3700,3,0,99.4,4199062.28,18946.66,1,3,3
3701,5,0,225.61,933150.37,9928.09,1,1,1
3702,0,0,427.57,1424802.54,13580.83,1,3,4
3703,2,1,442.71,4561565.5,38506.23,0,3,2
3704,5,1,111.02,2756284.15,8950.49,0,3,1
3705,0,1,123.47,3426107.55,51741.28,1,1,4
3706,3,0,274.33,3557935.95,18616.98,1,0,2
3707,3,0,175.73,3720294.01,62724.86,0,2,2
3708,1,1,326.78,738735.07,11403.38,0,2,4
3709,0,1,194.65,2690131.14,86457.74,0,1,1
3710,4,1,74.64,3206617.4,23626.43,1,1,4
3711,1,0,4.49,3480629.39,42641.07,0,0,1
3712,3,0,351.63,4640729.56,36377.29,0,3,1
3713,3,1,208.14,2164206.57,57121.1,0,2,1
3714,4,0,390.79,3820901.97,12875.55,0,2,4
3715,5,1,300.46,2457323.4,37693.64,0,3,3
3716,5,0,250.0,371964.33,8005.99,1,2,2
3717,5,1,380.4,4877844.7,54427.74,0,2,2
3718,4,1,19.53,3391525.13,31417.57,0,1,3
3719,1,0,73.52,2981141.93,92507.75,1,3,2
3720,4,1,75.54,4741121.61,80067.41,1,3,4
3721,1,1,380.08,4913690.84,3816.04,0,1,2
3722,0,1,445.71,2497422.61,41609.9,0,2,2
3723,5,1,294.56,3944027.19,19238.66,0,3,2
3724,4,1,411.04,1378315.05,84499.82,0,2,4
3725,3,1,247.62,2336739.8,86780.26,1,0,1
3726,4,0,325.06,4568775.46,56004.31,1,2,1
3727,4,0,452.34,3572478.4,87100.36,0,0,2
3728,5,1,292.61,2930186.73,75647.35,0,2,2
3729,2,0,460.58,2828848.26,44200.72,0,0,1
3730,4,1,79.77,2505097.77,83611.85,1,1,4
3731,0,1,121.5,4767357.72,63871.61,1,0,1
3732,4,1,305.04,4424438.12,70099.15,1,1,4
3733,1,1,93.18,136105.58,76170.81,0,1,3
3734,2,0,375.98,4904330.8,46051.33,0,2,1
3735,2,1,289.24,4665107.62,92802.96,1,1,1
3736,0,0,348.94,4198996.33,19041.41,0,2,4
3737,0,1,223.63,214569.65,94292.2,1,1,3
3738,2,1,204.7,3515436.93,78414.31,1,2,3
3739,3,0,275.08,3817220.85,32228.71,1,2,2
3740,2,0,144.76,2151290.55,15483.67,1,0,1
3741,2,1,483.95,2808603.9,54503.98,0,1,4
3742,0,0,417.59,4827080.69,19624.41,0,3,1
3743,2,0,113.87,3243829.58,9231.96,1,3,4
3744,4,0,477.62,2796546.4,38434.39,0,1,1
3745,3,1,209.39,1205127.71,82967.33,1,3,3
3746,2,0,272.41,437549.97,96421.52,1,0,1
3747,5,0,297.34,1758183.49,25786.87,1,0,4
3748,1,1,219.46,4454287.92,22504.51,1,0,2
3749,4,1,479.58,3738772.89,38663.41,0,3,4
3750,0,1,250.4,4297061.61,6194.58,1,0,4
3751,0,1,42.73,2039902.11,1930.21,0,3,1
3752,5,0,225.28,2772097.0,89589.56,0,1,4
3753,3,1,317.75,743753.73,65008.97,1,2,2
3754,1,0,460.45,598014.48,69620.17,1,1,2
3755,3,1,382.61,2268583.69,37646.22,0,3,1
3756,1,0,217.8,4049270.54,89931.89,1,1,1
3757,4,1,300.35,3845403.88,86809.36,0,1,2
3758,3,0,52.57,2215542.5,56086.65,0,0,2
3759,3,1,227.94,3299143.98,23820.72,0,1,4
3760,5,1,162.74,846457.74,19900.82,0,3,2
3761,4,1,432.69,4493553.96,9344.25,0,1,3
3762,1,0,58.79,4535684.61,96644.18,0,1,1
3763,5,1,409.3,1268846.67,76135.3,1,3,2
3764,3,0,275.71,77504.91,64816.44,0,0,1
3765,2,1,349.16,3644603.34,73322.91,1,3,1
3766,5,1,472.63,1910587.41,45307.64,0,2,2
3767,1,0,41.3,1823704.21,29024.05,0,0,4
3768,2,0,181.97,1927098.68,86165.48,1,3,2
3769,3,1,206.14,631120.03,75288.43,1,3,3
3770,0,0,456.4,740154.65,53968.31,0,3,4
3771,0,1,23.25,691123.41,34974.7,0,0,3
3772,0,1,15.29,287594.93,2661.56,0,3,3
3773,4,1,353.82,730775.53,7726.3,1,3,3
3774,3,1,377.48,3410748.58,75950.8,0,3,4
3775,4,0,247.16,4615087.74,89071.46,1,0,2
3776,4,1,456.98,2461185.58,51367.09,1,2,2
3777,2,1,267.77,4036351.08,94603.33,1,3,1
3778,5,0,161.72,1428790.18,66051.82,0,3,4
3779,3,0,331.28,4403511.16,87001.68,0,2,4
3780,4,1,277.28,345192.0,1900.48,1,3,3
3781,3,0,220.15,3151603.09,50642.47,0,2,2
3782,1,0,66.71,3887735.33,58141.51,0,0,1
3783,5,1,305.82,3908653.45,29613.9,1,3,1
3784,4,1,111.25,3319720.51,89761.9,1,1,2
3785,3,0,460.63,4051187.83,22977.44,0,3,4
3786,3,1,388.99,4055301.35,20959.74,0,2,2
3787,4,1,350.06,82046.75,58548.3,1,1,4
3788,3,0,131.92,440188.36,87140.58,0,3,3
3789,4,1,468.91,4882986.51,99489.47,0,0,1
3790,5,0,315.19,1095409.63,91926.18,1,0,4
3791,0,0,125.7,1927231.84,86829.26,0,3,3
3792,2,1,179.95,1158165.33,52000.94,1,2,4
3793,5,0,273.95,3504156.87,87222.19,1,2,4
3794,4,0,321.56,829796.58,25413.9,1,3,1
3795,2,0,332.06,3113929.29,61781.84,1,0,1
3796,4,1,480.62,4394246.23,66280.73,0,3,3
3797,3,0,319.86,4800297.13,55844.6,0,1,4
3798,5,0,52.06,4268310.39,4245.56,0,0,2
3799,1,1,270.35,3167263.61,20021.95,1,2,3
3800,5,1,326.21,2672092.51,40540.06,0,3,1
3801,5,0,322.39,3257490.71,50444.63,0,2,2
3802,4,1,246.06,1060382.83,72951.36,1,2,2
3803,1,0,159.47,1014382.09,24107.61,1,3,1
3804,2,1,396.05,96949.03,67291.89,0,3,3
3805,1,1,5.95,4356544.93,84343.4,1,2,4
3806,3,0,197.66,2503874.8,57974.79,1,0,4
3807,2,0,203.27,432005.37,97405.1,0,2,2
3808,4,0,133.22,2975204.47,60735.3,0,3,1
3809,2,0,154.17,1878291.26,96452.67,1,2,1
3810,0,1,441.66,1665042.83,37829.99,0,0,1
3811,5,0,279.22,1962465.12,19604.53,1,0,4
3812,5,0,50.86,2308381.66,66509.11,1,2,3
3813,0,1,116.6,4007723.96,84666.84,1,2,1
3814,3,1,201.39,4917136.76,17112.26,1,2,2
3815,5,1,44.96,1749003.56,7953.21,1,3,2
3816,3,1,128.9,4810941.67,2866.83,0,3,3
3817,4,0,66.49,2374575.52,82584.8,1,0,2
3818,3,1,391.23,3473508.48,34251.61,1,2,3
3819,5,1,116.9,3809773.7,73912.94,1,1,4
3820,2,1,181.35,1969442.38,67289.47,1,0,2
3821,2,0,13.3,2116156.47,95888.34,1,1,4
3822,5,1,234.17,284811.2,10302.12,0,2,4
3823,5,0,132.28,3703198.68,29201.42,1,1,4
3824,3,1,227.72,658704.79,23257.29,1,2,2
3825,1,1,246.27,3531193.15,91961.25,1,0,1
3826,0,0,335.38,222103.25,63590.54,0,2,4
3827,5,1,171.58,375262.43,13309.18,1,2,2
3828,3,0,28.71,3673348.75,95219.6,0,1,4
3829,4,1,420.98,2074438.87,26693.44,0,3,2
3830,0,0,421.09,1086635.25,57927.91,0,1,2
3831,1,1,297.41,4744026.48,65262.03,0,1,4
3832,1,0,160.55,4819434.62,48503.18,1,0,2
3833,1,1,388.86,1731843.26,70521.53,0,2,4
3834,2,1,394.29,2135218.62,2398.41,1,3,3
3835,3,1,364.01,3893926.79,48378.29,0,1,2
3836,3,1,316.19,1428312.35,53178.11,1,0,1
3837,2,0,106.24,1105032.4,88420.95,0,2,1
3838,5,1,499.48,3562429.34,11871.55,1,2,2
3839,1,1,157.6,4567301.15,92040.9,0,1,4
3840,1,1,140.47,3598987.89,7689.82,0,3,1
3841,3,0,492.88,4831623.12,92483.34,0,0,4
3842,4,1,498.85,177860.44,24003.74,0,0,3
3843,1,1,12.68,2386375.54,76422.78,0,1,4
3844,2,0,490.19,1768341.67,93305.47,0,3,2
3845,0,0,493.77,3847927.14,12341.34,1,0,2
3846,3,1,436.88,3851100.86,13260.72,0,2,2
3847,5,1,163.9,1000100.17,24907.22,0,3,3
3848,4,0,115.43,2822521.64,98776.28,1,1,3
3849,1,0,147.11,4308685.8,98840.16,1,0,3
3850,3,1,475.97,1201074.13,98032.87,1,0,4
3851,5,0,372.69,2758711.07,98831.59,0,0,2
3852,4,1,382.92,704443.7,66154.26,0,1,1
3853,5,1,71.52,3445283.69,76501.36,0,2,4
3854,2,1,153.95,2558317.38,64160.96,0,1,4
3855,3,0,101.11,3151353.7,3902.97,0,2,3
3856,0,0,321.72,4518130.68,15050.29,1,0,4
3857,5,1,89.88,2898102.23,92679.61,1,3,1
3858,0,1,73.12,910719.52,91687.35,0,1,4
3859,0,0,323.62,1774731.48,94520.03,0,2,2
3860,3,1,321.51,470861.96,7368.82,1,3,1
3861,3,1,473.01,456131.1,68600.52,1,2,2
3862,5,0,445.44,1598463.25,91068.55,0,0,3
3863,3,1,238.2,1719827.0,98436.57,1,0,1
3864,5,0,29.12,2309806.8,48005.82,1,1,2
3865,1,0,150.69,2996039.99,42545.43,0,1,1
3866,0,0,105.85,1082096.46,45164.66,1,3,4
3867,4,0,140.58,4372140.56,55359.33,1,3,2
3868,4,0,31.11,4248870.43,28896.1,0,0,1
3869,2,1,352.83,2074505.27,13053.46,0,1,1
3870,2,1,134.45,4869135.09,63345.39,1,0,4
3871,5,1,316.71,4776868.87,27460.24,0,2,1
3872,2,0,304.51,4051545.88,87874.03,1,0,2
3873,0,1,224.18,184171.96,71966.98,1,2,2
3874,5,1,121.37,325967.88,4403.26,0,1,2
3875,0,1,354.79,4045105.45,53174.52,0,0,4
3876,0,0,330.73,4415215.07,91070.87,1,0,2
3877,0,0,116.26,3481839.09,68227.76,0,2,4
3878,4,0,386.16,604805.44,21811.58,0,0,1
3879,5,1,423.56,3053658.17,90304.34,1,0,2
3880,4,1,330.4,4918676.05,27306.37,0,1,1
3881,3,0,89.05,3420662.66,73116.79,0,0,3
3882,2,1,390.0,138368.52,79988.61,0,2,3
3883,0,0,175.96,1769547.19,76409.4,0,1,4
3884,2,0,28.39,4012994.99,78911.97,0,2,3
3885,2,1,484.11,4754844.28,7073.79,0,3,2
3886,2,0,170.8,1046555.14,73607.6,0,1,1
3887,2,0,393.83,4201699.76,77160.67,0,1,4
3888,5,1,317.01,3602432.5,54053.84,0,3,1
3889,1,1,78.44,3323973.62,95095.05,0,1,3
3890,2,1,180.93,1993367.87,50587.0,0,0,4
3891,2,0,244.92,4244360.14,66293.06,1,0,4
3892,1,1,152.05,4643856.27,48076.6,1,1,3
3893,4,1,98.6,2486716.72,91508.94,0,2,1
3894,0,1,110.21,3847517.26,49517.58,0,1,1
3895,0,0,86.67,2669384.81,56863.46,0,0,2
3896,5,1,129.57,4282475.18,48534.47,1,1,4
3897,2,1,185.74,925089.63,48095.53,1,0,3
3898,5,0,438.77,1780305.07,10539.02,0,3,1
3899,4,1,466.47,2645188.5,4930.95,0,0,3
3900,2,1,268.66,3898358.82,56582.84,0,2,3
3901,4,1,207.8,290891.47,75526.15,1,2,3
3902,1,0,416.97,1907473.82,46807.51,1,3,4
3903,4,0,108.25,4305143.84,59328.32,1,2,1
3904,2,1,68.43,4990539.64,74336.06,1,3,1
3905,0,0,77.76,2770658.13,46039.94,1,2,3
3906,1,0,191.1,796056.52,40202.02,1,3,1
3907,4,1,307.69,3878766.83,1799.85,0,1,3
3908,2,0,127.23,2502309.32,19302.65,0,2,1
3909,0,0,461.76,4627235.05,35822.56,1,3,2
3910,1,0,229.68,2146058.26,59725.68,1,0,2
3911,4,0,228.36,517404.36,13819.39,0,0,3
3912,1,0,469.59,4165492.63,2795.37,0,2,2
3913,1,0,117.32,4317755.84,23906.24,0,2,3
3914,3,1,425.33,1031180.12,73946.93,0,1,3
3915,5,1,27.94,1014992.29,11512.59,0,2,3
3916,5,0,44.08,1181473.59,7625.35,0,0,3
3917,1,0,139.6,1165743.69,28894.03,1,0,2
3918,3,1,163.39,4054187.71,2154.87,0,2,1
3919,2,1,353.26,476549.84,8017.49,0,1,2
3920,4,0,261.07,1459704.97,4089.65,0,0,2
3921,1,1,234.5,1531328.45,17345.79,0,2,4
3922,0,1,165.02,1857724.08,2912.85,1,2,2
3923,2,1,467.93,3037990.04,81410.84,0,0,4
3924,0,0,108.36,1106925.46,8368.21,1,0,1
3925,5,0,447.53,3970027.64,92926.87,0,1,4
3926,4,0,402.52,3702185.93,36171.12,0,1,3
3927,2,1,483.95,3914092.97,5125.37,0,3,3
3928,1,1,478.41,1119433.33,19945.09,0,3,1
3929,3,0,156.51,1389518.13,35518.86,1,2,1
3930,3,0,188.32,2272475.74,24633.19,0,0,1
3931,2,0,387.93,3349768.01,3183.8,0,1,3
3932,0,1,365.1,1315690.51,10284.55,0,1,3
3933,2,1,381.02,1927500.08,33940.52,1,2,1
3934,5,0,195.16,3605692.25,38227.73,0,0,4
3935,0,1,268.09,2294173.83,80183.56,1,2,2
3936,1,0,202.53,3828780.97,31130.77,1,3,1
3937,3,0,468.29,3195975.81,69853.48,1,0,2
3938,1,0,179.27,3007137.97,49611.5,1,0,4
3939,0,1,285.62,4752859.26,60760.11,0,3,4
3940,1,1,273.79,4442711.76,21563.51,0,1,3
3941,5,1,127.04,4308620.07,92374.2,0,0,1
3942,1,1,277.32,3084185.6,52470.01,1,3,3
3943,4,1,337.08,4758347.17,67688.53,0,3,2
3944,2,0,464.15,4788088.73,17611.29,1,3,4
3945,5,1,145.62,4363797.28,26318.07,0,3,2
3946,0,0,315.19,68559.66,62279.12,0,0,2
3947,3,1,351.67,2475931.86,16381.48,0,1,1
3948,4,0,188.94,2273016.31,44408.19,1,3,3
3949,3,1,474.88,2363874.82,78382.37,0,0,4
3950,4,0,306.35,3503769.07,61703.49,1,1,2
3951,4,0,274.87,1313635.53,51448.12,1,0,3
3952,1,1,439.42,2689604.5,71945.02,1,0,1
3953,5,0,69.45,4972487.75,30325.37,1,1,3
3954,1,1,254.18,2603041.55,51305.99,0,3,2
3955,1,0,28.49,2322038.99,47651.74,1,3,1
3956,1,1,26.79,2445307.04,39763.79,0,0,4
3957,5,1,261.27,2524171.2,67268.58,1,1,2
3958,1,0,252.55,1304941.57,81103.02,1,2,3
3959,0,0,94.62,3038424.22,5968.13,0,3,4
3960,4,1,117.89,2395144.72,61731.82,0,2,2
3961,4,0,218.53,1424791.66,23494.3,0,2,4
3962,1,1,85.62,3012322.13,71710.57,0,2,4
3963,0,1,471.96,4001110.16,1738.81,1,1,2
3964,5,0,175.0,3405648.77,24567.18,1,2,1
3965,1,1,257.28,3764276.44,55762.36,0,3,3
3966,3,0,127.94,2181806.89,75460.47,0,3,2
3967,3,1,390.17,677313.67,13015.73,1,3,2
3968,2,0,407.06,3984180.93,14195.72,0,3,1
3969,4,0,121.56,633624.37,62410.37,0,3,1
3970,5,1,477.42,51411.93,40914.93,1,1,4
3971,3,1,79.64,3608911.48,87137.79,0,0,3
3972,3,0,430.36,3564350.98,33525.41,0,1,1
3973,5,1,131.54,1039998.98,80197.81,1,2,1
3974,4,1,60.02,2628158.7,2169.28,0,2,2
3975,1,0,280.79,1987754.35,77719.21,1,2,4
3976,1,1,282.05,1074121.07,15986.67,1,3,3
3977,4,0,286.34,770930.5,60348.25,1,0,3
3978,0,1,159.34,741761.79,75177.35,1,3,4
3979,4,1,240.34,178970.36,63116.51,0,2,4
3980,3,0,123.38,3954035.05,9012.35,0,3,4
3981,2,0,31.63,2192561.14,9674.38,0,1,4
3982,0,1,364.83,3839626.41,54051.52,0,2,3
3983,4,1,155.38,4289049.29,79002.99,0,2,2
3984,4,0,418.61,3473953.16,63303.16,0,3,1
3985,1,1,401.03,4871262.36,51900.2,0,1,1
3986,2,1,159.95,4289817.27,88865.97,1,0,3
3987,3,1,127.37,1373715.83,99727.7,1,2,3
3988,1,1,79.47,3017344.36,28504.15,0,1,2
3989,3,1,128.13,2517825.49,93197.19,0,3,1
3990,0,1,1.81,1361288.31,75628.76,1,2,3
3991,0,0,100.35,4934809.43,10104.95,1,2,3
3992,3,0,370.5,3456523.67,69110.26,1,3,3
3993,1,0,389.81,287417.81,57014.58,1,1,3
3994,3,1,77.5,295297.69,55482.0,1,2,3
3995,0,1,68.24,2342347.78,64214.57,1,1,2
3996,4,0,124.83,927539.68,34506.22,1,1,4
